{
"type": "FeatureCollection",
"name": "aoi",
"crs": { "type": "name", "properties": { "name": "urn:ogc:def:crs:OGC:1.3:CRS84" } },
"features": [
{"type":"Feature","properties":{},"geometry":{"type":"Polygon","coordinates":[[[-122.001074347427647,47.692921085710189],[-122.001350495069616,47.693065647435425],[-122.001634966718214,47.693202655020336],[-122.001815290098435,47.693308961704858],[-122.002004477603464,47.693407997767515],[-122.002258313810074,47.693570136024171],[-122.002521530563371,47.693725307297946],[-122.002903321850141,47.693973695735217],[-122.003718519117726,47.694559435758123],[-122.004443708329347,47.695196848243697],[-122.005071743064022,47.695879654792499],[-122.005392662582508,47.696270604049595],[-122.005929311277171,47.697010870799403],[-122.006351732083431,47.697784129085292],[-122.006655544362445,47.698582369422844],[-122.006779031290705,47.698992373600547],[-122.006825122318588,47.699202948370491],[-122.006838878611731,47.699244309522236],[-122.006862589732037,47.699374123455122],[-122.006927135387954,47.699669006680786],[-122.007730113073904,47.700251310289929],[-122.007978068060908,47.70045041172407],[-122.008069063205681,47.700531217585777],[-122.008168560293711,47.700607319879552],[-122.008425088468712,47.700847373443693],[-122.008690447121268,47.70108301278097],[-122.008769273403217,47.701169449982764],[-122.008857243667279,47.701251768761594],[-122.009077687243447,47.701507638880642],[-122.00930755952318,47.701759700251912],[-122.009373457519715,47.701850936561947],[-122.009449053513009,47.701938679255527],[-122.009631288566439,47.702207902338301],[-122.009823459726334,47.702473958815517],[-122.009875794408146,47.702569115761172],[-122.009938287737768,47.702661437543497],[-122.010080557996446,47.702941421329683],[-122.010233176056985,47.70321891112998],[-122.010271442918821,47.703317072451028],[-122.010320231274576,47.703413084369451],[-122.010421165079975,47.703701132875167],[-122.010532758713495,47.703987384013338],[-122.010556588651852,47.704087604480428],[-122.01059120162472,47.704186382010434],[-122.010649825199835,47.704479721476311],[-122.010719317959015,47.704771977482309],[-122.010728480848826,47.704873291995604],[-122.010748584482286,47.704973883939708],[-122.010764331376251,47.705269689532344],[-122.010791052127686,47.705565135986163],[-122.010785459062674,47.705666568866825],[-122.010790859092566,47.705768006511775],[-122.010787331978335,47.705948772991441],[-122.010783927618604,47.706123315188258],[-122.010729219609928,47.706796439692035],[-122.010718092345982,47.706850485988809],[-122.010956619803068,47.707027985565503],[-122.011285238608153,47.707294347583428],[-122.011363969503506,47.707365863785299],[-122.011464480129291,47.707443244457799],[-122.011875779928801,47.707830767184092],[-122.012076781324922,47.708013344087931],[-122.012108551106962,47.708050078773326],[-122.012150098788865,47.708089223790793],[-122.012738624032565,47.708777448631274],[-122.013387665784933,47.709630548328299],[-122.013710138746717,47.710140222807425],[-122.013723442918078,47.710157468413733],[-122.01376120747959,47.710220936898459],[-122.014054309460278,47.710684179130382],[-122.014159541674516,47.710889656611961],[-122.014193759130549,47.710947865863638],[-122.014418694987441,47.711137595060777],[-122.014667621581935,47.711370085314343],[-122.014925866736476,47.711597899188263],[-122.015012258872872,47.711691962312557],[-122.015108301567949,47.711781661337675],[-122.015322271311078,47.712029498278426],[-122.01554619371305,47.712273297748453],[-122.015618511261493,47.712372622671651],[-122.015701066742665,47.712468242870756],[-122.015878018089268,47.712729040254715],[-122.016065460330466,47.712986477943886],[-122.016123006405209,47.71309010831299],[-122.016191279224401,47.713190729012439],[-122.01632950682864,47.713461975708952],[-122.016338679138698,47.713478493138631],[-122.016596904131106,47.713901016862224],[-122.016955988347846,47.714729599972415],[-122.01718233004236,47.715579273477132],[-122.017185141721839,47.715605874110466],[-122.01770409522733,47.716055403069589],[-122.018343825762813,47.716741382129406],[-122.018638119557636,47.717140639040927],[-122.018701660505428,47.717217511508487],[-122.018812869715219,47.717369089352857],[-122.018936566768318,47.717516194573911],[-122.019073954463991,47.71772494329187],[-122.01922413838561,47.717929638900316],[-122.019312798955639,47.718087842510826],[-122.019414536892128,47.718242420995253],[-122.019520946568065,47.718459251694938],[-122.019640679482507,47.718672895155422],[-122.019705936746064,47.718836201202045],[-122.019784734984697,47.718996764531511],[-122.0198591406688,47.719219589327572],[-122.019947268306723,47.719440123443121],[-122.019988492850501,47.719606959397844],[-122.020043591592412,47.719771961459642],[-122.020085275369908,47.719998634656328],[-122.020140947675841,47.720223935785761],[-122.020157741437984,47.720392695059587],[-122.020188609019854,47.72056054692861],[-122.020197167998631,47.720788885675283],[-122.020219847368992,47.721016784176314],[-122.020216355929449,47.721092459286176],[-122.020240116646235,47.721180891354955],[-122.020342982546495,47.721554720247894],[-122.020471189543443,47.722194029498191],[-122.020576065707004,47.723084026880478],[-122.020591808381923,47.723523066907546],[-122.020591808158983,47.723523072948772],[-122.020591808814657,47.723523078975667],[-122.02062687887026,47.724501170592035],[-122.020632287332475,47.724652000267525],[-122.020614104881588,47.725334513728157],[-122.020580304054789,47.725713296384058],[-122.020502711981464,47.726266061400281],[-122.020481587627671,47.726376175925452],[-122.020481081536786,47.726380476828986],[-122.020412556114607,47.72696285482327],[-122.020297132750017,47.727611140004932],[-122.020104664244542,47.728251042405219],[-122.019977104252149,47.728601898170531],[-122.019877314084198,47.728879871359183],[-122.019769636146648,47.72915811999443],[-122.019642963029597,47.729463180986698],[-122.019642959935013,47.729463187240064],[-122.019642957763793,47.729463193667961],[-122.01932940063169,47.730218297730566],[-122.019329396723109,47.730218305628547],[-122.01932939398074,47.730218313746974],[-122.019305744342716,47.730275265094313],[-122.019194644766102,47.73057996205354],[-122.019085467064514,47.730857999335925],[-122.01896048934465,47.731154866805156],[-122.018745623085181,47.731568033880791],[-122.018741276942023,47.731578461610688],[-122.018730668735188,47.731596789388796],[-122.018478429912406,47.732081810685557],[-122.018342413226236,47.732267567967611],[-122.018312840151751,47.732318659797293],[-122.018038950059875,47.732682000610147],[-122.017833520125549,47.732962547275271],[-122.017779045864827,47.73302680213353],[-122.017778973234599,47.733026878810747],[-122.017778912091742,47.733026959920579],[-122.017765220910931,47.733043108417974],[-122.017794541814794,47.733086004792852],[-122.017867865831619,47.733204769494634],[-122.017939730315717,47.733329838353967],[-122.018003951989357,47.733450413874678],[-122.018068551164802,47.733582260906488],[-122.018119403611578,47.733695769768794],[-122.01818486460769,47.73386051256395],[-122.018291979952735,47.734168710835185],[-122.018333417564449,47.734303261956207],[-122.01846831254656,47.734805099173066],[-122.018886391730874,47.736360379902564],[-122.018921983184924,47.736519742609666],[-122.018942960665399,47.736637422088748],[-122.018970861642103,47.736908531315564],[-122.018976295250496,47.737101941899382],[-122.018964892324945,47.737363020400828],[-122.018953016167757,47.737465709171971],[-122.018921158223876,47.737654859971748],[-122.018898585371403,47.7377567112378],[-122.018849342367631,47.737936858623669],[-122.018816579082028,47.738037444866542],[-122.018748095392567,47.738217780476504],[-122.018705137934916,47.738316588990891],[-122.018617043082386,47.738495762300182],[-122.018563871284314,47.738592450535663],[-122.018464204665037,47.738756877106688],[-122.01840182867366,47.738850831335711],[-122.018227972907226,47.73908220421572],[-122.018095887973331,47.739238833266434],[-122.017874822319698,47.739472234437955],[-122.017763912837879,47.739577058959256],[-122.017690868151732,47.739643897099512],[-122.01721964549526,47.74006147096415],[-122.01675292793314,47.740475044975959],[-122.016744570194717,47.740485949876884],[-122.016713414526976,47.740540299721523],[-122.016694245181455,47.740573745196926],[-122.016524174394249,47.740896104553634],[-122.016426479503437,47.741081280698488],[-122.016373157413113,47.741176613343761],[-122.016200942646819,47.741467746673457],[-122.016117699299585,47.741598366014109],[-122.01598788480851,47.741788122777649],[-122.01585781401468,47.74196155138246],[-122.015700613435172,47.742153650735816],[-122.015538579724264,47.742334533263659],[-122.015334008347267,47.742543916450138],[-122.015192876032913,47.742679158976024],[-122.014673538163308,47.743145760279887],[-122.014641020745003,47.743174570791517],[-122.014282290710952,47.743488018871588],[-122.013809042776643,47.74392272397494],[-122.013775023240399,47.743953511040395],[-122.012774678519932,47.744845471965206],[-122.012481726193542,47.74511710422577],[-122.012426312738697,47.745168484182699],[-122.012297174042999,47.745304164704962],[-122.01206905974955,47.745519774298138],[-122.011810708772202,47.745719264438527],[-122.011524609099723,47.745900713733029],[-122.011213516070342,47.746062374531171],[-122.010880425834912,47.746202689763408],[-122.010528546496303,47.746320307943762],[-122.010161267203529,47.746414096192026],[-122.009782125498731,47.746483151149967],[-122.009394773231563,47.746526807685896],[-122.009002941370483,47.746544645303992],[-122.008610404050174,47.746536492196164],[-122.0082209422022,47.746502426897457],[-122.007838307120338,47.746442777529168],[-122.007466184311639,47.746358118636728],[-122.007108157983254,47.746249265653113],[-122.006767676506556,47.746117267041107],[-122.006448019192931,47.745963394190291],[-122.006152264701001,47.745789129166297],[-122.005883261380504,47.745596150430593],[-122.005643599838251,47.74538631666843],[-122.00543558799086,47.745161648881343],[-122.005261228844219,47.744924310916481],[-122.005122201213453,47.744676588620955],[-122.005019843568888,47.744420867822008],[-122.00495514116281,47.744159611345346],[-122.004928716560357,47.743895335293125],[-122.004940823665407,47.743630584810241],[-122.004991345297384,47.743367909572378],[-122.005079794342336,47.743109839231785],[-122.00520531846557,47.742858859057534],[-122.005366708340361,47.742617386004319],[-122.005562409311977,47.742387745440631],[-122.005754487768186,47.742185963467421],[-122.005885940895354,47.74205632614931],[-122.006009871567969,47.74194142945106],[-122.006324882949528,47.741649376385041],[-122.00636954110864,47.741608777341916],[-122.007375368723558,47.740712024383605],[-122.007860246135095,47.740266686179318],[-122.007918076224286,47.740214887092513],[-122.008289794603115,47.739890124290675],[-122.008719397580748,47.739504187934934],[-122.008770209011359,47.739452188087689],[-122.008781980487356,47.739437805657204],[-122.008807222650162,47.739400915268817],[-122.008912392760351,47.739223165027468],[-122.008984781333893,47.739085993040668],[-122.009173031132605,47.738729273268525],[-122.009210656279947,47.738660912853746],[-122.00924936564779,47.738593391956144],[-122.009331460605679,47.738450215722004],[-122.009419487981063,47.738308775988664],[-122.009485345755877,47.73821085099663],[-122.009574963796581,47.738086201360922],[-122.009656000127862,47.737980486586679],[-122.009714130691322,47.737904653645934],[-122.00976702097806,47.737841375773982],[-122.009743796015272,47.737847231756895],[-122.009743769818911,47.737847237390504],[-122.00974374456726,47.737847244728982],[-122.009371611522553,47.737941072875316],[-122.009215016981031,47.737974747718603],[-122.009062346299046,47.738015811283297],[-122.008654123376047,47.738095362858793],[-122.008249279189258,47.73818241891319],[-122.008088544447418,47.738205576041715],[-122.007930640942433,47.738236345784607],[-122.007512821920031,47.73828851863113],[-122.007097274968459,47.738348383250091],[-122.006933948649717,47.738360799546676],[-122.006772333659526,47.738380979017393],[-122.006348944119807,47.738405270455807],[-122.005926698109917,47.738437366875402],[-122.005762353845995,47.738438922708262],[-122.005598584509528,47.738448317490906],[-122.005173703787563,47.738444493474859],[-122.004748827044381,47.738448512473958],[-122.004585048293094,47.738439192851118],[-122.004420702527469,47.738437712439307],[-122.003998424353242,47.738405809813528],[-122.003575010568866,47.738381712695947],[-122.003458032500333,47.738367162195118],[-122.003554651303219,47.739019470561097],[-122.003554651828253,47.739019477568434],[-122.003554653368937,47.739019484507338],[-122.003578893641915,47.739183139747453],[-122.003637990298415,47.740052224917235],[-122.003633171871414,47.740463072536016],[-122.003632776282004,47.740490800528271],[-122.003628266183441,47.740759168994991],[-122.003584261490545,47.741366100431051],[-122.003472902239409,47.741969096742835],[-122.003440712213575,47.742102401908745],[-122.003216472534461,47.742822851324838],[-122.002896146399934,47.743526585690802],[-122.002482377978964,47.744207787591414],[-122.001978584260698,47.744860825657071],[-122.001875659450462,47.744980605121647],[-122.001256429045853,47.745628115193703],[-122.000548735658143,47.746232990855518],[-121.99975898646889,47.746789753320286],[-121.999099887078444,47.747173638450207],[-121.999160016159365,47.747644555180159],[-121.999205670252948,47.748371723496213],[-121.999208270005141,47.748413115700323],[-121.999208269361318,47.748413180001279],[-121.99920827806406,47.748413244035284],[-121.99924682285824,47.749027162222085],[-121.999334222880222,47.750113156361813],[-121.999340275249224,47.750907773527935],[-121.999230807852271,47.751698964303515],[-121.999006869763065,47.752479108726511],[-121.99867061276997,47.753240692888745],[-121.998225270839825,47.753976381325344],[-121.997675129141115,47.754679087697525],[-121.997025482918616,47.755342043086124],[-121.996282586609524,47.755958861236657],[-121.99545359368733,47.756523600125014],[-121.994546487809359,47.757030819248989],[-121.993570005929911,47.757475632090795],[-121.992533554119078,47.757853753243062],[-121.991447116899678,47.758161539741849],[-121.990321160978496,47.758396026206121],[-121.98916653430301,47.758554953443344],[-121.987994361421499,47.758636790243543],[-121.986815936160468,47.758640748150945],[-121.985642612660641,47.758566789069604],[-121.984485695827928,47.758415625629496],[-121.983356332262602,47.758188714309497],[-121.982265402724622,47.757888241384101],[-121.981223417177887,47.757517101830139],[-121.980240413430664,47.757078871398122],[-121.979325860353853,47.756577772119201],[-121.978488566613493,47.756018631581867],[-121.977736595799371,47.75540683637319],[-121.977077188768504,47.754748280135438],[-121.976516693951723,47.754049306740924],[-121.976060506292413,47.753316649135023],[-121.97571301540296,47.752557364438481],[-121.975477563433714,47.751778765936329],[-121.975356413054442,47.750988352610143],[-121.975265660092518,47.749854217974509],[-121.975258807928952,47.749757938303759],[-121.975217547851756,47.749095924769357],[-121.975214967106197,47.749054532143695],[-121.975191625618294,47.748680013424114],[-121.975094613417824,47.748176352393237],[-121.975071149578639,47.748060244224405],[-121.975071148546931,47.74806023618838],[-121.975071146352334,47.748060228259234],[-121.974996133233688,47.747689025387899],[-121.974906817006513,47.747070366131332],[-121.974875943510341,47.746715871918163],[-121.974873314509793,47.745797470976996],[-121.974900552792363,47.745462623842194],[-121.975028126848514,47.744648929837304],[-121.975080831700851,47.744422759849755],[-121.975368716351625,47.743523755921167],[-121.975538786508665,47.743108531193137],[-121.975781939943815,47.742584724298567],[-121.975818076387583,47.742515230798524],[-121.975818078882085,47.742515226663244],[-121.975818080763673,47.742515222382963],[-121.976120412135302,47.741933807259372],[-121.976285731709368,47.741492627564213],[-121.976295837603942,47.741470327453449],[-121.976302849226428,47.741447493403768],[-121.976361317458597,47.741295154768345],[-121.976580298580686,47.740706557462175],[-121.97662178620746,47.740598218046024],[-121.976840597736626,47.740042693076965],[-121.976894623035761,47.739928445387982],[-121.976936916344101,47.73981196921256],[-121.977105727557912,47.73942938667701],[-121.977105742042468,47.739429358912581],[-121.977105752423228,47.739429330324199],[-121.977218744138085,47.739173256850201],[-121.977269478967074,47.739058275529672],[-121.977757439024444,47.738153158912887],[-121.978401239783963,47.737293523345784],[-121.978572853350684,47.737094713083593],[-121.979154255866959,47.736485568993402],[-121.979257680504944,47.736387175454112],[-121.979350030524699,47.736304939538314],[-121.979539871275449,47.735566260441537],[-121.97966196049093,47.735197457211541],[-121.980007271527256,47.734365703065073],[-121.980264358992912,47.733853402248378],[-121.980294130729888,47.733783568624474],[-121.980562054094008,47.732970991651136],[-121.980667678620435,47.732587074667784],[-121.980803416289817,47.731957540161616],[-121.980998919981474,47.731264369443906],[-121.98111939068562,47.7309197543726],[-121.981254867234384,47.730532205585355],[-121.98176899146371,47.729424110367852],[-121.982024289297129,47.728986680261826],[-121.982551072981749,47.728207636272771],[-121.983196828444861,47.727470477825761],[-121.983519001494855,47.727143496938794],[-121.984170709697977,47.726543736227647],[-121.984901208090648,47.725986843294471],[-121.985267928887211,47.725731886220949],[-121.986028435619801,47.725247309825725],[-121.986848578062151,47.724809252626414],[-121.987722126192978,47.724421041503206],[-121.98864244485614,47.724085624709979],[-121.988885665108626,47.724006014312316],[-121.988885703541911,47.724006003269508],[-121.988885740186149,47.724005989738174],[-121.989069061496238,47.723945985908507],[-121.989404013195511,47.723840617735853],[-121.990314467559955,47.723565637460773],[-121.990573013657752,47.723497952973766],[-121.989803750888584,47.723428219348257],[-121.988749365727813,47.723266360138879],[-121.988452956789473,47.723211270713804],[-121.987262222763789,47.722944035186018],[-121.986119371785236,47.72259434462493],[-121.986036165104466,47.722561421270782],[-121.985941459631931,47.722528202684551],[-121.985744536036037,47.722469326973325],[-121.985419309707837,47.722345052905126],[-121.985087687137934,47.722228730778042],[-121.984907236977818,47.722149378846737],[-121.984719816676218,47.722077760563813],[-121.98441421352544,47.721932571921641],[-121.984101089791309,47.721794873819924],[-121.983933038211944,47.721703967633147],[-121.983756926616252,47.72162029678276],[-121.98330937258946,47.721384674282504],[-121.982461078234252,47.720893507273452],[-121.981684208734521,47.720351202486803],[-121.981304792003499,47.720060373759182],[-121.981304775676335,47.720060359931146],[-121.981304757419338,47.720060347249564],[-121.981100213336774,47.719903557847665],[-121.980407147154324,47.71932002998399],[-121.9797968278734,47.718695840079391],[-121.979274459375603,47.718036313422907],[-121.978697783358925,47.717219567808051],[-121.978273276394788,47.716616799945157],[-121.977911348405172,47.716039504752587],[-121.977905886620078,47.716031191117203],[-121.977904995990542,47.716029372176486],[-121.977867552298349,47.715969646602801],[-121.977546505179262,47.715301190345187],[-121.977536425970158,47.715276615633435],[-121.977305063911572,47.714712551083323],[-121.977064339615751,47.714003007446557],[-121.976919009105757,47.713281740890572],[-121.976858238805804,47.712828241804672],[-121.976810946958423,47.711972012615213],[-121.976897975141924,47.711117204235165],[-121.976928634691447,47.710947784387294],[-121.9769323963353,47.710901491445433],[-121.976932405205389,47.710901434019803],[-121.976932405694257,47.710901376283893],[-121.976936672727561,47.710848877295973],[-121.977046444293251,47.710113733129596],[-121.977255039593402,47.709388402489253],[-121.977560717896878,47.708678924166968],[-121.977960930485878,47.707991204736771],[-121.978452341994952,47.707330969400637],[-121.978674928496702,47.707063120091441],[-121.979285097423329,47.706404946900001],[-121.979373390233818,47.706327369037396],[-121.979105627927567,47.706121841978515],[-121.97868958569569,47.705772873494475],[-121.977958530699382,47.705089711282085],[-121.977863362321116,47.704990253364755],[-121.977431535209888,47.704668536465682],[-121.977184774294827,47.704472904263262],[-121.976387133684241,47.703765201159726],[-121.975709286318462,47.703002722135196],[-121.975159403595583,47.702194664923468],[-121.974894232669186,47.701740805880746],[-121.97451122204923,47.700975385744513],[-121.974243117947921,47.700188009888166],[-121.974139636587822,47.699637042153405],[-121.973882726514162,47.699705742036187],[-121.972999378354842,47.699890232657694],[-121.972002019846272,47.700070404526166],[-121.971966702151263,47.700076785008889],[-121.970976073456299,47.700225741739999],[-121.970865465524966,47.700235847085914],[-121.970851221365749,47.700237920403666],[-121.970795835940038,47.700242208517246],[-121.969970333524415,47.700317623933465],[-121.969707173452036,47.700326490607651],[-121.969681765489298,47.700328457514942],[-121.969633232028784,47.700328981812937],[-121.968956685864796,47.700351773514733],[-121.968053905520136,47.700356365000054],[-121.967364972725633,47.70035986486026],[-121.96726136672541,47.700356955951172],[-121.967157751346434,47.700359708390856],[-121.966712851129401,47.700356776794763],[-121.965963238721372,47.700335993847744],[-121.965372948693755,47.700307119471987],[-121.965321015577643,47.700304579235592],[-121.964345698922259,47.700229683407173],[-121.964204885905829,47.700210895426487],[-121.96420445517326,47.700210859940313],[-121.964203181380114,47.700210667998952],[-121.963382724287754,47.700101194776266],[-121.962683707087777,47.699967030364796],[-121.962476040827582,47.699935101692667],[-121.961219638523147,47.699692639704743],[-121.960009776777667,47.699359340751869],[-121.95958156420042,47.699222555635437],[-121.958343810456284,47.69876517620461],[-121.957959815461464,47.69860276376248],[-121.956901251052912,47.698099347634795],[-121.956659742086018,47.697970782569705],[-121.955823020383249,47.697481429986418],[-121.95509167215323,47.696966684180957],[-121.954969574188013,47.696942520202441],[-121.95456589469218,47.696850263509226],[-121.953614526378502,47.696601917780924],[-121.952989169103887,47.696395872649028],[-121.952879198808716,47.696402109496461],[-121.951264821374693,47.696450955640067],[-121.950822409783186,47.696466516272025],[-121.950713380690075,47.69647035148494],[-121.949848653712465,47.696468460566976],[-121.949645328021489,47.696468865122633],[-121.949631680930054,47.696467985084915],[-121.949387779738643,47.696467450101096],[-121.948324349669306,47.696425368989402],[-121.946844680727494,47.696304166836207],[-121.94629761827224,47.69623584160783],[-121.946130020450795,47.696214908200481],[-121.944931623311447,47.696021769560083],[-121.94438509013645,47.695913375978208],[-121.943762825806203,47.695777410711898],[-121.943579832645142,47.695733669886202],[-121.943411329067189,47.69569339389944],[-121.942598809780918,47.695476383985721],[-121.942173036255511,47.695350369072642],[-121.942137127729751,47.695340448511132],[-121.941809406265506,47.695236957099659],[-121.941476120839965,47.69514191010051],[-121.941276644250664,47.695068712913077],[-121.941070994108983,47.695003768444224],[-121.940759880526485,47.694879085842274],[-121.940442003740301,47.694762438739637],[-121.940254117729111,47.69467639211021],[-121.940058889664797,47.694598149863872],[-121.939767380961769,47.694453477310041],[-121.939467974957083,47.694316353941922],[-121.939293489369632,47.694218286863759],[-121.939110563974268,47.694127500657792],[-121.938841468054719,47.693964231947362],[-121.938563416802396,47.693807953392422],[-121.938221221957008,47.693595585473268],[-121.937215768369626,47.692891329061823],[-121.93634345542705,47.692110349606651],[-121.936141816859291,47.691905112312931],[-121.935503416600426,47.691175003347759],[-121.934981603606815,47.690403823382617],[-121.934582094699024,47.689600029039752],[-121.934309264885101,47.688772434186035],[-121.934279563362409,47.688597685740987],[-121.934275636305443,47.688595108062692],[-121.93412371105849,47.688485092037297],[-121.934123708182071,47.688485089737789],[-121.934123704985808,47.688485087639776],[-121.933880486028528,47.688308960022077],[-121.933057012594418,47.687644676706128],[-121.932343371684325,47.686924789175372],[-121.931747728687498,47.686157539052189],[-121.931276897171202,47.685351709810504],[-121.930936261074521,47.684516526159904],[-121.930914071663793,47.684447986338427],[-121.930009893565568,47.68405028943755],[-121.929023686205724,47.683507927623296],[-121.928128119232355,47.682898070425985],[-121.927333268312168,47.682227581407155],[-121.927029578532924,47.681941531680565],[-121.926547055662638,47.681450191265874],[-121.926515563072613,47.68141543904094],[-121.926128489905977,47.681185112328627],[-121.925441589037874,47.681250998121754],[-121.925224742397177,47.681264354762575],[-121.925016863767723,47.681277159168708],[-121.92409780845145,47.681309813483274],[-121.923725797752823,47.681313373430392],[-121.923331275401807,47.681304949088542],[-121.922999962754233,47.681345729932993],[-121.922554341815939,47.681387680785249],[-121.922322526546395,47.681407949681706],[-121.922014440286773,47.681432827163519],[-121.920566101313113,47.681490071151124],[-121.91911812870633,47.681428749903304],[-121.917946076723069,47.681330755239543],[-121.916682684499122,47.68117837317309],[-121.915450657197454,47.680935661777688],[-121.915161649726031,47.680867194113212],[-121.913874561162515,47.680490812547404],[-121.913755489856825,47.680457241883431],[-121.913737870570785,47.680450839140136],[-121.913595225876975,47.680409124294165],[-121.913385996394169,47.68033558093849],[-121.912901818796882,47.680147018025174],[-121.912719323386597,47.680080697940014],[-121.912645655154492,47.680047253750764],[-121.91248898857117,47.679986238660305],[-121.911911515041467,47.67971396107805],[-121.911742814539735,47.679637371385795],[-121.911708439977815,47.679618210244008],[-121.911639970883016,47.679585926588949],[-121.910845276645972,47.679137631455141],[-121.910835728543148,47.679131754316309],[-121.910835557081043,47.679131637873837],[-121.910835369550625,47.679131533336815],[-121.910715452347745,47.679057714575805],[-121.910006280406733,47.678583174485503],[-121.909358036022354,47.678070431901645],[-121.909227908328631,47.677958372275938],[-121.908642945728488,47.677408782003852],[-121.908128002168965,47.676828115394017],[-121.907820671053003,47.676404938801468],[-121.907819758041043,47.676405243066242],[-121.907737554873904,47.676292729879819],[-121.907727743148001,47.676276981130179],[-121.907686674109726,47.676220430634757],[-121.907595926946939,47.676081021285349],[-121.907604138528086,47.676078583130774],[-121.907178996296935,47.675396174199001],[-121.9067836594282,47.674460851177955],[-121.906732512056536,47.674304886592957],[-121.906572326718816,47.67371307047307],[-121.906545806211071,47.673589239475739],[-121.9064715916182,47.673163413387648],[-121.906452729474736,47.673023329642113],[-121.90643890183884,47.672910510560335],[-121.906428162760221,47.672851452299717],[-121.90634535415802,47.672132990286485],[-121.906331575798248,47.671852592702763],[-121.906356587786348,47.670996368581434],[-121.906515339004031,47.670146717223915],[-121.906550737977383,47.670014148309015],[-121.906626534006477,47.669730288033257],[-121.906844135871737,47.669073107023351],[-121.907141822967276,47.668430411318425],[-121.90744164448148,47.66786653021952],[-121.907911591099577,47.667106578128454],[-121.908493372807797,47.666382800212986],[-121.908852518046217,47.665985592290269],[-121.909824229193333,47.665062789463313],[-121.909996979400503,47.66492089398799],[-121.911123945582602,47.66411471442224],[-121.911408721680516,47.663937104187617],[-121.911408730830388,47.663937099019037],[-121.911408739186271,47.663937093269524],[-121.912448444483999,47.663288632119936],[-121.913217396421999,47.66284801740985],[-121.914158870252024,47.662352982092969],[-121.914280292549918,47.662170812392823],[-121.914516842100042,47.661784211802292],[-121.914264512855425,47.661523526670585],[-121.913985197432169,47.661206067458771],[-121.913850453695417,47.661052916354208],[-121.913375722318733,47.6604581379775],[-121.912976061134472,47.659838687825207],[-121.912932891672597,47.659752861291409],[-121.912816103064443,47.659569994834918],[-121.912699758662583,47.659379059295794],[-121.912699752604823,47.659379047778756],[-121.912699744905353,47.659379036718313],[-121.912248431242034,47.658638354751183],[-121.912154109203044,47.658483558052971],[-121.911854659113246,47.657937015068065],[-121.911638592918834,47.657494331674926],[-121.911316859593711,47.656702053663984],[-121.911115614661412,47.655891826862977],[-121.911036924305122,47.655071992548834],[-121.911029381168987,47.654708172895234],[-121.911029381216494,47.654708171980779],[-121.911029381131101,47.654708171067568],[-121.911021384116239,47.654322450532554],[-121.911047089125418,47.653666995767082],[-121.911151196760514,47.653015095022376],[-121.911328155230905,47.65221303001406],[-121.911459451728163,47.651617914948403],[-121.911459456088068,47.651617900193614],[-121.911459458286728,47.651617885221121],[-121.911491368165557,47.651473251892149],[-121.911836825943652,47.649907270191868],[-121.911988735136262,47.648950544898774],[-121.9119893681533,47.648946557994257],[-121.911996129386395,47.648852224638745],[-121.911996131553195,47.648852209666394],[-121.911996131537848,47.648852194622613],[-121.912029558860539,47.648385843688807],[-121.911579721988545,47.648580278867421],[-121.911104553665879,47.648787368729558],[-121.911084450187047,47.648794348867767],[-121.911065409968501,47.648802578492059],[-121.910561516912736,47.648975914868878],[-121.91005859070745,47.649150530820471],[-121.910037571288143,47.649156145629604],[-121.910017428747494,47.649163074339398],[-121.909490812888166,47.649302196597489],[-121.908964973794369,47.64944265632392],[-121.908943240934008,47.649446851707189],[-121.908922190118858,47.649452412748907],[-121.908377924879261,47.649555980499663],[-121.907834238913281,47.649660930744382],[-121.907812001994586,47.649663666280006],[-121.90779024571377,47.649667806076195],[-121.907159756761473,47.649765492649571],[-121.906087031079636,47.649897302588087],[-121.905067001473199,47.649958700137226],[-121.905013671403879,47.649962935939676],[-121.903751824960594,47.65001776366352],[-121.903636355496531,47.650014534543232],[-121.902436969758611,47.650019744886535],[-121.902185139918132,47.650012220022155],[-121.901480105996129,47.650004962526033],[-121.901248275496357,47.649995396104252],[-121.90099080942187,47.650126809635694],[-121.90006224499399,47.650516413554314],[-121.899084994511654,47.650847218133599],[-121.898067190771982,47.651116470135996],[-121.897017304518329,47.651321928587123],[-121.896350384065485,47.651408899757747],[-121.89595943952078,47.651473593431326],[-121.894726755913666,47.651587821198675],[-121.893483185960861,47.651615056423587],[-121.893208719247653,47.651611431048416],[-121.893208677781843,47.65161142912234],[-121.893208636236395,47.651611429951636],[-121.893038158663074,47.651609177018599],[-121.891934875492822,47.651560118291371],[-121.891120791967637,47.65147246269202],[-121.890742913172446,47.651800950849292],[-121.890471598452791,47.652015437902548],[-121.889870954600809,47.652441341054434],[-121.889708233329955,47.6527284068708],[-121.889523121721737,47.653015695609177],[-121.88931121534128,47.653326455037259],[-121.889202526832676,47.653477370598111],[-121.888646786002354,47.654162810065145],[-121.887995815758671,47.654808852145237],[-121.887255678915437,47.655409476601086],[-121.886623976249794,47.655831640218693],[-121.886633595634734,47.655920225797978],[-121.88666459757772,47.656401836845731],[-121.886667384765516,47.656539354251763],[-121.886668880999892,47.656613212112738],[-121.886670513308388,47.656693721008381],[-121.886668680072546,47.656984505873773],[-121.88665435746168,47.657419997847434],[-121.886605306891354,47.657993643347432],[-121.886590325363315,47.658101936756204],[-121.886567408449523,47.658267488963439],[-121.886548026288366,47.658407514877624],[-121.886407508751702,47.659099304891214],[-121.886342928815154,47.659339738587398],[-121.886143873103777,47.659947020768463],[-121.88603018330376,47.660240048835576],[-121.885957623378616,47.660418706900749],[-121.885946045119496,47.660445987943646],[-121.885885712946049,47.660647505836238],[-121.885845131653554,47.660736847190691],[-121.885814587888802,47.660827993866896],[-121.885672674810507,47.661116514246764],[-121.885540648376704,47.661407168986898],[-121.885487298930457,47.661493392728119],[-121.885443676832139,47.661582077795011],[-121.885260581812418,47.661859810978278],[-121.885087015856428,47.66214032293599],[-121.885021411594394,47.662222598541241],[-121.884965130794697,47.662307967775817],[-121.884721560592226,47.662633437973156],[-121.884339946409114,47.663103963902884],[-121.883953384331065,47.663545227938414],[-121.883926076057193,47.663576399412122],[-121.883126451791227,47.664376194335205],[-121.883011405528833,47.664477654281427],[-121.882530327864146,47.664853680926072],[-121.882444602590709,47.664928362489228],[-121.881808060475961,47.665438079537552],[-121.881111574340053,47.665910680502634],[-121.881069204535095,47.665937154571623],[-121.881072014415309,47.666083312508135],[-121.88106597239657,47.666196536753958],[-121.881001443338931,47.66679289241516],[-121.880923485858062,47.66714896493886],[-121.880914248468599,47.667194820232858],[-121.880910049185147,47.667210336723222],[-121.8808719386478,47.667384405153435],[-121.880834172873037,47.667521663868868],[-121.880826068412674,47.667520646398657],[-121.880717849784475,47.667920509434786],[-121.880424482454472,47.668631111866482],[-121.880376901490862,47.668728905082062],[-121.880065116465431,47.669297088380574],[-121.8796912920035,47.669847930070205],[-121.879638662583986,47.669918393300662],[-121.878784319516058,47.670887741852461],[-121.878718045424961,47.670952243654305],[-121.877936883954646,47.671632267672138],[-121.877053247753764,47.672252437150703],[-121.876907562259404,47.672344361699658],[-121.876857565694209,47.672375908609112],[-121.876328316192541,47.672690680977681],[-121.876074412494958,47.672832956250105],[-121.875848504093383,47.672952252822718],[-121.875580813264023,47.673110823006198],[-121.875384873726205,47.673206219195897],[-121.875216366845748,47.673428803594334],[-121.874974206122587,47.67370788125487],[-121.87466058000517,47.674049575671283],[-121.874454031542783,47.674262608770547],[-121.873631783850641,47.675012504432217],[-121.873445607027833,47.675163286436394],[-121.873083129091569,47.67542915959811],[-121.872724156049628,47.675697194187968],[-121.872364137123085,47.675940828479469],[-121.872083445041682,47.676105770254715],[-121.871918015268164,47.6762191981],[-121.871263103078533,47.676587813970286],[-121.871092404699723,47.676688116708178],[-121.871014076499321,47.676727970449505],[-121.870954310640457,47.676758380781052],[-121.87008554928633,47.677153836981518],[-121.870040629357632,47.67717443878513],[-121.870038863300806,47.677175087870395],[-121.869908737421042,47.677234319384411],[-121.869662990819151,47.677333905521316],[-121.868973238968721,47.677592955935275],[-121.868869139481916,47.677629075359611],[-121.868649630194469,47.677712247990357],[-121.867272236242982,47.678158746859957],[-121.866891373499101,47.678262599343171],[-121.865783194108758,47.67852295150545],[-121.865676094502192,47.678544206864849],[-121.865542187393814,47.67906351773243],[-121.8655419558376,47.679064495993011],[-121.865541894341902,47.679064654217527],[-121.865530329982434,47.679109501940637],[-121.865473021875061,47.679271966519089],[-121.86535267232486,47.679551505653471],[-121.865243231654659,47.679833082374273],[-121.86518849595673,47.679932837364532],[-121.865144515101321,47.680034990489823],[-121.864984168985714,47.680305216542223],[-121.864834383218749,47.680578192494877],[-121.864765755709811,47.680686610848355],[-121.864721016763596,47.680748691686809],[-121.864706833651738,47.680772593425495],[-121.86465901285537,47.680834729524847],[-121.864252092912452,47.681399371616955],[-121.863637674632528,47.682074795622697],[-121.863535696758831,47.682175489143113],[-121.863141028808712,47.682533001487322],[-121.863143426581729,47.682534208799332],[-121.86301979161172,47.68264618225399],[-121.86298548907196,47.682673896358104],[-121.862951779594709,47.682704431785169],[-121.862844120455975,47.682794085829983],[-121.862839713512642,47.682791672584237],[-121.862166426915749,47.683335630601292],[-121.861205168879621,47.683956974406748],[-121.86014785575918,47.68450255933255],[-121.859860439952527,47.684634477884003],[-121.858812323745184,47.685064336062837],[-121.858202116898298,47.685260079040603],[-121.858194507579469,47.685262717286889],[-121.858179518939082,47.685267327953504],[-121.857704657680671,47.685419651174023],[-121.857482964839249,47.685481592394048],[-121.857171412302236,47.685577425973506],[-121.857100650146506,47.685596541207694],[-121.856149256154339,47.685822688839153],[-121.855173075943,47.685994039529113],[-121.854948992471193,47.686020040843914],[-121.854868797687601,47.686098240139408],[-121.854675480104518,47.686267176199642],[-121.853984816522257,47.686818102736439],[-121.853224222606244,47.687325302935115],[-121.852831841884282,47.687543959109441],[-121.852827528005349,47.687546880383756],[-121.852700190606768,47.687637269364124],[-121.852656044230898,47.687663005436711],[-121.852575354811776,47.687717646272482],[-121.851855596327042,47.688130645219985],[-121.851758566532951,47.688252717127327],[-121.851703950114327,47.688321429815403],[-121.85145664427904,47.688617476326925],[-121.851151965385213,47.688964947059063],[-121.850992990952022,47.689127486943249],[-121.850846263670078,47.689295195562636],[-121.850668918439965,47.689458823830563],[-121.850503429605538,47.689628020244051],[-121.85032162128681,47.689779255091551],[-121.850151250779376,47.689936444389936],[-121.849869970038057,47.690170891946572],[-121.848906123550762,47.690882951581926],[-121.847823674588497,47.691512555918273],[-121.847464670986781,47.691697398018576],[-121.84713063937221,47.691863293427716],[-121.846794555574704,47.692024235449054],[-121.846491655438598,47.692160703274396],[-121.846519169222461,47.692384502790858],[-121.846558069242178,47.69320947512108],[-121.846472372740095,47.694032834936294],[-121.846443905755947,47.694190703686658],[-121.846436353102064,47.694232589422384],[-121.846436328699824,47.694232685266414],[-121.846436318326255,47.694232782263619],[-121.846431304547693,47.694260582228466],[-121.846410378973687,47.694334607085814],[-121.846236961780122,47.695015720875794],[-121.8461744815624,47.695169086070962],[-121.846128377633931,47.695332173847284],[-121.846075468597874,47.695468642651797],[-121.846059096589926,47.69551087120643],[-121.845709423786857,47.696261704226757],[-121.845253414129985,47.696986068530002],[-121.845076299121828,47.697233285015379],[-121.844518804181504,47.69792372388244],[-121.843864717432666,47.698574395666292],[-121.84312020598,47.699179162055223],[-121.842833214178157,47.699390499319449],[-121.842091377472869,47.699890963276999],[-121.841287602622089,47.700345762241575],[-121.84042803546005,47.700751417898132],[-121.840121286535378,47.700883089094347],[-121.838981700427524,47.701315267769495],[-121.837779201841428,47.70166116189985],[-121.837498515952518,47.7017299588451],[-121.836473708575227,47.701946611706234],[-121.835424296697767,47.702100514265439],[-121.83435869530021,47.702190432427379],[-121.833813422628694,47.702219782312561],[-121.832777797041857,47.702245204234657],[-121.832640110949029,47.702240545677604],[-121.832119374013018,47.702387866029547],[-121.831781530566516,47.702468423033665],[-121.831512470333308,47.702530168133364],[-121.831195061158979,47.70260018729001],[-121.831124623695032,47.702615725413352],[-121.830718924825547,47.702715742659983],[-121.829663728845418,47.702939235579365],[-121.829503853091097,47.702967704149366],[-121.829379909118956,47.702989773229099],[-121.82914710403621,47.703024584436804],[-121.828956326587132,47.703059571118523],[-121.828181218605437,47.703202193353896],[-121.828009565471731,47.703232857754486],[-121.827897480223569,47.703252282638843],[-121.827897362014582,47.703252298998564],[-121.827897246749629,47.703252323099122],[-121.827425547856251,47.703334062482909],[-121.826437167009942,47.703475672658953],[-121.825874559120749,47.703539694486373],[-121.825030803046545,47.703615034774771],[-121.82476837213251,47.703632097736104],[-121.824142333580596,47.703661666882368],[-121.823787268570456,47.70367214487667],[-121.823702994836239,47.703674431296648],[-121.823473188929881,47.703680119658088],[-121.823209314449358,47.703679874349568],[-121.822416572947404,47.703749574611159],[-121.821239978045753,47.703774470605893],[-121.820065435439673,47.703721387260849],[-121.818904261806182,47.70359083607589],[-121.817767644822709,47.703384074941411],[-121.816666535233622,47.703103096000639],[-121.815611541215503,47.702750606428758],[-121.81461282606503,47.702330002315421],[-121.813680010200756,47.701845335903847],[-121.812822078426876,47.701301276504132],[-121.812047293355562,47.700703065459521],[-121.81136311582371,47.700056465602074],[-121.81077613307049,47.699367705686775],[-121.810291995366612,47.698643420341945],[-121.809915361702778,47.697890586116813],[-121.809649855056591,47.697116454244139],[-121.809498027663039,47.696328480767399],[-121.809461336617446,47.695534254706914],[-121.809540130038243,47.694741424958082],[-121.809733643915678,47.693957626625703],[-121.810040009668896,47.693190407504702],[-121.810456272331052,47.69244715541415],[-121.810515440487947,47.692355391412725],[-121.811107820338336,47.691559414908689],[-121.811826099275393,47.690812186234083],[-121.811874504882638,47.690767428508892],[-121.812387537012384,47.690326019208982],[-121.812483133069037,47.69024939100494],[-121.813204420460352,47.689720732061062],[-121.813992287913877,47.689237340750601],[-121.814840527196921,47.688803025065454],[-121.815742455002095,47.688421206313649],[-121.815816166285558,47.688392998161603],[-121.816727600598128,47.688078120033325],[-121.817675480600485,47.687816875400635],[-121.817782642606304,47.687790884805253],[-121.818892363055909,47.687562007820588],[-121.820029641265137,47.687406610833555],[-121.821041632601791,47.687336062144148],[-121.821267311011965,47.686839908507878],[-121.821670783699759,47.6861716853875],[-121.82216074965315,47.685530370202244],[-121.822218941746485,47.685461876398229],[-121.822278953860945,47.68538797958567],[-121.822542324532819,47.685098354565355],[-121.822799573590515,47.684806232086821],[-121.822933392681151,47.684669967378575],[-121.823777662260142,47.683910936908312],[-121.823956816281211,47.683768134966869],[-121.824814957664159,47.683152402226291],[-121.825150650821911,47.682957062919783],[-121.825378039265317,47.682601200194362],[-121.826003334300495,47.681852557810387],[-121.826441928579143,47.681437458804169],[-121.826464660118361,47.681412762380006],[-121.82651286354988,47.681370322996372],[-121.826742600715178,47.681152888679421],[-121.826785440007441,47.68111658515005],[-121.826842492749179,47.681071683716638],[-121.8269355769892,47.680984015846853],[-121.827063109583634,47.68088586763178],[-121.827180788261416,47.680782257784969],[-121.827450943265134,47.68058739030235],[-121.827711655427777,47.680386743183007],[-121.82785281648718,47.680297508279068],[-121.827984963771755,47.68020218584757],[-121.828282095388701,47.680026136833654],[-121.828570668392274,47.679843711023281],[-121.828724098490937,47.679764248527469],[-121.828869441721196,47.679678131226076],[-121.829190688605649,47.679522595550942],[-121.829504343529905,47.679360147318604],[-121.829668565251907,47.679291222222588],[-121.829825704850791,47.679215139121318],[-121.830167973751401,47.679081614125657],[-121.83050369046093,47.67894070737092],[-121.830677122620372,47.678882983204716],[-121.830844545567672,47.678817666754959],[-121.831204541096838,47.6787074378515],[-121.831559087305962,47.678589429064658],[-121.831740060161579,47.678543461516163],[-121.831916154552388,47.678489540507471],[-121.83222632059001,47.678406700956337],[-121.832233476920592,47.67839854527201],[-121.832383131601929,47.678257248991713],[-121.832729642883493,47.677913720215138],[-121.832849886804468,47.677816556408253],[-121.833163887847761,47.677520083197003],[-121.833200750493205,47.677490096523314],[-121.833292871729014,47.677418671478499],[-121.833317441887175,47.677028559975923],[-121.833520930091694,47.676140538859322],[-121.833557012887837,47.676025673115682],[-121.833778947472567,47.675431046170317],[-121.834066869708423,47.674849467383872],[-121.834155224933198,47.674691193294443],[-121.834156752434382,47.674691582268174],[-121.834387458588481,47.674278885821678],[-121.834461763364146,47.674159987749654],[-121.834594682091634,47.673968343421379],[-121.834604607533464,47.673950930982279],[-121.834609848454903,47.673941734607411],[-121.83478611625624,47.673667091189706],[-121.834826801525253,47.673597021689964],[-121.834869485174835,47.673534666578533],[-121.834870835758707,47.673535088321231],[-121.835006488468906,47.673323724025977],[-121.835150269444767,47.673123011237507],[-121.835657011753753,47.67248917405535],[-121.836245138028758,47.671888260591693],[-121.836909992179116,47.671325025440233],[-121.837646311529355,47.670803924931306],[-121.838262505160273,47.670439074651007],[-121.838315881938613,47.670405224281318],[-121.838346849417974,47.67038913347789],[-121.838448268495583,47.670329081903517],[-121.838589141567226,47.670252879743735],[-121.838922366043107,47.670090089806521],[-121.839248320286544,47.669920718195009],[-121.839398735761577,47.669857365746203],[-121.839542366231811,47.66978719619793],[-121.839897603393382,47.669647248624862],[-121.840246560348987,47.669500269789168],[-121.840405442465126,47.66944717948153],[-121.840558561401792,47.669386855738303],[-121.840932390991156,47.669271097772295],[-121.841300990890801,47.669147926658155],[-121.842737544482546,47.668725801810304],[-121.843683063375465,47.66847950524938],[-121.844106212911015,47.668396227158752],[-121.844653175262593,47.667730181686778],[-121.844786596940651,47.66758578925208],[-121.844786597540036,47.66758578866915],[-121.844786598051982,47.667585788049358],[-121.8457453544044,47.666548168793597],[-121.846005981353969,47.666290105707866],[-121.846032459541362,47.66626021780268],[-121.846079484526072,47.666217325032832],[-121.846295167041035,47.666003761101358],[-121.846384409030222,47.665922690386132],[-121.846534549184511,47.665802243468178],[-121.846732541761185,47.665621644348974],[-121.847121999695247,47.665330965808785],[-121.847317540482393,47.665174092132645],[-121.847410894878081,47.665115341010114],[-121.847521892760625,47.665032494039416],[-121.848323407752943,47.664541054303335],[-121.848377521953239,47.664506997094925],[-121.848385520442008,47.664502969994018],[-121.848392910202804,47.664498438966419],[-121.848563847385734,47.664403533307471],[-121.848691480400362,47.664333654554611],[-121.848897152027305,47.664222618076927],[-121.849622470966167,47.663860381321655],[-121.850386050353279,47.663536011470633],[-121.850526334721593,47.663481281638106],[-121.850574449343,47.66346251098534],[-121.850574497445024,47.663462494289625],[-121.850574542893213,47.663462474489535],[-121.850672757203881,47.66342415945595],[-121.851204376031845,47.663237240955681],[-121.851372658704946,47.663174071896307],[-121.851527983389659,47.663123457932379],[-121.851604128002606,47.663096684650746],[-121.851781569725759,47.663040823847325],[-121.852618705549972,47.662768027440727],[-121.853925695099164,47.662461667784036],[-121.854126157166021,47.662423276044947],[-121.854215501989415,47.661976645592546],[-121.854236463070038,47.661897353606889],[-121.854422870512124,47.661360594588743],[-121.854449739888281,47.661248342652463],[-121.854672547285077,47.660630302944178],[-121.854724188605317,47.660508142836633],[-121.854763725671518,47.660420717324605],[-121.854812562442717,47.660274570039739],[-121.854840750689689,47.660217143904873],[-121.854978187773298,47.659838875311699],[-121.855064647707565,47.659655554172971],[-121.855241778988159,47.659307527197214],[-121.855306987784729,47.659188288090839],[-121.855776608232503,47.658445719453425],[-121.856353353611198,47.657738442266748],[-121.856445926304843,47.657637212234967],[-121.856876314494301,47.657199056143185],[-121.857008931239065,47.65707312033566],[-121.857334622786468,47.656778252174135],[-121.85751615764552,47.656621457864397],[-121.858171268026226,47.656102269585865],[-121.858379027035411,47.655951013597637],[-121.859182364660313,47.655418616758197],[-121.859731185349759,47.655117633321581],[-121.859577717813494,47.654241135864929],[-121.859537474343981,47.653809302632858],[-121.859529673457942,47.652883672889125],[-121.859678269092996,47.651963489473708],[-121.859810933281167,47.651568308899243],[-121.859856799934661,47.651372348239121],[-121.859901042197563,47.651257680686477],[-121.859933492382964,47.651141226605461],[-121.860049303071975,47.650873412731798],[-121.860153470389207,47.650603424483641],[-121.860270090715431,47.65035234184991],[-121.860632197439784,47.64967865135192],[-121.861081040322262,47.64902923586672],[-121.861613100081669,47.648409182802197],[-121.862224205963557,47.647823349375216],[-121.862909568477818,47.64727632458915],[-121.863211769791974,47.647055707987086],[-121.864086091359781,47.646479340678646],[-121.86458471497275,47.646211820072118],[-121.865044059216501,47.645701764023357],[-121.865765543608504,47.645055958475382],[-121.866578788918659,47.644462035080629],[-121.866882134106092,47.644261586775414],[-121.867787965046503,47.643720642052223],[-121.868769821846627,47.643244123044489],[-121.869817712569784,47.642836878208186],[-121.869946664801077,47.642797860351131],[-121.870031735807046,47.64271446469369],[-121.87021317664616,47.642569398412249],[-121.870227361878506,47.642554609405792],[-121.870419224030698,47.64239376011745],[-121.870473354339865,47.642346823630305],[-121.870485542303285,47.642338161314015],[-121.870873010167443,47.642013319325727],[-121.870911898161665,47.641947597206155],[-121.871412419960905,47.64128540056722],[-121.872000702832764,47.64065702423968],[-121.872220097193832,47.64044489866771],[-121.872461163332233,47.640211817009238],[-121.872875932873839,47.639834586528139],[-121.87308815882146,47.639652831193892],[-121.87308817503073,47.639652818632008],[-121.873088189340308,47.639652805056805],[-121.87335992137659,47.6394200868192],[-121.873563869447437,47.639250189754684],[-121.873841848870811,47.639024909118753],[-121.874036931378939,47.638866806015287],[-121.874160140917766,47.638768550498021],[-121.874333668038531,47.638632378185065],[-121.87456881800513,47.638393528700291],[-121.874588555878361,47.638377209610745],[-121.874605966830785,47.638359722489469],[-121.874960565066147,47.638069633314792],[-121.875312922478173,47.637778300560996],[-121.875334931493782,47.637763367474278],[-121.875354794190585,47.637747117843062],[-121.875749746217423,47.637481913848646],[-121.876142648310562,47.637215323822012],[-121.876289668181414,47.637124908385069],[-121.877313289043357,47.636561813233598],[-121.878422319119395,47.636078227456409],[-121.87960330181447,47.635680017854476],[-121.880841908668614,47.635372015351379],[-121.881115484915867,47.635315334687363],[-121.882323043224304,47.635110864347787],[-121.882574202894176,47.635077600658207],[-121.883057438444396,47.635020669053148],[-121.883415445844875,47.63489316113251],[-121.883893139042655,47.634741748376449],[-121.884109847909869,47.634682445274002],[-121.884141415394581,47.634671640946337],[-121.884337200693963,47.634620228840831],[-121.885087565142726,47.634414882905169],[-121.885205519379255,47.634392208024749],[-121.885237247944815,47.634383875928499],[-121.885888750134228,47.63426086468052],[-121.886327011497229,47.634176611418056],[-121.886369667718398,47.634170064137571],[-121.886863038113461,47.634094327064446],[-121.887385070691508,47.634022399092331],[-121.887864630870936,47.633963796300357],[-121.888932923844251,47.633866554096926],[-121.890009822274365,47.633834604309875],[-121.891086610883477,47.633868205540409],[-121.891522117112061,47.633895105955709],[-121.892531193507807,47.633986795392502],[-121.892735057192994,47.634017412352271],[-121.893753967696341,47.633778007549324],[-121.893940786463418,47.633741689359013],[-121.894436174904925,47.633653091004355],[-121.894583229070221,47.633629052944876],[-121.894622689591969,47.633622601517942],[-121.894809984029152,47.633593054078453],[-121.894971461212279,47.633568501480362],[-121.896203527261164,47.633426332943685],[-121.896412956575006,47.633409708694067],[-121.896450435126454,47.633406733817139],[-121.896697357399916,47.63338713517151],[-121.897105009051842,47.63335954582152],[-121.89735195781779,47.633345710340777],[-121.898575116344546,47.633319570180582],[-121.898830947457597,47.633322939926941],[-121.899574558519348,47.633355111900862],[-121.90008304285756,47.632933472365821],[-121.900782246252859,47.632444069134436],[-121.901009426573395,47.632297875352279],[-121.901158364709275,47.632203651870604],[-121.901318296230826,47.632104186156688],[-121.902668425603466,47.631378551123248],[-121.903024795377675,47.631213853246528],[-121.904002014151615,47.630807224223737],[-121.904241614759115,47.630717924775205],[-121.904382680253704,47.630665348825048],[-121.905188665893178,47.630391178844661],[-121.905929726253561,47.630184741695174],[-121.905665190261303,47.62952340373392],[-121.905445936107242,47.628762888306795],[-121.905297441687608,47.628104703475856],[-121.905268921217655,47.627930493824195],[-121.905199544109706,47.627506730681837],[-121.905199543651804,47.627506725625267],[-121.905199542462981,47.627506720623394],[-121.904991214803402,47.626234178011586],[-121.904923689198739,47.625105902416756],[-121.904939623907211,47.624738917380071],[-121.904944508341501,47.62435168238266],[-121.905063989402436,47.623277770291381],[-121.905082904369593,47.623188080680769],[-121.905145113723876,47.622893227979681],[-121.905331055007878,47.622218119301223],[-121.90560093108877,47.621556089314517],[-121.905952798064192,47.620911898926167],[-121.906060366387877,47.620738030847463],[-121.906516141335345,47.62008480146546],[-121.906642816956364,47.619922432882397],[-121.907217087904314,47.619263718366817],[-121.907880680238222,47.618644560616147],[-121.908627675301929,47.618070479174243],[-121.909432772818008,47.617558445829367],[-121.909724377271445,47.617114559182419],[-121.910044555582132,47.61669142053632],[-121.910179425510762,47.616513177093111],[-121.910740510496865,47.615850656080667],[-121.911391366719258,47.615226806390133],[-121.912126206819778,47.614647172327125],[-121.912938497704488,47.614116905072784],[-121.913821018643333,47.613640716946371],[-121.91400879010817,47.613548849826778],[-121.914027492612803,47.613540397236029],[-121.913752594970944,47.613215008235457],[-121.913276640518276,47.612498027719283],[-121.913267666926615,47.612480008730941],[-121.91278347701612,47.612412447543946],[-121.912294917185704,47.612325352249847],[-121.910982005541328,47.612035593737346],[-121.909727182207916,47.61164552556847],[-121.909483058418161,47.611557770409931],[-121.909483030299171,47.611557759071729],[-121.909483000672154,47.611557749651752],[-121.909059651061312,47.611405564275181],[-121.907997706292406,47.610974765072527],[-121.907007255925777,47.610472093880659],[-121.906098894952734,47.609902928993847],[-121.905282339134345,47.609273359954798],[-121.90492678702455,47.608968790561384],[-121.904263110800798,47.608340904698515],[-121.903690861228597,47.607673137679676],[-121.903466858051303,47.607380411823108],[-121.90328653121982,47.607134646239231],[-121.903061980394241,47.606815120824379],[-121.902556868974571,47.60597900045898],[-121.902192604497969,47.605110036189672],[-121.901973712593517,47.604219040989925],[-121.901928309982651,47.603938038434222],[-121.901858305412986,47.603154539575947],[-121.901900794950649,47.602370137626764],[-121.902055374326054,47.601592203183756],[-121.90232058617589,47.600828045750831],[-121.90269393391857,47.600084845071962],[-121.902723795402792,47.600040159433604],[-121.902707270955901,47.59999927282167],[-121.902666607533789,47.599871847322405],[-121.902666606889198,47.599871844679612],[-121.902666605864766,47.599871842092249],[-121.902521411750143,47.59941684602817],[-121.902399445108315,47.599070224385798],[-121.902247815692178,47.598379289074984],[-121.902184789573425,47.597682085462118],[-121.902171270326477,47.597171947603904],[-121.902162759277871,47.596833514240764],[-121.90219444236449,47.59609130575214],[-121.902326501355915,47.595354180659371],[-121.902557821692625,47.594628336820037],[-121.902886454424504,47.593919876986654],[-121.90330963272821,47.593234757511482],[-121.903823795288545,47.592578738289923],[-121.904424616343547,47.591957334362426],[-121.904695754501759,47.591703156840133],[-121.904695759583419,47.591703152538059],[-121.904695764017291,47.591703147919766],[-121.904806638613849,47.591599208306953],[-121.904929571646846,47.591466911262948],[-121.904907389173573,47.591457000892461],[-121.902852129462829,47.590581549443762],[-121.902234436163894,47.590299895886439],[-121.902119091608682,47.590243692218415],[-121.901046348236761,47.589720978743912],[-121.900176319927454,47.589254074396209],[-121.899822043012634,47.589045117327558],[-121.899515769193982,47.58886447337143],[-121.899400066264889,47.588796224185039],[-121.898365914875356,47.588107206987374],[-121.897462674459149,47.587338563306687],[-121.897286213183421,47.587168118247902],[-121.897167550013236,47.587053500960018],[-121.896622238444152,47.586576713416299],[-121.895947714990001,47.585922771525517],[-121.895371551979963,47.585227111056952],[-121.894899334416351,47.58449648022323],[-121.894547342428538,47.583869412222711],[-121.89454734017535,47.583869407526251],[-121.894547337252675,47.583869403001863],[-121.894493806173799,47.583774036516331],[-121.894267522988613,47.583709177831977],[-121.894266945881313,47.583709012418957],[-121.89353999463566,47.583561848111003],[-121.892815000468985,47.583376582732512],[-121.892814961925282,47.583376575853741],[-121.892699820486612,47.583351879685978],[-121.892411248842564,47.583281773255536],[-121.892381445129473,47.583276047140025],[-121.892316349502877,47.583258717936303],[-121.891849803937902,47.583145371595883],[-121.891744978178849,47.583116839176867],[-121.891519512961537,47.583046586984082],[-121.891288525849149,47.582985093076168],[-121.890986435274897,47.582880484021423],[-121.890678195937824,47.582784437377832],[-121.890463996931331,47.582699569264577],[-121.890243033721958,47.58262305100375],[-121.889957556930142,47.582498909231191],[-121.889664720494153,47.582382880803671],[-121.88946385111683,47.582284214420824],[-121.889255040405388,47.582193409027731],[-121.88858667697545,47.581870336302586],[-121.887337042545568,47.581175362530388],[-121.886930808766152,47.580916394709568],[-121.886097757014241,47.580329108691494],[-121.885356077945815,47.579688193111451],[-121.884713265494298,47.579000126816695],[-121.884328220458556,47.578538064069917],[-121.883971558060736,47.578075873938836],[-121.883858141609537,47.577916600369711],[-121.883858136417132,47.577916592057825],[-121.883858130045795,47.577916584130364],[-121.88372221014636,47.57772570591063],[-121.883215783199617,47.576901046720614],[-121.883187157455836,47.576834558891662],[-121.882359203942343,47.576715163967684],[-121.881038905503473,47.576476222529749],[-121.880788020813227,47.576421760895897],[-121.880533148170358,47.576376567115609],[-121.880403765175146,47.576344165571413],[-121.87982255613646,47.576259025662665],[-121.879796983657968,47.576255279064576],[-121.879331715749629,47.576187114731539],[-121.879200064229821,47.576167300466636],[-121.878781544554229,47.576102632864455],[-121.87878154155446,47.576102632294827],[-121.878781538486606,47.576102631926901],[-121.877895418632207,47.575965707162801],[-121.877095693819541,47.575843307712198],[-121.875760360773299,47.575638919738005],[-121.875669143939263,47.575633339752748],[-121.875175167346413,47.575603118436746],[-121.875015622193672,47.575592627570828],[-121.874169545938386,47.575533116629096],[-121.874111561834468,47.575528941275898],[-121.873191525434507,47.575461152251727],[-121.873147374824015,47.575457899393122],[-121.872058382127364,47.575339331998549],[-121.872031694416449,47.57533646269556],[-121.872031157453605,47.575336367690213],[-121.871941128303817,47.575326564984145],[-121.87076096852573,47.575112670942573],[-121.869931113475104,47.574931066523149],[-121.868843986667329,47.574653010720226],[-121.867801862240825,47.57430489112533],[-121.867332438803132,47.574128395930984],[-121.866432950280043,47.573754127486389],[-121.865585735895948,47.573327648390581],[-121.864797394089038,47.572852280930405],[-121.864570803584272,47.572702997761802],[-121.86370072017219,47.572064772409952],[-121.863517617252171,47.571915094086712],[-121.862782064783843,47.571246525734168],[-121.862151987482221,47.570530323596707],[-121.861999022058839,47.570334127064804],[-121.861585261660423,47.569747511713942],[-121.861481736855112,47.569584175589213],[-121.861402991885342,47.569440908544522],[-121.861311605255224,47.569301121705287],[-121.861198431328205,47.569068731249281],[-121.861072382888366,47.568839396059893],[-121.861014768634035,47.568691595167266],[-121.860944069608848,47.568546419094773],[-121.860865100645228,47.568307640020166],[-121.860772876554407,47.568071047419465],[-121.860736947014061,47.567920136257044],[-121.860687615628166,47.567770969253793],[-121.860643610706163,47.567528101373661],[-121.86058609770204,47.567286530109037],[-121.860572197954113,47.567133962148674],[-121.860544708367968,47.566982240893338],[-121.860536089731085,47.566737623299154],[-121.860513840150659,47.566493399966376],[-121.860522103066316,47.566340644571731],[-121.860516719035758,47.566187830278459],[-121.860543568086015,47.565943818808158],[-121.860556794605571,47.565699295439828],[-121.860587139607176,47.565547823713771],[-121.860603911981173,47.56539538805756],[-121.860604534726932,47.565391990354264],[-121.860604657105696,47.565391514982771],[-121.860604710136329,47.565391033785986],[-121.860605401192373,47.565387267051307],[-121.860635346059809,47.56522398289443],[-121.860687974485941,47.564937028665859],[-121.860955063374476,47.563967886753758],[-121.861394167244043,47.56302789463151],[-121.861466562198785,47.562900480867569],[-121.861567132671155,47.562723478154084],[-121.861570964498725,47.562716732867223],[-121.861695019842074,47.562531956775366],[-121.86159608389957,47.562549308325245],[-121.861098032398274,47.562629001859619],[-121.860965862664997,47.562648139270777],[-121.86026274453485,47.562749944659359],[-121.859478991177241,47.562845078235021],[-121.85901799823715,47.562890371702672],[-121.858773078663347,47.562914436407901],[-121.857645195294097,47.562988543781046],[-121.856512011772935,47.562990077165658],[-121.855383699978546,47.562919022836653],[-121.85433168125293,47.562818557796234],[-121.854114411163934,47.562790387971368],[-121.853895002347087,47.562771265895989],[-121.853538211981302,47.562715679602114],[-121.853178630776711,47.562669055740436],[-121.852966487863171,47.562626605066697],[-121.852750906158889,47.56259301665159],[-121.852403886480189,47.562514023978309],[-121.852052791488433,47.562443765391265],[-121.851847819640952,47.562387442871312],[-121.851638142078073,47.562339711749672],[-121.851304236390547,47.562238073771333],[-121.850965010169304,47.562144857403965],[-121.850769184100997,47.562075205684927],[-121.850567430739318,47.562013791744747],[-121.850249855840929,47.561890487701469],[-121.849925766435092,47.561775211674245],[-121.849740972636951,47.561692901813181],[-121.849549087083616,47.561618396759826],[-121.84925090224381,47.561474614611186],[-121.848945071670059,47.561338389555225],[-121.848773090220234,47.561244214546072],[-121.848592920888578,47.561157336193951],[-121.848464535288528,47.561088758555556],[-121.848464414925587,47.561088687506242],[-121.84846428485622,47.561088624782236],[-121.848385453858867,47.56104651444759],[-121.848026569367661,47.560847030060238],[-121.846659831560217,47.560056752071468],[-121.845919851550207,47.55959085984793],[-121.845240619383603,47.559084348951977],[-121.844951452657071,47.558828228625224],[-121.844939344748994,47.558827771444513],[-121.843759717012858,47.558702520375995],[-121.8435120558471,47.558667571174183],[-121.842378480849078,47.558467944758114],[-121.841279193038517,47.558194220588611],[-121.840224736001247,47.557849024220118],[-121.839225222760518,47.557435666693756],[-121.838290238695123,47.556958112738734],[-121.837755688299069,47.556624803030743],[-121.8377532460418,47.556623553739584],[-121.837452212922642,47.556469565586234],[-121.836561452600606,47.555966147143643],[-121.835746958305023,47.55540666524044],[-121.835375358260649,47.55512532524061],[-121.835371737120568,47.555122584127112],[-121.83449362496242,47.554373095588083],[-121.834283929781677,47.55417060468239],[-121.833742558429208,47.553598120481197],[-121.833660023749246,47.553502199188983],[-121.833560162051867,47.553386141552025],[-121.83297068832988,47.552607050515412],[-121.832508900845724,47.55178943294613],[-121.832236404076227,47.55108762334325],[-121.832133614571575,47.550897394654491],[-121.832010497778853,47.550629469599954],[-121.831876012435245,47.550364061473829],[-121.831708334875557,47.549971324496475],[-121.831708331640883,47.549971315239205],[-121.831708327081586,47.549971306241119],[-121.831667695791907,47.549876137264469],[-121.831623295211557,47.549792496905425],[-121.831237932145072,47.54891285235783],[-121.831105550931355,47.548532881816342],[-121.830996970652237,47.548341788511316],[-121.830969703759365,47.548330038656019],[-121.830855255456044,47.548269279893987],[-121.830734496343268,47.548214405403463],[-121.830393662516926,47.548024225059649],[-121.830046105296034,47.547839707866885],[-121.829941006493442,47.547771645871912],[-121.829828775357001,47.547709020961385],[-121.829661877655681,47.547606176367495],[-121.829334593844564,47.547431286750466],[-121.829143060038675,47.547321290505707],[-121.828807827326216,47.547294664745678],[-121.827897786120744,47.547198198435268],[-121.82700141430422,47.547054591002727],[-121.826472281638033,47.546955101368511],[-121.825261892858862,47.546679605215793],[-121.824698838538026,47.546528343416384],[-121.823629853816399,47.546199156647127],[-121.82311016656385,47.54601776521325],[-121.82230534843346,47.545709619435165],[-121.821538104660718,47.545360292519149],[-121.821050254995939,47.545119117058967],[-121.820191215905894,47.544651870183209],[-121.819399354686851,47.544133066317066],[-121.818681393918112,47.543567111282805],[-121.81804342801162,47.542958811169186],[-121.817834890570794,47.542739191983962],[-121.817212901894138,47.542001799899353],[-121.817202793500257,47.541986222917423],[-121.817049202020485,47.541816582592681],[-121.816925321629228,47.541654045845817],[-121.816473009293972,47.540988269196014],[-121.816111455068565,47.540297527083048],[-121.815843617272037,47.539587478270242],[-121.815761707446384,47.53932046107397],[-121.815558471083307,47.538388421053298],[-121.815516488226379,47.537446703984692],[-121.815523634465052,47.537274096393496],[-121.815016523872586,47.536789996816019],[-121.814872437681245,47.536638215814108],[-121.814848709544947,47.536613222461838],[-121.814351082567214,47.536023422894765],[-121.814035169828188,47.536185496009679],[-121.81290631313874,47.536641978750758],[-121.811710254540145,47.537011757604596],[-121.811449699035549,47.537080857189189],[-121.809831664874594,47.537422584549212],[-121.809600555752368,47.537459455595311],[-121.808554133766719,47.537593401431067],[-121.807494259690429,47.537663757904255],[-121.807176814328699,47.537675196380455],[-121.805768709767477,47.537669698313351],[-121.804371328435494,47.537552125741449],[-121.804001298195899,47.53750587040426],[-121.803037278995035,47.537357210126572],[-121.802094698373281,47.537155118061875],[-121.801831649373966,47.537090500567494],[-121.800568021132634,47.536723117582547],[-121.799375059293297,47.536259901423342],[-121.79900718360355,47.536097336237603],[-121.798125831803546,47.535667998088613],[-121.797305634511488,47.535186285721991],[-121.796553354403954,47.534656172007097],[-121.795875193464781,47.534082028866138],[-121.795367218175215,47.533561334264824],[-121.794416106181586,47.533465882193198],[-121.794274907272779,47.533447217809275],[-121.793761073699145,47.533379298628596],[-121.792621876756172,47.533188982680883],[-121.791515720635545,47.532923951676835],[-121.790453262223309,47.532586759142518],[-121.789444736847798,47.532180653796146],[-121.788499859581776,47.531709548208561],[-121.787627731587946,47.531177981063109],[-121.786836752413194,47.530591073381245],[-121.786134539077906,47.529954479137274],[-121.785527852740856,47.529274330740911],[-121.785022533644963,47.528557179915154],[-121.784623444967764,47.527809934540969],[-121.78433442611427,47.527039792079741],[-121.784158255896656,47.526254170216255],[-121.784096625949445,47.525460635392029],[-121.784150124629761,47.524666829918068],[-121.784318231549861,47.523880398370132],[-121.784599322787273,47.523108913975122],[-121.78499068671465,47.522359805697597],[-121.7854885502896,47.521640286727489],[-121.786088115544402,47.520957285056703],[-121.786783605918671,47.520317376811413],[-121.787568321983585,47.519726722980039],[-121.788434706017597,47.51919101014402],[-121.789374414809672,47.518715395779701],[-121.790378399988114,47.518304458655464],[-121.791436995102188,47.517962154799427],[-121.792540008620122,47.517691779459071],[-121.793676821951806,47.517495935417138],[-121.794836491556552,47.517376507966823],[-121.796007854159072,47.517334646785848],[-121.796403013322916,47.517346824856958],[-121.796415838469329,47.517344009435149],[-121.796748958379055,47.517281590737845],[-121.797747615329342,47.51712534728216],[-121.79876235534887,47.517027628509211],[-121.799785720418456,47.516989152648115],[-121.799996804775901,47.51698735623502],[-121.801391494993723,47.517030720762342],[-121.802769213463122,47.517183946893361],[-121.8028785247851,47.51720059565681],[-121.80313980928949,47.517240391892621],[-121.804732775627073,47.517563305859653],[-121.805139363035508,47.517667091818666],[-121.805967119568891,47.517902795161888],[-121.806766430312962,47.518179922159632],[-121.80693284169719,47.518243069126655],[-121.807227508149921,47.518354892695811],[-121.808574119304282,47.518949856624076],[-121.808959655727406,47.519146435409461],[-121.8091790502924,47.519089135146409],[-121.810365510985932,47.518870934950172],[-121.811425603011486,47.51871512100174],[-121.812589585061346,47.51858439033257],[-121.814122795367609,47.518464477613584],[-121.815252235616825,47.518412685002822],[-121.81638384369127,47.518433493049862],[-121.817960180612033,47.518513185435694],[-121.818840160603301,47.518579943700573],[-121.820536372181934,47.518751908257826],[-121.821347580844787,47.518853641555452],[-121.822946651716165,47.519093097248501],[-121.824110253875759,47.519309583601554],[-121.825235718775431,47.519604428165884],[-121.826311580915544,47.519974627487557],[-121.827326879442012,47.520416410419138],[-121.828380004342762,47.5209272735135],[-121.829399107797798,47.52148110305783],[-121.830322917681784,47.522106956840211],[-121.830647956743206,47.522352655150748],[-121.831421618598796,47.522937458869741],[-121.832159581930924,47.523553493056404],[-121.832805024429021,47.52421548220007],[-121.833351748525118,47.524917073570698],[-121.83428335349025,47.526269091727379],[-121.834689194521701,47.526945643520094],[-121.835048281275604,47.52714264836073],[-121.835497445203089,47.527388283381185],[-121.835504099283895,47.527392718892969],[-121.835511354050411,47.527396698963791],[-121.835922180397787,47.527671403312645],[-121.836333643254463,47.527945671787663],[-121.836339623550344,47.527950527651107],[-121.836346267549104,47.527954970140328],[-121.836715370415121,47.528255623100044],[-121.837085169535911,47.528555884525922],[-121.837090418447417,47.528561113990357],[-121.837096387691062,47.528565976128014],[-121.837420211978966,47.52888968309793],[-121.837744785442936,47.529213046620598],[-121.83774925240634,47.52921859933668],[-121.837754489397781,47.52922383431094],[-121.838029915584443,47.529567478620514],[-121.838306136542741,47.529910830846156],[-121.838309778517583,47.529916653350284],[-121.838314232804066,47.529922210757761],[-121.838538607017838,47.530282483650623],[-121.838763813846441,47.530642518599919],[-121.838766595730803,47.530648554828623],[-121.838770224390473,47.530654381159245],[-121.838941384023272,47.531027813632193],[-121.839113406010711,47.531401064550415],[-121.839115300980382,47.531407256379921],[-121.839118069036644,47.53141329553192],[-121.839234363638084,47.531796291719409],[-121.839351541962117,47.532179164440869],[-121.839414898293782,47.532453243012853],[-121.83942013438633,47.532476210737101],[-121.839869110899087,47.532644388858913],[-121.840954694304614,47.533104067632472],[-121.842607641274924,47.533890333945365],[-121.842669725409408,47.533923059668361],[-121.842735689136106,47.533952096478025],[-121.843233033562498,47.534195335734466],[-121.84330291550647,47.534233180589823],[-121.843377200893045,47.534266960494115],[-121.843760976190637,47.534481242853232],[-121.844149443231231,47.534691613502396],[-121.844213512591779,47.534733914353893],[-121.844282552508389,47.53477246208714],[-121.844330947187501,47.534802301356102],[-121.845324642655157,47.535019276574246],[-121.845521858985478,47.535069870836686],[-121.845521870136935,47.535069874129782],[-121.845521881711463,47.535069876666839],[-121.845688870532911,47.535112716227722],[-121.846648589230739,47.53539195849396],[-121.847568669787165,47.535726851080391],[-121.848442092471046,47.536114839253315],[-121.848676184073696,47.53622903020414],[-121.849051624602509,47.536431836843818],[-121.849432347080167,47.5366300776451],[-121.849510129201335,47.536679509521257],[-121.849593519194968,47.536724554257312],[-121.849937804943181,47.536951302223208],[-121.850288007966441,47.537173856885346],[-121.850358262360331,47.537228213120557],[-121.85043473261608,47.537278575525576],[-121.850744548018213,47.537527081831556],[-121.85106085898785,47.537771807738665],[-121.851122909018798,47.53783056501279],[-121.851191723072517,47.537885760225393],[-121.851464084114923,47.538153632331387],[-121.851743456414709,47.538418173333909],[-121.851796704368653,47.538480765935901],[-121.851857199397642,47.538540262547826],[-121.85208948236864,47.538824921374243],[-121.852329224720009,47.539106730453078],[-121.852373157566106,47.539172555723162],[-121.852424750776564,47.539235780891126],[-121.852614717561877,47.539534485631137],[-121.852812519972062,47.539830849401305],[-121.852906726894872,47.539992726310935],[-121.853304153321019,47.540796664699656],[-121.853575277678502,47.5416243332837],[-121.853647772750435,47.541917491392596],[-121.853777423459306,47.542639632658499],[-121.853784752988162,47.542799130877256],[-121.854794296620852,47.543077339786919],[-121.855935260909817,47.543494365866295],[-121.856571441919073,47.543757995938286],[-121.857514602933648,47.544191984858479],[-121.857723965219293,47.544298542130747],[-121.85772396887009,47.544298544186198],[-121.857723972800954,47.544298545989513],[-121.858014029338335,47.544446172406225],[-121.858718112364286,47.544833668950368],[-121.859376790619848,47.545256189488661],[-121.859487647383617,47.545332908018558],[-121.859874064450338,47.545636266851837],[-121.860925808012354,47.545464222732868],[-121.86116584061071,47.545434067854551],[-121.861165881421556,47.545434064119043],[-121.861165921495186,47.545434057693264],[-121.862576966784843,47.545256786437157],[-121.86260751657656,47.545253989891179],[-121.862637550608667,47.54524928401397],[-121.863188968896893,47.545200761791257],[-121.863740009813526,47.545150314827907],[-121.863770817266982,47.545149558886735],[-121.863801387806319,47.545146868581725],[-121.864357174106289,47.545135169510843],[-121.864912863822781,47.545121529939834],[-121.864943632381369,47.545122821879964],[-121.864974445150963,47.545122173047027],[-121.865529249393077,47.545147409751479],[-121.866084238777432,47.545170708903932],[-121.866114672259343,47.545174036288678],[-121.86614543065204,47.545175435176141],[-121.866693912214529,47.54523736472963],[-121.867242858847632,47.545297378358235],[-121.867272664292997,47.545302709157177],[-121.867303072222896,47.545306142301683],[-121.868383185048941,47.545465316052464],[-121.868497497943437,47.545482160957143],[-121.868497761860382,47.545482209141007],[-121.868498031479746,47.545482239586271],[-121.868522471034694,47.545485841722055],[-121.869196405136265,47.545599139480188],[-121.870280849201677,47.545804244802646],[-121.870352022036002,47.545817705635528],[-121.870960193168429,47.545903168849655],[-121.870965277379909,47.545903882626142],[-121.872031457790172,47.546088572182853],[-121.872441277576527,47.546173339643964],[-121.872833682459259,47.546160424968342],[-121.873344742478608,47.546139255985644],[-121.873419657195271,47.546141137084547],[-121.873494534964948,47.546138672198715],[-121.873496768959356,47.546138672963451],[-121.873501806415035,47.546138613604377],[-121.874007464915138,47.546132650219604],[-121.874362780657449,47.546140270622615],[-121.874718265775584,47.546138569746631],[-121.876014116609653,47.546175450309356],[-121.876994851412505,47.546230792585511],[-121.877965548965946,47.546340534837881],[-121.878919639112112,47.546503934308497],[-121.879621625863905,47.546645195748795],[-121.87971754259118,47.546668020401626],[-121.879815877358567,47.546685503193302],[-121.879932655938347,47.546710471326527],[-121.881166473858684,47.546974252723501],[-121.882266213378173,47.547194596920463],[-121.882266216737989,47.547194597716953],[-121.88226622019701,47.547194598286652],[-121.882465554405968,47.547234535722808],[-121.88367657405567,47.547525918171019],[-121.884834435989404,47.547903589451501],[-121.885925773400686,47.548363190038963],[-121.886937986463437,47.548899414541204],[-121.887461447831953,47.549208808661426],[-121.887461456307022,47.549208814189576],[-121.887461465541648,47.549208819128737],[-121.887683388693759,47.549339986481762],[-121.888407099857602,47.549805140372797],[-121.889071030573717,47.550309516040144],[-121.889329286766127,47.550523007346882],[-121.889795005636714,47.550907996167382],[-121.889896848790912,47.550992182808521],[-121.890583190541761,47.551618833585174],[-121.891177288725814,47.552287286878503],[-121.891673626635765,47.552991339622828],[-121.892067594179508,47.553724458140998],[-121.892355530786773,47.554479838742658],[-121.892387222009745,47.554583358728223],[-121.892597995728082,47.555271813461445],[-121.892654416690306,47.55551581221242],[-121.892724195890807,47.55575822274875],[-121.892745135316332,47.555908130395785],[-121.892779535626502,47.556056895119582],[-121.892800356714247,47.556303462571549],[-121.892834701550555,47.556549335779984],[-121.892870142438426,47.557079860877337],[-121.892875537061514,47.557172315748943],[-121.892903669013521,47.557736108606619],[-121.892901289510903,47.557841216549093],[-121.892901728645995,47.557846434786462],[-121.892905250795877,47.557767823977002],[-121.892902030482333,47.557850021504116],[-121.892910121490218,47.55794616668507],[-121.892892299853543,47.558238304489109],[-121.892885681177702,47.558530656927289],[-121.892872236104282,47.558610498965372],[-121.892867051882035,47.558742819289535],[-121.892792829246602,47.559082042285532],[-121.892752725862749,47.559320185583786],[-121.892714102619351,47.559441845016693],[-121.892655946266785,47.55970763248844],[-121.892645751022883,47.559740444074961],[-121.892570009424858,47.559984119018822],[-121.892546169028762,47.560260012920985],[-121.892535741189846,47.560380738639843],[-121.892517570391931,47.560501374906544],[-121.892942737315451,47.560566775107674],[-121.893327889525594,47.560641399404375],[-121.89344720604899,47.560664516491933],[-121.894200952618618,47.56082900466707],[-121.895320574623298,47.561101332277978],[-121.896348629498647,47.561388560499267],[-121.89733284571976,47.561739162833312],[-121.898264718861768,47.562150110158477],[-121.898763177860943,47.562392983848802],[-121.898865251439815,47.562443274157211],[-121.899268994530573,47.562644405762001],[-121.900133003494759,47.563118251964475],[-121.900928291820193,47.563644346262492],[-121.901647988017373,47.564218144521654],[-121.901787736382445,47.56434067718866],[-121.901787765985745,47.564340705960468],[-121.901787799612862,47.564340732630029],[-121.902036519848266,47.564558814921909],[-121.90260339673587,47.565100365807382],[-121.903102853997552,47.565671516380121],[-121.903506901383338,47.566180005295543],[-121.904119877292217,47.567079267007394],[-121.904195504179597,47.567210818490523],[-121.904433928823011,47.567625560955619],[-121.904915667576716,47.568665962504078],[-121.904968153088092,47.568813470237316],[-121.905121952760467,47.568840275386847],[-121.905336347631788,47.56889519293324],[-121.905414390117741,47.568910440739629],[-121.905764320690636,47.56900481729393],[-121.906349785812836,47.569154779583251],[-121.906454968159295,47.569191081350574],[-121.906505137535675,47.569204611559513],[-121.907268786474873,47.569471950950408],[-121.907519331116717,47.569558418579113],[-121.907548083925747,47.569569727705854],[-121.908200871873305,47.56982647586625],[-121.909070312560985,47.570203292942331],[-121.909888528758373,47.570629426601442],[-121.910649429044582,47.571101705085795],[-121.911156235522043,47.571444658723308],[-121.911324483125227,47.571570273783344],[-121.911502912140136,47.571689280984479],[-121.911718550339614,47.571864484342818],[-121.911944835543338,47.572033426771881],[-121.912094082929443,47.572169596169573],[-121.912254419752387,47.572299864804286],[-121.912397926820773,47.57244294246469],[-121.91292886477892,47.572871305776552],[-121.912963832238532,47.572899288132454],[-121.912966339043336,47.57290152484601],[-121.912966421060673,47.572901606010525],[-121.912966514436349,47.57290168134552],[-121.913564997517085,47.573435701842953],[-121.914029565226343,47.573880540905002],[-121.914620742650911,47.57448903902344],[-121.915444839817212,47.575483325982908],[-121.915647194808017,47.575773655312652],[-121.91569717736364,47.575845370814513],[-121.915854141279794,47.576070576807545],[-121.916378783904932,47.576954689385815],[-121.916499961379671,47.577257893440851],[-121.916685027267704,47.577336715086382],[-121.917536735958649,47.577374499191365],[-121.917816970406861,47.577397068019245],[-121.918407558606305,47.577444628087541],[-121.919716047472932,47.577600243695109],[-121.920990991348077,47.577853031947377],[-121.921208368261276,47.577905157155179],[-121.92241498498349,47.578179683519132],[-121.923715111008235,47.578598983905181],[-121.923987734647255,47.578700955132078],[-121.924893251571604,47.579076058214987],[-121.925746083311907,47.579503985652501],[-121.926539517895677,47.579981370266481],[-121.926718214801781,47.580098893959061],[-121.926911726058137,47.580226158811961],[-121.927606650950111,47.580723514195377],[-121.928237031090632,47.581258797709694],[-121.928387629140289,47.581398395965053],[-121.928387653667912,47.581398421215866],[-121.928387681735188,47.581398444718609],[-121.928572076658341,47.581569372701217],[-121.929311892569075,47.582344274918448],[-121.929916659932474,47.583171079768114],[-121.930096577843955,47.583456951061521],[-121.930617389225304,47.584482660042333],[-121.930893161289788,47.584644129534389],[-121.931248680892324,47.584865329906947],[-121.931612572570259,47.585115115830959],[-121.931980697939409,47.585362047014392],[-121.93202471532264,47.585398018463287],[-121.932073168948577,47.585431277658479],[-121.932399128430134,47.585703989964024],[-121.932729714585705,47.585974141990285],[-121.932768309611333,47.58601285896404],[-121.932811712476862,47.586049170899848],[-121.933096600148531,47.586342183980328],[-121.93338646284846,47.586632955880269],[-121.933419263720324,47.586674045610998],[-121.933457197750911,47.586713060680808],[-121.933698269111531,47.587023553376802],[-121.933944615875333,47.587332145550597],[-121.933971306544052,47.587375212410663],[-121.934003406276773,47.587416554967689],[-121.934198338402226,47.587741537709064],[-121.934398795440217,47.588064978861006],[-121.934419118652841,47.588109608169432],[-121.93444507476157,47.588152880141102],[-121.93459198872462,47.588489223713864],[-121.934744623850364,47.588824399443503],[-121.934758383635995,47.588870161457109],[-121.934777945917318,47.5889149461754],[-121.934875424944835,47.589259411836125],[-121.934978766247625,47.589603094612301],[-121.935042683421571,47.589886144608379],[-121.935177011587001,47.59092936268236],[-121.935185718371955,47.591194836614186],[-121.935656003071571,47.591473627918731],[-121.936305131001134,47.591888386948796],[-121.936906759331791,47.592334722318768],[-121.937323503923309,47.592668056041617],[-121.938038992991238,47.593301038822617],[-121.938659065917946,47.593978523318079],[-121.939177715882025,47.594693950721336],[-121.939398848242647,47.595041228731787],[-121.939454061726224,47.595142161699599],[-121.939464923815081,47.595157650619811],[-121.939543416283584,47.595305505363932],[-121.939833244825209,47.595835316013329],[-121.939854251080803,47.595891010257269],[-121.939861961048948,47.595905532987231],[-121.94002646994079,47.596347612543063],[-121.94014269117018,47.59665574427423],[-121.940148735264145,47.596676175158571],[-121.940235411294353,47.596969150434425],[-121.940410500703209,47.597764372799688],[-121.940468141613124,47.598567419684187],[-121.940407760388297,47.599370374356219],[-121.940355336965951,47.599722050830387],[-121.940296581835938,47.60004930493038],[-121.940243002846771,47.600304244321123],[-121.940058077992205,47.601184052786664],[-121.94005806378884,47.601184102655367],[-121.940058056879892,47.601184153225503],[-121.940043749173839,47.601252216921509],[-121.939973128176277,47.601548626105867],[-121.939924512463037,47.601731070548837],[-121.93971530795308,47.602516114674707],[-121.939437110929589,47.603321753462083],[-121.939069385441712,47.604043937712149],[-121.939261515647146,47.604583154027644],[-121.939273503486206,47.604642304929108],[-121.939355778169414,47.604675598574829],[-121.94030849634072,47.605153644270558],[-121.940649394451057,47.605343100408376],[-121.94144732303107,47.605828661531014],[-121.942177758500421,47.606360596321565],[-121.942834829923413,47.606934630884325],[-121.943413255297997,47.607546152918509],[-121.943908384041123,47.608190248746531],[-121.944236635384883,47.608668487145167],[-121.944303051089449,47.608779169718382],[-121.9444256475457,47.608952334107649],[-121.944534279749817,47.609127239961126],[-121.944534289564984,47.609127258226692],[-121.944534301980198,47.609127275753757],[-121.944581389041986,47.609203090020735],[-121.945006757133427,47.610003243843174],[-121.945305713092907,47.610829149240999],[-121.945474954753323,47.611671700231199],[-121.945512609777921,47.612521606865045],[-121.945507316929394,47.612680103833362],[-121.945499067423697,47.612927388381543],[-121.945381550843706,47.613842358983987],[-121.945546842866264,47.614137766118624],[-121.945639758701702,47.614324744342412],[-121.945949560415528,47.615062054245705],[-121.946154879290859,47.615815867409104],[-121.946253871206821,47.616579429946853],[-121.946271249129779,47.616872363726422],[-121.946269452322511,47.617550434025148],[-121.946183755639538,47.618226025134376],[-121.946165989142685,47.618319774772061],[-121.946113840030264,47.618594954394908],[-121.945954552990685,47.61923240570956],[-121.945720556006705,47.619859233299621],[-121.945572197145452,47.620198878296208],[-121.945228003291632,47.620875288507527],[-121.944796848136463,47.621528520279519],[-121.944282093869603,47.622153474868512],[-121.944053997774603,47.622403711359219],[-121.943490854650619,47.622967088264765],[-121.942859770852394,47.623496532934162],[-121.942165195775189,47.623988310937371],[-121.942097143466697,47.62403261009382],[-121.942373586092614,47.624201438010523],[-121.942619888277363,47.624368622130781],[-121.943344264243493,47.624906612143491],[-121.94399430701138,47.625486380192896],[-121.944564768391331,47.626103247749612],[-121.94473225420839,47.626303876953138],[-121.945176129889916,47.626890064229357],[-121.945548086170945,47.627498694998856],[-121.945597640178804,47.627590151141888],[-121.945927551234277,47.62829787286509],[-121.945963511284504,47.628389458122328],[-121.946014198989857,47.628567316324038],[-121.946081455511461,47.628732582177015],[-121.946387143446742,47.628729973076886],[-121.946619222551462,47.628727991547947],[-121.947251941285657,47.62839175650457],[-121.948396870060819,47.627783512621555],[-121.948450457731127,47.627757815294089],[-121.948501451434794,47.627729809528738],[-121.948657967860456,47.627652147851308],[-121.948684442391652,47.627639124024256],[-121.94876859168842,47.627598083412231],[-121.950309230022825,47.626846043919514],[-121.950413319424257,47.626800311895764],[-121.950514907044649,47.626752077420839],[-121.951426205440583,47.626363066872663],[-121.951459396246193,47.626349051633355],[-121.951778514814023,47.626215764159333],[-121.95185709539065,47.626183780114147],[-121.952077614167621,47.626096340838338],[-121.952373921188311,47.625989899554007],[-121.952594935109332,47.625918386864278],[-121.952702521188868,47.625884892182292],[-121.952873873832516,47.62583361361061],[-121.953002635485248,47.625796888723499],[-121.953217140819461,47.625738676142696],[-121.953315462806486,47.625713006735836],[-121.953555454985931,47.625652798950661],[-121.95363430167977,47.625635944123196],[-121.953711606838496,47.625616092294408],[-121.953864214149988,47.625582596210158],[-121.954186890570128,47.625521759312214],[-121.954381406006576,47.625490967237532],[-121.954743707518148,47.625445421611204],[-121.954947912845469,47.625426292155133],[-121.955046326170176,47.625279229982361],[-121.955052127783446,47.625269530003933],[-121.955057193187017,47.625262990995459],[-121.955087084372366,47.625218323428648],[-121.955127018599768,47.625165962174066],[-121.955182528986114,47.62510119245713],[-121.955233897585302,47.62503487935183],[-121.95527297775493,47.62498994297178],[-121.955318572653127,47.624942455418719],[-121.955323443022294,47.624936772604769],[-121.955329477095091,47.624931098315187],[-121.955465240699525,47.624789698431293],[-121.955566588232955,47.624693721233108],[-121.955750824461163,47.624532481564692],[-121.95595252523394,47.624381096078025],[-121.956131326996257,47.624256678844802],[-121.956531017836468,47.624013664782915],[-121.956605196270004,47.623974333950855],[-121.956896868541378,47.623833505572819],[-121.957199686685684,47.623700752848471],[-121.957401062750989,47.62361807205717],[-121.957557927192028,47.623557876037772],[-121.957776963352899,47.623479790963941],[-121.958116218647106,47.623367795710784],[-121.958349772598467,47.623296870497114],[-121.958546800352337,47.623242099635902],[-121.958650386429326,47.623214439574369],[-121.958900671252934,47.623150320443365],[-121.958937945988524,47.623140768810053],[-121.959190015155926,47.623082599403801],[-121.95980472206071,47.622956054157221],[-121.959900043352775,47.6229373029906],[-121.960482708199009,47.622827975376204],[-121.960438554990219,47.622656800489892],[-121.960409402844888,47.622392654487179],[-121.960418686823729,47.622127848583126],[-121.960466316937755,47.621864932989808],[-121.960551833921471,47.621606439676917],[-121.960674413677566,47.621354857989637],[-121.960832875233208,47.621112610678082],[-121.961025692131571,47.620882030569582],[-121.96125100714697,47.620665338107855],[-121.961506650182415,47.620464619975422],[-121.961790159176047,47.620281809004801],[-121.962098803815266,47.620118665571667],[-121.96242961182972,47.619976760648974],[-121.96277939761039,47.619857460684727],[-121.963144792878936,47.61976191444915],[-121.963522279112652,47.619691041977198],[-121.963908221413149,47.619645525713089],[-121.964298903493017,47.619625803941638],[-121.964690563444876,47.619632066569785],[-121.965079429948403,47.619664253298531],[-121.965461758567926,47.619722054203208],[-121.965833867791929,47.619804912716212],[-121.966192174467878,47.619912030983748],[-121.966533228292178,47.620042377545033],[-121.966663275256579,47.620104180200464],[-121.966783055865292,47.620101532536523],[-121.967174776320334,47.620105876986429],[-121.967563981082932,47.620136158543865],[-121.967946922461891,47.620192085629263],[-121.968319913048106,47.620273119718419],[-121.968679361206071,47.620378480525481],[-121.969021805645383,47.620507153513074],[-121.969343948739734,47.62065789965731],[-121.969642688273311,47.620829267373828],[-121.969915147309294,47.621019606490272],[-121.9701587018928,47.621227084130972],[-121.970371006322097,47.621449702361069],[-121.97055001574418,47.621685317420564],[-121.970694005857396,47.621931660363067],[-121.970801589530424,47.622186358901018],[-121.970871730177649,47.622446960247245],[-121.970903751761028,47.622710954732703],[-121.970897345321788,47.622975799973538],[-121.970852571977758,47.623238945354622],[-121.970769862357102,47.623497856593737],[-121.970726189729191,47.623589751174116],[-121.971042707759267,47.62413847112262],[-121.971064064090498,47.624178418112002],[-121.971216484315576,47.624348134375985],[-121.97162070697992,47.624866280440692],[-121.971737154343998,47.625028448112367],[-121.971827350672029,47.625165529356728],[-121.971950996796778,47.625377017472637],[-121.971988592706694,47.625450200895095],[-121.972023612519138,47.625530955813971],[-121.972062887723837,47.625610811109119],[-121.9720955457136,47.625689996324844],[-121.972175790272289,47.625924533595601],[-121.972224804969642,47.626162971459046],[-121.972242199501494,47.626403413317092],[-121.972243018869605,47.626533467429816],[-121.972232181666968,47.626744027878324],[-121.972197083189556,47.626953375411325],[-121.972171667857069,47.627065615355555],[-121.972081267096556,47.627356606482209],[-121.971944066598198,47.627639109838135],[-121.971761730693387,47.627909696957133],[-121.971687045819579,47.628006072634314],[-121.971449987866905,47.628273232872381],[-121.971168967288079,47.628520147284085],[-121.97103782712523,47.628622551832542],[-121.970700814257327,47.628855647946665],[-121.970601103495,47.628916753701795],[-121.970278714844298,47.62909454297408],[-121.969930706078102,47.629248688049913],[-121.969560856129277,47.62937751502448],[-121.969440401584592,47.629414236365058],[-121.969117363058018,47.629501479012703],[-121.968972602815569,47.629535710840884],[-121.968636748160733,47.629604097027105],[-121.968293310300325,47.629652293654665],[-121.968156212791229,47.629667321343433],[-121.967824752443377,47.629694097093839],[-121.967491141684022,47.629702062460794],[-121.967157712633508,47.62969116176486],[-121.967003915230791,47.62968176469937],[-121.966660869838066,47.629650621356632],[-121.966323103873293,47.62959951124936],[-121.96615266732627,47.629568420461474],[-121.96573380957166,47.629474953435924],[-121.965332760346669,47.629350824765467],[-121.965198337687667,47.629302980645321],[-121.964898327014481,47.629184657433122],[-121.964614664995693,47.629049156016428],[-121.964349498302681,47.62889750189666],[-121.964181501723132,47.628792612900952],[-121.963804786866376,47.628522680614182],[-121.963591988713787,47.628347491543181],[-121.963539761899142,47.628303567808992],[-121.963301884651642,47.628099173807691],[-121.963046335072889,47.628047203050166],[-121.96289487643827,47.628018887866318],[-121.962882493653623,47.628016867595022],[-121.962765608266082,47.628001954601409],[-121.962490675218802,47.628053542293671],[-121.962484526472053,47.628091043176234],[-121.962466311903796,47.62816281459309],[-121.962376905340307,47.62843182253296],[-121.962331629137253,47.628541515244379],[-121.962188429105595,47.628826148832552],[-121.961999288439841,47.629098250745884],[-121.961931667375964,47.629182929421731],[-121.961764307308698,47.62937337068886],[-121.961574408716274,47.629553893575341],[-121.96146643303986,47.629648099281511],[-121.961243740266184,47.629825968145688],[-121.960999180844027,47.629990189715841],[-121.960868596308472,47.630070611003411],[-121.960606957926174,47.630218427345717],[-121.96032761525295,47.630350614289945],[-121.960178930957326,47.630414757757897],[-121.959908951543966,47.630521409194358],[-121.959627452643488,47.630613451832588],[-121.959534251114746,47.630640936250316],[-121.959204387578026,47.630726675469617],[-121.959107515825337,47.630748580662434],[-121.95878193917855,47.630811955599292],[-121.958682916376731,47.630828189755704],[-121.958346275741363,47.630873123696318],[-121.958246111853143,47.630883493112115],[-121.957903219317771,47.630908802056837],[-121.957801407763299,47.630913319948199],[-121.957459190692745,47.630918565841917],[-121.957357251380188,47.630917173322196],[-121.957010540913117,47.630902218042621],[-121.956909486913929,47.630894863984018],[-121.956573293838886,47.630860555786668],[-121.95647312796055,47.630847363560676],[-121.956284998721614,47.630819386125559],[-121.956165110661871,47.63079949601196],[-121.956063160601047,47.63078333130531],[-121.956042531686322,47.630788929648361],[-121.95598924089937,47.630804877550446],[-121.955973115462939,47.630810095303424],[-121.955936999524937,47.630824416224513],[-121.955673531142367,47.630934463377848],[-121.954883734865703,47.631271618964078],[-121.953443071097354,47.631974884754861],[-121.953370265880267,47.632010394443604],[-121.953279887602392,47.632055241038572],[-121.952187336911464,47.632635685966086],[-121.951269210510745,47.633123610950513],[-121.951232057650941,47.633143116684685],[-121.951117728514859,47.633202414271459],[-121.951072376070115,47.633223630784343],[-121.951029349581447,47.633246955920839],[-121.950888356332925,47.633315987878298],[-121.950716841020565,47.633395444876101],[-121.950555599197244,47.633466043285843],[-121.950310515148544,47.63356512657446],[-121.950199851379068,47.63360630797775],[-121.949963943662027,47.633687330939949],[-121.949806812796396,47.633736940773609],[-121.949538920139659,47.633813614105435],[-121.949405797706589,47.633847905483073],[-121.949096309095594,47.633917978062449],[-121.948892322905252,47.633957975257907],[-121.948434479557847,47.634028319819613],[-121.948100636481499,47.634065820187061],[-121.947784497980194,47.634092621354469],[-121.94743608280173,47.634112654734622],[-121.947291994139363,47.634116140133742],[-121.94714808777961,47.634122151483105],[-121.946863567570702,47.634124580941858],[-121.946487988024913,47.634127787636444],[-121.946095604416527,47.634131136238295],[-121.945984168659081,47.63427935399546],[-121.945874621377129,47.634415264291441],[-121.945798427158266,47.634503663380656],[-121.945717012272297,47.634588280369371],[-121.945638544705943,47.6346741601131],[-121.945336109173226,47.63497146863142],[-121.94509664133615,47.635183595714551],[-121.944843889427375,47.635385911455138],[-121.94467796558672,47.635510645702063],[-121.944542596359341,47.635606259328327],[-121.944264964270914,47.635784415078476],[-121.943777445373939,47.636068495000437],[-121.943204152499163,47.636556228227334],[-121.942699851702727,47.636897145359235],[-121.942540195986425,47.63726553711826],[-121.942101482238897,47.638104049084674],[-121.941529336090554,47.638904980595449],[-121.941211148986369,47.639294219994042],[-121.940460412900919,47.640097342145097],[-121.940122543450457,47.640415746291055],[-121.940122539165586,47.640415749937006],[-121.940122535430191,47.64041575384919],[-121.939860987251222,47.640662229755399],[-121.939834457182201,47.640741573301277],[-121.939691587772657,47.64108865285278],[-121.939691574122506,47.6410886806514],[-121.939691564569415,47.641088709220355],[-121.939591408659297,47.641332013076813],[-121.939384776019295,47.641782684205651],[-121.93915292737168,47.642240695497321],[-121.939152909065172,47.642240726588533],[-121.939152895355718,47.642240758742638],[-121.938683696129303,47.643167598770681],[-121.938646032335313,47.64324208973359],[-121.938448399870595,47.643633099066236],[-121.938363563795775,47.643806887547562],[-121.938302789623918,47.643928153097491],[-121.938217522208447,47.644093964024826],[-121.938011675351248,47.644778318333287],[-121.937877524286193,47.645133911509241],[-121.937747324376346,47.645490174885737],[-121.937400214432614,47.646272751191681],[-121.937398546949424,47.646275933603576],[-121.937397345051977,47.646279210464577],[-121.937259699418064,47.646588595115908],[-121.937167991121996,47.646763156558386],[-121.937089946806722,47.646940726035041],[-121.936971399466941,47.647137353158584],[-121.936866279927031,47.647337437471791],[-121.936749690630776,47.647505083487793],[-121.936646263212424,47.647676628145405],[-121.936033836654076,47.648564933321047],[-121.935985150588479,47.648921276235008],[-121.93593444869866,47.649633167965817],[-121.935910882775829,47.649964068978711],[-121.935856748390364,47.650436160881142],[-121.935818830021674,47.650675667046102],[-121.935818828036986,47.650675675591785],[-121.93581882730146,47.650675684227743],[-121.93564115366236,47.651797881657814],[-121.935578732784705,47.652127878606116],[-121.935557483280917,47.652224403793547],[-121.935360727596503,47.653118154316765],[-121.935371196479466,47.653125368762829],[-121.93566638389342,47.65337334462415],[-121.935968694375248,47.653617372062484],[-121.936034789426031,47.653682823941402],[-121.93610828840113,47.653744566229179],[-121.936366088422758,47.654010896043125],[-121.936631549775299,47.654273768134146],[-121.936687833259228,47.654343281822406],[-121.936752023195481,47.654409594078878],[-121.93696995226469,47.654691713595376],[-121.937196007106962,47.654970899369125],[-121.93724193671639,47.65504380556375],[-121.937296199194165,47.655114049318058],[-121.937472157367893,47.655409242157099],[-121.937656627467092,47.655702053465255],[-121.937691760525411,47.655777650170855],[-121.937735572645565,47.655851149071005],[-121.938051094572018,47.656465921738409],[-121.938195260883532,47.656765520194874],[-121.938197043258583,47.656769484907102],[-121.938202527214784,47.656778269224695],[-121.938349935937794,47.657099120909244],[-121.938504535511683,47.657418424228993],[-121.938524216905648,47.657478457823252],[-121.938551197286003,47.657537182341173],[-121.938982204429209,47.658668653854861],[-121.939189383347653,47.659323665092565],[-121.939315727942741,47.65998800343008],[-121.939343110915473,47.660201549617405],[-121.939343111615969,47.660201562289217],[-121.93934311415147,47.660201574853666],[-121.939367555507957,47.660392186387263],[-121.939380753055133,47.660882508645322],[-121.939387006230959,47.660995629246401],[-121.939384535347131,47.661023029188783],[-121.939397268922264,47.661496105939172],[-121.939368481824516,47.661884359086585],[-121.939291729249476,47.662479299827204],[-121.939150275652793,47.663068800763106],[-121.939052323990424,47.663399320374673],[-121.938914125432945,47.663809877238542],[-121.938797204975273,47.664119725049339],[-121.938508934662323,47.664768838651192],[-121.938141314880767,47.665399393803177],[-121.938019518098898,47.66558510477072],[-121.937918005375167,47.665801847959997],[-121.937820573271807,47.665988009883321],[-121.937916158066827,47.666021030821838],[-121.938869800232325,47.666431290376799],[-121.939761996111343,47.666900410512703],[-121.940082130729692,47.66708575581314],[-121.940949809158383,47.667641116131911],[-121.941731311587517,47.668252081882912],[-121.942418866408914,47.668912579833098],[-121.942628247377243,47.669136687745898],[-121.943101853082496,47.669702899642083],[-121.943270192779394,47.669814446199055],[-121.943335600330101,47.669834254543765],[-121.943449119866628,47.669861672576801],[-121.943872128291332,47.669996737345826],[-121.944299072052544,47.670126031025198],[-121.944403716945345,47.670166468124698],[-121.944512712596847,47.670201268874031],[-121.944914090622873,47.670363685538391],[-121.945320222512663,47.670520619407121],[-121.945418497252746,47.670567789073885],[-121.945521919648598,47.670609637532714],[-121.945578137393753,47.670634996992199],[-121.946569802707415,47.671082319684885],[-121.947337863373633,47.671459303205722],[-121.948059358950033,47.671876153677367],[-121.948656128808679,47.672249566153404],[-121.948656130066823,47.672249567021922],[-121.94865613144492,47.672249567802957],[-121.948933721900474,47.672423259708978],[-121.949104140904751,47.67253469328557],[-121.949917247771495,47.672975092775204],[-121.950843026130414,47.673600033550073],[-121.9516624409505,47.674289408709214],[-121.952017186247545,47.674623712991085],[-121.952621329092054,47.675252602493089],[-121.953136781599767,47.675916530252891],[-121.953559123101201,47.676609806700078],[-121.95388473039678,47.67732649052661],[-121.953930920148508,47.677447943796594],[-121.954073453583533,47.677822722728372],[-121.954253701428613,47.678411326614722],[-121.954682093580985,47.678689474896814],[-121.955294020853103,47.679152760494595],[-121.955332147176946,47.6791839546093],[-121.955635647257779,47.679399001545605],[-121.95675578512666,47.679430946239336],[-121.957235716345849,47.679461203802603],[-121.958504656623944,47.679587732018149],[-121.95863857261007,47.679611172755081],[-121.958702061184795,47.679597230088156],[-121.95961283109223,47.679423731396149],[-121.959976972253529,47.67936473064546],[-121.961494032744952,47.679187559759754],[-121.961896108216806,47.679158393408223],[-121.962786762371323,47.679116359297701],[-121.962920431193282,47.679113421230362],[-121.962957802421968,47.67911260080389],[-121.963009042628855,47.67911147572454],[-121.963203913550501,47.679107189002757],[-121.963323491986912,47.67910782608957],[-121.964071582154517,47.678749125572715],[-121.964267547791849,47.67866305439069],[-121.965457852449489,47.678203402790643],[-121.96563970067335,47.678142215616901],[-121.965722003916923,47.678114787625837],[-121.965969347736646,47.678033151981126],[-121.966108975426906,47.677994199232295],[-121.966274212974213,47.677936639169403],[-121.967338288957194,47.677651240599204],[-121.967361202240653,47.677644847994365],[-121.967368049066465,47.677643269784049],[-121.96765221450417,47.677577757060348],[-121.968062147114566,47.677488765655248],[-121.968419580760028,47.67741592559809],[-121.969280469732652,47.677263779091192],[-121.969303582675309,47.677260307610673],[-121.969492920621931,47.677231877096851],[-121.969546539330551,47.67722385711361],[-121.969752507387412,47.67719306961073],[-121.970680911827841,47.677079962192686],[-121.970856398187152,47.677063366021962],[-121.972139946306086,47.676989166779329],[-121.973427872902917,47.677008389010808],[-121.973669937159855,47.677020810489019],[-121.974704599014601,47.677104570540152],[-121.974991056014034,47.677136339663761],[-121.976381296522234,47.67734849260718],[-121.976607504058421,47.677392701878638],[-121.976646304465461,47.677400285079038],[-121.977371209715116,47.677564406983237],[-121.977350515667482,47.677543875070228],[-121.977300279506338,47.677492794495976],[-121.977020852642553,47.677201543189305],[-121.976980111499728,47.677158179167769],[-121.976831420166903,47.67699653533866],[-121.976730863946628,47.676880906525511],[-121.976627619719082,47.676755132272142],[-121.976485027164443,47.676563907935758],[-121.976011851152208,47.675861276754645],[-121.975950880621681,47.67576591043963],[-121.975909247551968,47.675697185911716],[-121.975778882073172,47.675502383627617],[-121.975696159608219,47.675369416332252],[-121.975644530746081,47.675279795502107],[-121.97558294845436,47.675186595938271],[-121.975337817174477,47.674830132245262],[-121.975224943831293,47.674668384117112],[-121.975206399912025,47.67463803139681],[-121.975184590265187,47.674608685651897],[-121.974828278315641,47.674064128869922],[-121.974608197072996,47.673787048868334],[-121.974112908890618,47.673187701594941],[-121.973952119221309,47.67300513913532],[-121.973098905539544,47.672227786677759],[-121.973077203114173,47.672207822670352],[-121.972406464910136,47.671584831154796],[-121.972220204478447,47.671417501105879],[-121.972051126726143,47.671253271765742],[-121.971746808114318,47.67093297464033],[-121.971562550582064,47.670717855283527],[-121.971292834152308,47.67036658009993],[-121.971176712749042,47.670201964600039],[-121.971056748259585,47.670015967516861],[-121.971039540463039,47.66998888498884],[-121.970882895818548,47.669738586357326],[-121.970847981940068,47.669680953068273],[-121.970805736215098,47.669608854850225],[-121.970289381761873,47.669204870197191],[-121.970216518914938,47.669146200804668],[-121.969929845470489,47.668908603127804],[-121.969534521058449,47.668593138193209],[-121.969372394897121,47.668454838910243],[-121.969070772361562,47.668179511637952],[-121.969012052932598,47.66812447774948],[-121.968700953486575,47.667825039566097],[-121.968482978236963,47.667590502267601],[-121.967976948062059,47.666978368588843],[-121.967951661580528,47.666947302086101],[-121.967629375084627,47.666545109136933],[-121.967426743125728,47.666251364457757],[-121.967277690170562,47.66594333203426],[-121.967159317748155,47.665637648674668],[-121.967009056061826,47.665313335619189],[-121.966950747535535,47.665173119243455],[-121.966863311330741,47.664983895124287],[-121.966808534209292,47.664847636282765],[-121.96678996530531,47.664802744607577],[-121.966743431168652,47.664708364666808],[-121.966702345147596,47.664620005876706],[-121.966647702054331,47.664495030577491],[-121.966279078539813,47.664107965590603],[-121.965950735057135,47.663784394376457],[-121.965816418666321,47.66378927759456],[-121.965424705468351,47.663777517645052],[-121.965036585268791,47.663739875966179],[-121.964655796433576,47.663676715126883],[-121.9642860066797,47.663588643494556],[-121.963930777733523,47.663476509372671],[-121.963593531012037,47.663341392826219],[-121.963277514658714,47.663184595274295],[-121.962985772251542,47.663007626950069],[-121.962721113485344,47.662812192349257],[-121.962486087110591,47.66260017380737],[-121.962282956389885,47.662373613364387],[-121.962113677308011,47.66213469309173],[-121.961979879745329,47.661885714071012],[-121.961882851795352,47.661629074227854],[-121.961823527376907,47.66136724523372],[-121.96180247725988,47.661102748698987],[-121.961819903589671,47.660838131886379],[-121.961875637962663,47.66057594317882],[-121.961969143070334,47.660318707537904],[-121.962099517895197,47.660068902189479],[-121.962265506407704,47.659828932770111],[-121.96246550967976,47.659601110164424],[-121.962697601297521,47.659387628255779],[-121.962959545924093,47.659190542804659],[-121.963248820833627,47.659011751657808],[-121.963562640208693,47.658852976478222],[-121.96389798196698,47.658715746172234],[-121.963956822818616,47.658694259175576],[-121.9641021264394,47.658630494054783],[-121.964257575226256,47.658570857738496],[-121.96456937958223,47.658463160516781],[-121.964893944410917,47.658374323516021],[-121.964975192327103,47.658354839246122],[-121.965523034933582,47.658252447740942],[-121.965631777668463,47.658237655045092],[-121.966171828623516,47.658189777328751],[-121.966256973217796,47.658186191368841],[-121.96665818051234,47.658182932295944],[-121.967057848519914,47.658206877253086],[-121.967451946505207,47.65825778475503],[-121.967662583199299,47.65829248188242],[-121.968087804294868,47.658379712460537],[-121.968496056830517,47.658498308250067],[-121.968640850971468,47.658546984892851],[-121.968722187412766,47.658575116872164],[-121.969493215301341,47.658849352370673],[-121.969682472157089,47.658921167382502],[-121.969939755129133,47.659025104893011],[-121.970056800071006,47.65907425965537],[-121.970456362238068,47.659248586097782],[-121.970724755941603,47.659376544007564],[-121.970957714791467,47.659497597871869],[-121.971291080991719,47.6596914629338],[-121.971485604438683,47.659817826743648],[-121.971713236948318,47.659978401239329],[-121.971791661952281,47.66003849330761],[-121.971997249020063,47.660209627451337],[-121.972123017568919,47.660323525176878],[-121.972215826283659,47.66041117141431],[-121.972902838650128,47.661088118500864],[-121.972967500193235,47.661153873106016],[-121.973511560954748,47.661725073089443],[-121.973698391055947,47.661942918822291],[-121.973853015641097,47.662144317891588],[-121.974032000915571,47.662412199017687],[-121.974129615782161,47.662582457102623],[-121.97423556030094,47.662792496778685],[-121.97434652507755,47.663046202423708],[-121.974402373788777,47.663159440463097],[-121.974428748390878,47.663223192517492],[-121.974459726319708,47.663285992517274],[-121.974508608305896,47.663404126302851],[-121.974513635646446,47.663416449296939],[-121.974523681725302,47.663432877752477],[-121.974538727482013,47.663466499399043],[-121.974557322593327,47.66349930068845],[-121.974595432301783,47.663593213091936],[-121.974637144761118,47.663686424161277],[-121.974670443367557,47.663776591003078],[-121.974813901694347,47.664086121778638],[-121.974866260254643,47.664209269438288],[-121.974886578203495,47.66426171857043],[-121.974966764694472,47.66436176875083],[-121.975359975651827,47.664837351500353],[-121.97552433177168,47.66499552740941],[-121.975718377172115,47.665172636249537],[-121.976053351096283,47.665439916410286],[-121.976100920419952,47.665478597298154],[-121.976375305312246,47.665705987887023],[-121.977063968227341,47.666244731087581],[-121.977376703837621,47.666524160920652],[-121.977639607917681,47.666793804733075],[-121.977915213268432,47.667125111518239],[-121.978045271873896,47.667311000413207],[-121.978147868662433,47.667470789160127],[-121.978261785181786,47.667665157031493],[-121.978392010550792,47.667873193958812],[-121.97844932994046,47.66796204468821],[-121.97857209382488,47.668121902528107],[-121.978696923683032,47.668253268747584],[-121.978813285777377,47.668357792706111],[-121.978851165785557,47.66839238958142],[-121.979529893337343,47.669022729299499],[-121.98049288984565,47.669900002197188],[-121.980717131755981,47.670127510949719],[-121.981009682660144,47.670459627515989],[-121.98106469063211,47.670524079509612],[-121.981603133857973,47.671175543136513],[-121.981635151032421,47.671215051105143],[-121.981943120570193,47.671602714958553],[-121.982076866082963,47.671787667565305],[-121.982475245889944,47.672396388372448],[-121.982572218991436,47.672535323637476],[-121.98258176059494,47.67254909446067],[-121.982844352728875,47.672930871971474],[-121.982869299342141,47.672967867645227],[-121.982982824316394,47.673139641492938],[-121.983057782770004,47.673260907892214],[-121.983105977620312,47.673344547216303],[-121.983222113276696,47.673518049559846],[-121.983248605311218,47.67356343871856],[-121.983279212888959,47.673607631204533],[-121.983319073591403,47.673673414770235],[-121.983687597623415,47.674220532827427],[-121.98374919359037,47.674287484840598],[-121.983983274569113,47.674531438596851],[-121.984178190814703,47.674724802307175],[-121.984383638743523,47.674920150539663],[-121.985068529086988,47.675552398750945],[-121.98508070913401,47.675563703764631],[-121.987110958521697,47.677458305444098],[-121.987135845872047,47.677481792473543],[-121.988165517616821,47.678464573189821],[-121.988259997409585,47.678558907794518],[-121.988587315398235,47.678901058455374],[-121.988701210440894,47.679027599182767],[-121.988802321787261,47.679147210105178],[-121.988933955967113,47.679316601207205],[-121.989004153680639,47.679415282051899],[-121.989108109726743,47.679574350861245],[-121.989218804421043,47.67975967004206],[-121.989303981689872,47.679916010046831],[-121.989364566817059,47.680038776163009],[-121.989438600173557,47.68020679691567],[-121.989534418087359,47.680453271679532],[-121.989594370786307,47.680631983188135],[-121.989634024398342,47.680772100523683],[-121.989648572716661,47.680826525598007],[-121.989745447642363,47.681211447356198],[-121.98975746768869,47.681262118780573],[-121.989809108344943,47.681493899378658],[-121.990523911811877,47.681663504696417],[-121.991479409232397,47.681955834499334],[-121.992393428115278,47.682303432921962],[-121.992875517254461,47.682506013802694],[-121.993872565154049,47.682973864577484],[-121.994794460735378,47.683507396008352],[-121.995631753246556,47.684101140066666],[-121.996375858151623,47.684749011416443],[-121.997019145155775,47.685444369724706],[-121.99755501649453,47.686180087664518],[-121.997977974681319,47.686948623916649],[-121.998151565780489,47.687320742495338],[-121.998227958501971,47.687517761306282],[-121.998318229722216,47.687712085354732],[-121.998376904468671,47.687901892479694],[-121.998449637180968,47.688089467828306],[-121.99849706435991,47.688290593799714],[-121.998558694372406,47.688489956480545],[-121.998589535047955,47.688682732866816],[-121.998634689976114,47.688874218597526],[-121.998652693596568,47.689077514927938],[-121.998685087614902,47.689279996419607],[-121.9987327619084,47.689829443231709],[-121.998732761914994,47.689829443703204],[-121.998732761989984,47.689829444171963],[-121.998745581325693,47.689977185665612],[-121.998753839363957,47.690816967528377],[-121.998722731247483,47.691032552089375],[-121.998950555512181,47.691223678369141],[-121.998996037934774,47.691270601010409],[-121.999071543449276,47.691335552568994],[-121.999293198877865,47.69154861963888],[-121.99999653773682,47.692311428973845],[-122.000150387087089,47.692528787719802],[-122.000373824220333,47.692623656578952],[-122.000676811586644,47.692741181512218],[-122.000871696514096,47.692835044684415],[-122.001074347427647,47.692921085710189]]]}}
]
}
