{
"type": "FeatureCollection",
"name": "buildings_flooded",
"crs": { "type": "name", "properties": { "name": "urn:ogc:def:crs:OGC:1.3:CRS84" } },
"features": [
{"type":"Feature","properties":{"id":"f0bd8bc2-b44c-4f37-9a2a-cafb0c3df327"},"geometry":{"type":"Polygon","coordinates":[[[-122.010289300000011,47.7433965],[-122.010419199999987,47.7432496],[-122.010213400000012,47.7431619],[-122.010078600000014,47.7433101],[-122.010289300000011,47.7433965]]]}},
{"type":"Feature","properties":{"id":"46eb4b86-86f9-491f-b043-bf6c4dd86317"},"geometry":{"type":"Polygon","coordinates":[[[-122.012387,47.714209],[-122.01243,47.714129],[-122.012134,47.714058],[-122.012049,47.714217],[-122.012226,47.71426],[-122.012268,47.71418],[-122.012387,47.714209]]]}},
{"type":"Feature","properties":{"id":"fc9036be-1d27-4043-a84d-bb89f0d1c810"},"geometry":{"type":"Polygon","coordinates":[[[-122.01413740000001,47.7358582],[-122.01431580000002,47.735875299999982],[-122.014346700000019,47.735720199999989],[-122.0142018,47.7357039],[-122.014193700000021,47.7357499],[-122.0141589,47.735746399999989],[-122.01413740000001,47.7358582]]]}},
{"type":"Feature","properties":{"id":"e1e7f7b5-bc6e-43a9-b39f-5981d86ae0a8"},"geometry":{"type":"Polygon","coordinates":[[[-122.014145500000012,47.7353549],[-122.0141589,47.7352755],[-122.0138893,47.735251099999985],[-122.013870600000018,47.7353296],[-122.01393090000002,47.735335],[-122.013912099999985,47.735436],[-122.014061,47.7354496],[-122.0140784,47.7353485],[-122.014145500000012,47.7353549]]]}},
{"type":"Feature","properties":{"id":"e84d64ea-321d-476c-9ccf-a8612e6185cd"},"geometry":{"type":"Polygon","coordinates":[[[-122.0144112,47.736632899999989],[-122.0145792,47.7366031],[-122.014530199999982,47.7364783],[-122.014406,47.736500399999983],[-122.0144232,47.7365442],[-122.0143794,47.736552],[-122.0144112,47.736632899999989]]]}},
{"type":"Feature","properties":{"id":"441a54a9-7156-411f-9326-f027c1a11c28"},"geometry":{"type":"Polygon","coordinates":[[[-122.0130308,47.7328891],[-122.0131338,47.7328834],[-122.013142400000021,47.7327737],[-122.013108,47.7327333],[-122.0130308,47.7327333],[-122.0130308,47.732756399999985],[-122.0128849,47.7327448],[-122.0128849,47.7328372],[-122.0130308,47.7328487],[-122.0130308,47.7328891]]]}},
{"type":"Feature","properties":{"id":"4597ace7-17cd-4e61-bf98-ef0722def0aa"},"geometry":{"type":"Polygon","coordinates":[[[-122.0126531,47.7326755],[-122.012807600000016,47.7326755],[-122.012807600000016,47.7325658],[-122.0126531,47.73256580000001],[-122.0126531,47.7326755]]]}},
{"type":"Feature","properties":{"id":"08e31898-7f27-466a-ab45-e96fdab06cd3"},"geometry":{"type":"Polygon","coordinates":[[[-122.0118904,47.732829],[-122.0119591,47.732829],[-122.0119591,47.7327135],[-122.011796,47.7327135],[-122.011796,47.7328578],[-122.0118904,47.7328578],[-122.0118904,47.732829]]]}},
{"type":"Feature","properties":{"id":"59795f6a-d52c-447d-ab07-20f1458e25bc"},"geometry":{"type":"Polygon","coordinates":[[[-122.011487,47.7330888],[-122.0116587,47.7330888],[-122.0116587,47.7329791],[-122.011487,47.7329791],[-122.011487,47.7330888]]]}},
{"type":"Feature","properties":{"id":"5664deee-7c35-4688-9bc2-6d53775a0f6d"},"geometry":{"type":"Polygon","coordinates":[[[-122.0104649,47.7281729],[-122.010486699999987,47.7280703],[-122.010368400000019,47.7280589],[-122.0103466,47.7281615],[-122.0104649,47.7281729]]]}},
{"type":"Feature","properties":{"id":"52a45fee-c636-4cec-90bb-58d23420ba11"},"geometry":{"type":"Polygon","coordinates":[[[-122.010346,47.727421],[-122.010231,47.727568],[-122.01033,47.727603],[-122.010424,47.727482],[-122.010363,47.72746],[-122.010383,47.727434],[-122.010346,47.727421]]]}},
{"type":"Feature","properties":{"id":"e0acf63a-1973-419f-9d02-a08661306b40"},"geometry":{"type":"Polygon","coordinates":[[[-122.0101994,47.7277525],[-122.0102079,47.727709],[-122.010006,47.727691],[-122.0099974,47.7277344],[-122.0101994,47.7277525]]]}},
{"type":"Feature","properties":{"id":"148b1598-6aba-43a5-b82d-1c36ae993a4a"},"geometry":{"type":"Polygon","coordinates":[[[-122.011075,47.7330888],[-122.011315399999987,47.7330888],[-122.0113068,47.7327655],[-122.0110665,47.7327712],[-122.011075,47.7330888]]]}},
{"type":"Feature","properties":{"id":"3bf33842-81c8-4197-8634-20155becfa7e"},"geometry":{"type":"Polygon","coordinates":[[[-122.0108004,47.7331003],[-122.0110407,47.7331003],[-122.0110321,47.7327712],[-122.0107918,47.7327712],[-122.0108004,47.7331003]]]}},
{"type":"Feature","properties":{"id":"13eb2326-5e50-4537-b4d8-10233f17af12"},"geometry":{"type":"Polygon","coordinates":[[[-122.0097536,47.7287673],[-122.0098172,47.7287592],[-122.0097985,47.7287052],[-122.009619099999981,47.7287313],[-122.0096359,47.7287736],[-122.0096245,47.7287754],[-122.0096553,47.7288601],[-122.0097797,47.7288412],[-122.0097536,47.7287673]]]}},
{"type":"Feature","properties":{"id":"a3a45565-539b-4769-ad76-438ab42ba1ac"},"geometry":{"type":"Polygon","coordinates":[[[-122.0099276,47.7278122],[-122.0099987,47.7278115],[-122.0099966,47.7277128],[-122.009958,47.7277131],[-122.009958600000019,47.7277412],[-122.0099261,47.7277415],[-122.0099276,47.7278122]]]}},
{"type":"Feature","properties":{"id":"6632d95e-1fda-4f31-866f-d815ae80d25f"},"geometry":{"type":"Polygon","coordinates":[[[-122.009975,47.727321],[-122.009801,47.727327],[-122.00981,47.727451],[-122.00984,47.72745],[-122.009846,47.727533],[-122.010129,47.727523],[-122.010122,47.727424],[-122.009983,47.727429],[-122.009975,47.727321]]]}},
{"type":"Feature","properties":{"id":"1717e6ff-12ff-4753-9414-c4fd7b058718"},"geometry":{"type":"Polygon","coordinates":[[[-122.009882,47.727658],[-122.009856,47.727659],[-122.009859,47.727739],[-122.009937,47.727738],[-122.009935,47.7277],[-122.009884,47.727701],[-122.009882,47.727658]]]}},
{"type":"Feature","properties":{"id":"f23b8139-50f1-4c63-802d-797c64059194"},"geometry":{"type":"Polygon","coordinates":[[[-122.010022,47.723708],[-122.009856,47.723745],[-122.009886,47.723804],[-122.010051,47.723767],[-122.010022,47.723708]]]}},
{"type":"Feature","properties":{"id":"8d229501-859d-44d9-b10c-a49fb86ede5d"},"geometry":{"type":"Polygon","coordinates":[[[-122.0099464,47.7236602],[-122.010034599999983,47.723657],[-122.010027399999984,47.723568],[-122.009788500000013,47.723576799999989],[-122.009791899999982,47.723618],[-122.0098378,47.7236163],[-122.0098396,47.7236385],[-122.0099444,47.7236347],[-122.0099464,47.7236602]]]}},
{"type":"Feature","properties":{"id":"8cad0d79-06ed-4186-8e3d-83ed9c1607cf"},"geometry":{"type":"Polygon","coordinates":[[[-122.0086143,47.7196195],[-122.0087644,47.7196305],[-122.008779,47.7195404],[-122.008628900000019,47.7195293],[-122.0086143,47.7196195]]]}},
{"type":"Feature","properties":{"id":"6482bfb0-e117-4f39-87a8-b30a303895d3"},"geometry":{"type":"Polygon","coordinates":[[[-122.01162,47.716894],[-122.01166,47.716766],[-122.01155,47.716751],[-122.011538,47.716789],[-122.01143,47.716774],[-122.011425,47.71679],[-122.011378,47.716784],[-122.011364,47.71683],[-122.011399,47.716835],[-122.011382,47.716887],[-122.01136,47.716884],[-122.011344,47.716936],[-122.011505,47.716959],[-122.01153,47.716881],[-122.01162,47.716894]]]}},
{"type":"Feature","properties":{"id":"704c9729-0c9b-4430-9982-0ef9d1ee7326"},"geometry":{"type":"Polygon","coordinates":[[[-122.0069011,47.7218825],[-122.006864799999988,47.7217518],[-122.0068039,47.72175940000001],[-122.0068127,47.7217908],[-122.006816500000014,47.7217903],[-122.0068441,47.7218897],[-122.0069011,47.7218825]]]}},
{"type":"Feature","properties":{"id":"09edf30b-c478-45bf-8915-af92ae235dd4"},"geometry":{"type":"Polygon","coordinates":[[[-122.0069849,47.7218734],[-122.0069415,47.7217371],[-122.00688,47.7217459],[-122.006923300000011,47.721882199999989],[-122.0069849,47.7218734]]]}},
{"type":"Feature","properties":{"id":"db37e149-9246-41bb-8311-42cc85ab3042"},"geometry":{"type":"Polygon","coordinates":[[[-122.007129100000014,47.7218157],[-122.007101,47.7217508],[-122.0070491,47.721761],[-122.007077200000012,47.7218259],[-122.007129100000014,47.7218157]]]}},
{"type":"Feature","properties":{"id":"8fdfffcd-3d35-4740-9bd2-75ae9626259e"},"geometry":{"type":"Polygon","coordinates":[[[-122.007796,47.723947],[-122.007624,47.723948],[-122.007628,47.724179],[-122.007892,47.724177],[-122.007889,47.723976],[-122.007796,47.723977],[-122.007796,47.723947]]]}},
{"type":"Feature","properties":{"id":"19865d28-f5d9-4923-9b13-4949d61e557b"},"geometry":{"type":"Polygon","coordinates":[[[-122.007696,47.723772],[-122.007846,47.723769],[-122.007843,47.72367],[-122.007693,47.723673],[-122.007696,47.723772]]]}},
{"type":"Feature","properties":{"id":"e868abdf-3808-40dc-b2fd-e6b0f9e6056c"},"geometry":{"type":"Polygon","coordinates":[[[-122.007996,47.723638],[-122.0078909,47.7236379],[-122.0078958,47.7238737],[-122.007999500000011,47.7238746],[-122.007996,47.723638]]]}},
{"type":"Feature","properties":{"id":"fe27ab38-a874-4e82-9804-b5b8eda69306"},"geometry":{"type":"Polygon","coordinates":[[[-122.007951,47.723468],[-122.007933,47.723334],[-122.0078838,47.7233366],[-122.007856,47.723338],[-122.007874,47.723473],[-122.0079102,47.7234707],[-122.007951,47.723468]]]}},
{"type":"Feature","properties":{"id":"643e9af0-eda3-4957-bc43-ff511c39bb6e"},"geometry":{"type":"Polygon","coordinates":[[[-122.007782,47.723386],[-122.007687,47.723053],[-122.00747,47.723081],[-122.007565,47.723414],[-122.007782,47.723386]]]}},
{"type":"Feature","properties":{"id":"7363ad16-7c52-42b3-98a4-3058a490d218"},"geometry":{"type":"Polygon","coordinates":[[[-122.007409,47.723146],[-122.007242,47.723167],[-122.007308,47.723401],[-122.007475,47.72338],[-122.007409,47.723146]]]}},
{"type":"Feature","properties":{"id":"57a4daf5-a6c4-4d1d-acc0-0b0273680ea2"},"geometry":{"type":"Polygon","coordinates":[[[-122.002239,47.721269],[-122.002133,47.721242],[-122.002082,47.721334],[-122.002189,47.721361],[-122.002239,47.721269]]]}},
{"type":"Feature","properties":{"id":"4b652e75-aea0-4df4-882b-d5a35d339619"},"geometry":{"type":"Polygon","coordinates":[[[-122.0028306,47.7048574],[-122.003129800000011,47.7047927],[-122.0029417,47.7043986],[-122.0026425,47.7044633],[-122.0028306,47.7048574]]]}},
{"type":"Feature","properties":{"id":"6e7d50c8-9a03-406d-b848-d47184b876d7"},"geometry":{"type":"Polygon","coordinates":[[[-122.001164300000013,47.7030348],[-122.0011573,47.7030592],[-122.0011884,47.7030632],[-122.001179,47.7030963],[-122.0012023,47.7030993],[-122.001191399999982,47.703137599999984],[-122.0012664,47.7031472],[-122.0012763,47.703112399999988],[-122.0013126,47.7031171],[-122.00132840000002,47.7030613],[-122.0013646,47.703066],[-122.0013874,47.7029859],[-122.0013434,47.7029802],[-122.0013366,47.7030039],[-122.0012409,47.7029916],[-122.001241199999981,47.7029906],[-122.0011894,47.7029839],[-122.001190400000013,47.7029804],[-122.0011102,47.7029701],[-122.0011008,47.7030032],[-122.001054200000013,47.7029972],[-122.0010478,47.7030198],[-122.001164300000013,47.7030348]]]}},
{"type":"Feature","properties":{"id":"99e0ac0b-2b6c-428c-92d3-a370eacf0946"},"geometry":{"type":"Polygon","coordinates":[[[-122.0017877,47.7036424],[-122.0016439,47.7033208],[-122.0007826,47.7034974],[-122.000983100000013,47.7039155],[-122.001299099999983,47.703855],[-122.0012538,47.7037532],[-122.0017877,47.7036424]]]}},
{"type":"Feature","properties":{"id":"1b51bdbe-2474-4771-ad09-789ab3ef511b"},"geometry":{"type":"Polygon","coordinates":[[[-122.00194,47.721818],[-122.002146,47.72138],[-122.00205,47.72136],[-122.002104,47.721245],[-122.001964,47.721215],[-122.001915,47.721318],[-122.001789,47.721291],[-122.001577,47.72174],[-122.00194,47.721818]]]}},
{"type":"Feature","properties":{"id":"08e84f14-7a76-4c74-b1d4-dc359713fb40"},"geometry":{"type":"Polygon","coordinates":[[[-121.999477,47.721474],[-121.999569,47.721315],[-121.999286,47.721241],[-121.999194,47.7214],[-121.999477,47.721474]]]}},
{"type":"Feature","properties":{"id":"d3c59d9c-3833-4911-a5a3-21d031a8e2a5"},"geometry":{"type":"Polygon","coordinates":[[[-122.000426200000021,47.7027932],[-122.000440399999988,47.7027786],[-122.0003592,47.7027474],[-122.000298,47.7028219],[-122.0002827,47.7028166],[-122.000231,47.7028801],[-122.0002199,47.7028759],[-122.0001012,47.7030182],[-122.000202499999986,47.7030573],[-122.000222599999987,47.7030345],[-122.000240500000018,47.70304130000001],[-122.0002605,47.7030211],[-122.000292700000017,47.7030324],[-122.000277400000016,47.7030495],[-122.0003534,47.7030779],[-122.0003682,47.7030597],[-122.000404,47.703073199999984],[-122.0004863,47.7029777],[-122.0004156,47.7029501],[-122.0004504,47.7029082],[-122.000423,47.7028982],[-122.000452600000017,47.7028634],[-122.000408800000017,47.7028468],[-122.0004468,47.702801],[-122.000426200000021,47.7027932]]]}},
{"type":"Feature","properties":{"id":"8648cb95-d1f8-4af7-a253-f5c0968104ad"},"geometry":{"type":"Polygon","coordinates":[[[-121.999451100000016,47.7064461],[-121.999467700000011,47.706375599999987],[-121.9994101,47.7063695],[-121.9993936,47.7064399],[-121.999451100000016,47.7064461]]]}},
{"type":"Feature","properties":{"id":"c91adce5-6d2f-4f3f-bc5c-91ce9fedc666"},"geometry":{"type":"Polygon","coordinates":[[[-121.997017,47.705671],[-121.997066,47.705631],[-121.997005,47.705597],[-121.996955,47.705636],[-121.997017,47.705671]]]}},
{"type":"Feature","properties":{"id":"9490c656-a4fd-4bca-8a46-d264a590bc53"},"geometry":{"type":"Polygon","coordinates":[[[-121.997865800000014,47.7208514],[-121.9978633,47.720786500000017],[-121.9977936,47.7207877],[-121.9977961,47.7208526],[-121.997865800000014,47.7208514]]]}},
{"type":"Feature","properties":{"id":"bf5261d7-86f6-4671-a7e8-261d7d1c4a57"},"geometry":{"type":"Polygon","coordinates":[[[-121.998284,47.720933],[-121.998253,47.720964],[-121.99844,47.721049],[-121.998514,47.720975],[-121.998403,47.720925],[-121.998361,47.720967],[-121.998284,47.720933]]]}},
{"type":"Feature","properties":{"id":"235cfad2-d4f3-45bd-a160-14840dbc2994"},"geometry":{"type":"Polygon","coordinates":[[[-122.001448,47.722374499999987],[-122.0014584,47.7223305],[-122.001377300000016,47.7223219],[-122.0013669,47.7223659],[-122.001448,47.722374499999987]]]}},
{"type":"Feature","properties":{"id":"d3ec1f11-2a31-41d1-ac83-119c4ed16d2b"},"geometry":{"type":"Polygon","coordinates":[[[-121.987965,47.753694],[-121.988083,47.753682],[-121.988047,47.75351],[-121.987929,47.753521],[-121.987965,47.753694]]]}},
{"type":"Feature","properties":{"id":"dda5ed95-6577-46b5-9973-10fef3d83032"},"geometry":{"type":"Polygon","coordinates":[[[-121.987891,47.753487],[-121.988001,47.753476],[-121.987966,47.753321],[-121.987899,47.753328],[-121.987918,47.753413],[-121.987875,47.753417],[-121.987891,47.753487]]]}},
{"type":"Feature","properties":{"id":"be81f0c6-e3d2-441d-9315-0861583bf24c"},"geometry":{"type":"Polygon","coordinates":[[[-121.987947,47.752333],[-121.988062,47.752332],[-121.98806,47.752226],[-121.987945,47.752227],[-121.987947,47.752333]]]}},
{"type":"Feature","properties":{"id":"f1d33edf-19c1-4adc-b2f0-7c81fb6845d0"},"geometry":{"type":"Polygon","coordinates":[[[-121.9869,47.752042],[-121.986901,47.752121],[-121.986994,47.752121],[-121.986994,47.752042],[-121.9869,47.752042]]]}},
{"type":"Feature","properties":{"id":"6c7cafae-dd9e-441a-b1f0-13766b07eed8"},"geometry":{"type":"Polygon","coordinates":[[[-121.986576,47.752959],[-121.986534,47.75312],[-121.986724,47.753142],[-121.986732,47.753113],[-121.986784,47.753119],[-121.986805,47.753036],[-121.986761,47.753031],[-121.986769,47.753001],[-121.98673,47.752997],[-121.986737,47.752967],[-121.986649,47.752957],[-121.986646,47.752967],[-121.986576,47.752959]]]}},
{"type":"Feature","properties":{"id":"abee381f-cf02-4130-9dc0-36452f8cfb9e"},"geometry":{"type":"Polygon","coordinates":[[[-121.986597,47.752594],[-121.986561,47.752688],[-121.986727,47.752717],[-121.98674,47.752683],[-121.98677,47.752688],[-121.986793,47.752628],[-121.986597,47.752594]]]}},
{"type":"Feature","properties":{"id":"b7c037f8-33d3-47d2-9aae-a20381f731f3"},"geometry":{"type":"Polygon","coordinates":[[[-121.986802,47.752741],[-121.986679,47.752723],[-121.986646,47.752829],[-121.986769,47.752846],[-121.986802,47.752741]]]}},
{"type":"Feature","properties":{"id":"179a4a18-86fb-4b29-a4d8-2bb5d7ac6f38"},"geometry":{"type":"Polygon","coordinates":[[[-121.98658,47.752159],[-121.986593,47.752104],[-121.986659,47.752112],[-121.986678,47.752034],[-121.986562,47.752022],[-121.986531,47.752154],[-121.98658,47.752159]]]}},
{"type":"Feature","properties":{"id":"07776bda-9e20-40c3-aafb-94012e2d2a88"},"geometry":{"type":"Polygon","coordinates":[[[-121.986593,47.7514496],[-121.986691400000012,47.7514477],[-121.9866859,47.7513217],[-121.9865314,47.751324699999984],[-121.986534599999985,47.7513978],[-121.986551300000016,47.751397499999989],[-121.9865524,47.7514226],[-121.9865917,47.7514219],[-121.986593,47.7514496]]]}},
{"type":"Feature","properties":{"id":"1bbd1871-5b47-4966-92d0-abf760c0ef11"},"geometry":{"type":"Polygon","coordinates":[[[-121.986881,47.751735],[-121.986888,47.75164],[-121.986795,47.751638],[-121.986789,47.751732],[-121.986881,47.751735]]]}},
{"type":"Feature","properties":{"id":"e67459e7-feae-40c3-bd84-dd82f34a5222"},"geometry":{"type":"Polygon","coordinates":[[[-121.988786,47.749585],[-121.988788,47.749257],[-121.988469,47.749256],[-121.988467,47.749623],[-121.988534,47.749624],[-121.988534,47.749593],[-121.988564,47.749593],[-121.988563,47.749651],[-121.988845,47.749652],[-121.988845,47.749585],[-121.988786,47.749585]]]}},
{"type":"Feature","properties":{"id":"250daa2e-0b49-4e70-9094-52f367e2617b"},"geometry":{"type":"Polygon","coordinates":[[[-121.9887864,47.7489444],[-121.9890311,47.7489364],[-121.9890054,47.7485809],[-121.98876079999998,47.7485889],[-121.9887864,47.7489444]]]}},
{"type":"Feature","properties":{"id":"5db66e33-965d-44ac-a9e1-0dc50b9fe9e7"},"geometry":{"type":"Polygon","coordinates":[[[-121.9896943,47.7535137],[-121.9895381,47.7530306],[-121.989177400000017,47.7530833],[-121.9891637,47.7530407],[-121.9888953,47.75307990000001],[-121.988908600000016,47.7531209],[-121.988537799999989,47.7531751],[-121.9886777,47.753607],[-121.9893102,47.7535144],[-121.9893318,47.7535812],[-121.9893923,47.7535724],[-121.989420200000012,47.7536588],[-121.989865,47.75359370000001],[-121.9898326,47.7534935],[-121.9896943,47.7535137]]]}},
{"type":"Feature","properties":{"id":"5f67616c-e74d-43b5-b1b1-f1f1b2548f43"},"geometry":{"type":"Polygon","coordinates":[[[-121.988138,47.752766],[-121.988001,47.752782],[-121.988037,47.752918],[-121.988175,47.752901],[-121.988138,47.752766]]]}},
{"type":"Feature","properties":{"id":"410d3a98-83cf-4451-9283-ce448dab340b"},"geometry":{"type":"Polygon","coordinates":[[[-121.98818,47.753561],[-121.988358,47.753543],[-121.988298,47.753286],[-121.988038,47.753313],[-121.988076,47.753472],[-121.988157,47.753464],[-121.98818,47.753561]]]}},
{"type":"Feature","properties":{"id":"5bcca24f-ade7-4739-b5ef-c697bd2289c2"},"geometry":{"type":"Polygon","coordinates":[[[-121.993643,47.748073],[-121.993642,47.748163],[-121.993713,47.748163],[-121.993714,47.748073],[-121.993643,47.748073]]]}},
{"type":"Feature","properties":{"id":"55deb263-dbf3-4aea-8a38-2e2f486fecef"},"geometry":{"type":"Polygon","coordinates":[[[-121.9896678,47.7293024],[-121.989857,47.7292031],[-121.9895981,47.7289799],[-121.9894089,47.7290792],[-121.9896678,47.7293024]]]}},
{"type":"Feature","properties":{"id":"149b99ec-2eef-4295-878a-2d15008fe62a"},"geometry":{"type":"Polygon","coordinates":[[[-121.995134,47.707194],[-121.995209,47.70712],[-121.995085,47.707063],[-121.995011,47.707138],[-121.995134,47.707194]]]}},
{"type":"Feature","properties":{"id":"0288490f-9ff9-4a95-be23-a766cdc92e66"},"geometry":{"type":"Polygon","coordinates":[[[-121.989279400000015,47.7294158],[-121.989418900000018,47.7293371],[-121.989115699999985,47.7290938],[-121.988976199999982,47.729172399999989],[-121.989279400000015,47.7294158]]]}},
{"type":"Feature","properties":{"id":"4b59c1c8-075b-43e9-bb3b-9a279a064794"},"geometry":{"type":"Polygon","coordinates":[[[-121.9892154,47.728729],[-121.9890692,47.7288089],[-121.9893711,47.7290589],[-121.989517400000011,47.7289789],[-121.9892154,47.728729]]]}},
{"type":"Feature","properties":{"id":"59bedb6e-5bf9-41ca-ba61-59f2e268038d"},"geometry":{"type":"Polygon","coordinates":[[[-121.9841138,47.6955099],[-121.984194300000013,47.6954874],[-121.9841272,47.6953773],[-121.9839905,47.69540880000001],[-121.9840334,47.6954973],[-121.984100400000017,47.6954829],[-121.9841138,47.6955099]]]}},
{"type":"Feature","properties":{"id":"a7e7420b-fbbc-41cd-845b-f979eddd6953"},"geometry":{"type":"Polygon","coordinates":[[[-121.9853345,47.6830922],[-121.9854686,47.683094],[-121.985470600000014,47.6828951],[-121.9853372,47.6828953],[-121.9853345,47.6830922]]]}},
{"type":"Feature","properties":{"id":"76edfbdb-9805-4978-ad47-37f3bd4e66b3"},"geometry":{"type":"Polygon","coordinates":[[[-121.985758100000012,47.6832025],[-121.9857529,47.6827738],[-121.985486800000018,47.6827736],[-121.9854825,47.6832005],[-121.985758100000012,47.6832025]]]}},
{"type":"Feature","properties":{"id":"e1dec681-3aa2-42c2-88a4-51b12fb972cc"},"geometry":{"type":"Polygon","coordinates":[[[-121.98958930000002,47.6876125],[-121.9894894,47.6876533],[-121.9895413,47.6877108],[-121.9896412,47.68767],[-121.98958930000002,47.6876125]]]}},
{"type":"Feature","properties":{"id":"dc5db5b4-fc37-4f60-9c72-056aea1f58c2"},"geometry":{"type":"Polygon","coordinates":[[[-121.986658100000014,47.6826415],[-121.9867875,47.6826391],[-121.986785,47.6825786],[-121.9866556,47.682581],[-121.986658100000014,47.6826415]]]}},
{"type":"Feature","properties":{"id":"6ccbf39f-793b-4f0c-800a-4b0db74f1afd"},"geometry":{"type":"Polygon","coordinates":[[[-121.9869754,47.681998299999989],[-121.9870728,47.6819991],[-121.987065200000018,47.6818995],[-121.9869754,47.6819018],[-121.9869754,47.681998299999989]]]}},
{"type":"Feature","properties":{"id":"404558dd-f18e-49c0-9ad1-9ba72a52bed1"},"geometry":{"type":"Polygon","coordinates":[[[-121.9895047,47.6825448],[-121.989673600000017,47.6824907],[-121.98959050000002,47.682366099999989],[-121.9894242,47.682413],[-121.9895047,47.6825448]]]}},
{"type":"Feature","properties":{"id":"0b15cfd0-f262-47b0-aee5-64f5d2b1ebc3"},"geometry":{"type":"Polygon","coordinates":[[[-121.9863256,47.6815381],[-121.986436,47.6815176],[-121.986379700000015,47.6813798],[-121.986269299999989,47.6814003],[-121.9863256,47.6815381]]]}},
{"type":"Feature","properties":{"id":"02d3ea76-3260-481c-936e-ac207bfd301e"},"geometry":{"type":"Polygon","coordinates":[[[-121.9863009,47.6810194],[-121.986309800000015,47.6811727],[-121.986425,47.6811697],[-121.9864161,47.6810164],[-121.9863009,47.6810194]]]}},
{"type":"Feature","properties":{"id":"4118b370-c268-4eff-9fc1-ab918c53b6a9"},"geometry":{"type":"Polygon","coordinates":[[[-121.98624580000002,47.6826207],[-121.9864147,47.6826171],[-121.9864147,47.6825484],[-121.98624580000002,47.6825502],[-121.98624580000002,47.6826207]]]}},
{"type":"Feature","properties":{"id":"e6d640ad-dfae-4c43-a94d-a267e6adc261"},"geometry":{"type":"Polygon","coordinates":[[[-121.9861615,47.6824501],[-121.9861549,47.6824045],[-121.98609230000001,47.6824086],[-121.986098899999988,47.6824542],[-121.9861615,47.6824501]]]}},
{"type":"Feature","properties":{"id":"997a0513-18c4-4157-8641-055343f4befa"},"geometry":{"type":"Polygon","coordinates":[[[-121.9860985,47.681844],[-121.9859805,47.681853],[-121.986045,47.6822337],[-121.986163,47.6822246],[-121.9860985,47.681844]]]}},
{"type":"Feature","properties":{"id":"62bde637-6b03-46cc-8b51-58c5a970d8f8"},"geometry":{"type":"Polygon","coordinates":[[[-121.98588460000002,47.6808976],[-121.9857964,47.6809175],[-121.985851600000018,47.6810291],[-121.9859399,47.6810093],[-121.98588460000002,47.6808976]]]}},
{"type":"Feature","properties":{"id":"5520302a-084d-472c-9a3e-308f45649f0a"},"geometry":{"type":"Polygon","coordinates":[[[-121.9859353,47.6811502],[-121.986058900000018,47.681121399999988],[-121.986024,47.6810537],[-121.9859005,47.6810825],[-121.9859353,47.6811502]]]}},
{"type":"Feature","properties":{"id":"a403ed9e-d75a-4791-8232-3c37b2c28736"},"geometry":{"type":"Polygon","coordinates":[[[-121.985262100000014,47.6824999],[-121.9857824,47.6824981],[-121.985787800000011,47.6823807],[-121.985259400000018,47.68238430000001],[-121.985262100000014,47.6824999]]]}},
{"type":"Feature","properties":{"id":"f4e9e413-1166-448e-8066-c8a8383f7060"},"geometry":{"type":"Polygon","coordinates":[[[-121.985240599999983,47.6823428],[-121.985785099999987,47.6823428],[-121.985784400000014,47.6821169],[-121.985246,47.682117],[-121.985240599999983,47.6823428]]]}},
{"type":"Feature","properties":{"id":"41a07856-f15e-4424-ad7e-ecd03771492c"},"geometry":{"type":"Polygon","coordinates":[[[-121.985280799999984,47.682099],[-121.9857663,47.6821062],[-121.9857683,47.682055499999983],[-121.9852835,47.6820484],[-121.985280799999984,47.682099]]]}},
{"type":"Feature","properties":{"id":"2beef2c5-558b-45bc-8876-679ef31f6ab9"},"geometry":{"type":"Polygon","coordinates":[[[-121.9853291,47.6820177],[-121.985707300000016,47.6820159],[-121.985707300000016,47.6818769],[-121.9853372,47.6818769],[-121.9853291,47.6820177]]]}},
{"type":"Feature","properties":{"id":"b1c9f32a-428e-4214-beec-c28cd53ba091"},"geometry":{"type":"Polygon","coordinates":[[[-121.9851088,47.6755643],[-121.985121,47.6755618],[-121.9851134,47.675545],[-121.9850996,47.6755478],[-121.9850888,47.675524],[-121.9850261,47.6755368],[-121.9850543,47.6755995],[-121.985118700000015,47.6755863],[-121.9851088,47.6755643]]]}},
{"type":"Feature","properties":{"id":"9a075b21-a5a4-444f-8643-4c8baa62ded5"},"geometry":{"type":"Polygon","coordinates":[[[-121.985039200000017,47.6763947],[-121.98521460000002,47.6763268],[-121.9851404,47.6762399],[-121.9850719,47.6762664],[-121.985046400000016,47.67623660000001],[-121.9849395,47.6762779],[-121.985039200000017,47.6763947]]]}},
{"type":"Feature","properties":{"id":"6754a80b-5b46-424b-9d0c-8d0fe93f6369"},"geometry":{"type":"Polygon","coordinates":[[[-121.9841924,47.6773221],[-121.9840388,47.6772043],[-121.98388970000002,47.6772924],[-121.9840433,47.6774102],[-121.9841924,47.6773221]]]}},
{"type":"Feature","properties":{"id":"b039e141-8b7b-4c79-a776-3be6c244c678"},"geometry":{"type":"Polygon","coordinates":[[[-121.9836763,47.6756148],[-121.983795,47.6756228],[-121.9838113,47.675513],[-121.9836927,47.675505],[-121.9836763,47.6756148]]]}},
{"type":"Feature","properties":{"id":"2e42f127-35d6-4648-9d1e-639e331d581c"},"geometry":{"type":"Polygon","coordinates":[[[-121.98947720000001,47.6878373],[-121.9896363,47.6879603],[-121.9897857,47.6878727],[-121.9896266,47.6877497],[-121.98947720000001,47.6878373]]]}},
{"type":"Feature","properties":{"id":"d31de367-592f-4464-843c-26a256e2e9d1"},"geometry":{"type":"Polygon","coordinates":[[[-121.990106,47.702372],[-121.990096,47.702536],[-121.9902,47.702539],[-121.990211,47.702375],[-121.990106,47.702372]]]}},
{"type":"Feature","properties":{"id":"f7c06322-a3c5-4d5f-b410-42b9f38f739f"},"geometry":{"type":"Polygon","coordinates":[[[-121.990861,47.702438],[-121.990491,47.702435],[-121.99049,47.702489],[-121.990522,47.70249],[-121.990521,47.702517],[-121.990647,47.702518],[-121.990647,47.70254],[-121.990859,47.702541],[-121.990861,47.702438]]]}},
{"type":"Feature","properties":{"id":"7d36a328-dfe5-4e4a-8868-0621315f56cb"},"geometry":{"type":"Polygon","coordinates":[[[-121.990944,47.702552],[-121.990943,47.702617],[-121.991114,47.702619],[-121.991116,47.702554],[-121.990944,47.702552]]]}},
{"type":"Feature","properties":{"id":"efd1f831-e2a6-4346-8dba-a9ace898667e"},"geometry":{"type":"Polygon","coordinates":[[[-121.993735,47.693995],[-121.993566,47.694033],[-121.993635,47.694171],[-121.993804,47.694133],[-121.993735,47.693995]]]}},
{"type":"Feature","properties":{"id":"3817ca29-73c5-4317-9c60-93dcc1c929b8"},"geometry":{"type":"Polygon","coordinates":[[[-121.995279,47.693035],[-121.995381,47.693003],[-121.995257,47.692821],[-121.995155,47.692853],[-121.995279,47.693035]]]}},
{"type":"Feature","properties":{"id":"fe1d38c2-9ebf-46ae-af07-03a44347e3c8"},"geometry":{"type":"Polygon","coordinates":[[[-121.995179400000012,47.6929998],[-121.9952126,47.6929904],[-121.9951882,47.6929514],[-121.995155,47.6929608],[-121.995179400000012,47.6929998]]]}},
{"type":"Feature","properties":{"id":"0f550fa1-5dfb-49b6-9b60-f04cc814458c"},"geometry":{"type":"Polygon","coordinates":[[[-121.995171900000017,47.6929901],[-121.995101,47.6929161],[-121.9949314,47.692989799999985],[-121.9950022,47.6930638],[-121.995171900000017,47.6929901]]]}},
{"type":"Feature","properties":{"id":"7da2c846-956f-4995-a655-71af1f572be3"},"geometry":{"type":"Polygon","coordinates":[[[-121.995222,47.694229],[-121.995103,47.69411],[-121.994942,47.694182],[-121.995062,47.694302],[-121.995222,47.694229]]]}},
{"type":"Feature","properties":{"id":"72428df9-4e6c-4081-a1f6-d83fed7f032d"},"geometry":{"type":"Polygon","coordinates":[[[-121.9945957,47.6936913],[-121.9947028,47.6937866],[-121.9948538,47.6937097],[-121.9947467,47.6936144],[-121.9945957,47.6936913]]]}},
{"type":"Feature","properties":{"id":"bf3de699-db29-4ae6-82f5-b41fb8563b4b"},"geometry":{"type":"Polygon","coordinates":[[[-121.994811,47.693897],[-121.994767,47.693843],[-121.994707,47.693865],[-121.994751,47.693919],[-121.994811,47.693897]]]}},
{"type":"Feature","properties":{"id":"be980bf6-b02c-450b-a2ce-c0f44b5557ce"},"geometry":{"type":"Polygon","coordinates":[[[-121.9957739,47.6940125],[-121.9959174,47.6941521],[-121.996043,47.6940936],[-121.9959599,47.69401280000001],[-121.9960218,47.6939839],[-121.9959614,47.6939252],[-121.9957739,47.6940125]]]}},
{"type":"Feature","properties":{"id":"a169650c-d4d8-4912-882b-efe7fe729f03"},"geometry":{"type":"Polygon","coordinates":[[[-121.996099,47.694086],[-121.996193,47.694055],[-121.996149,47.693995],[-121.996055,47.694027],[-121.996099,47.694086]]]}},
{"type":"Feature","properties":{"id":"300348ac-1e19-497d-9201-14b55a8c864b"},"geometry":{"type":"Polygon","coordinates":[[[-121.997943,47.701932],[-121.997891,47.701874],[-121.997824,47.701902],[-121.997875,47.701959],[-121.997943,47.701932]]]}},
{"type":"Feature","properties":{"id":"8ed01564-845e-45cd-9075-082daa4f00e4"},"geometry":{"type":"Polygon","coordinates":[[[-122.000188,47.7015991],[-122.000078,47.7015984],[-122.000077600000012,47.7016309],[-122.00018750000001,47.7016316],[-122.000188,47.7015991]]]}},
{"type":"Feature","properties":{"id":"be032acc-0584-460f-9aea-6cca08ebb9d7"},"geometry":{"type":"Polygon","coordinates":[[[-122.000045,47.700559],[-121.999874,47.70059],[-121.999915,47.700691],[-122.000086,47.700659],[-122.000045,47.700559]]]}},
{"type":"Feature","properties":{"id":"e99b1af3-7d4a-4657-992f-a7740326142e"},"geometry":{"type":"Polygon","coordinates":[[[-122.0001935,47.701858499999986],[-122.0004396,47.7018521],[-122.0004276,47.7016426],[-122.000181499999982,47.7016489],[-122.0001935,47.701858499999986]]]}},
{"type":"Feature","properties":{"id":"05176a9b-8e0e-4822-b6ea-6edf13052c96"},"geometry":{"type":"Polygon","coordinates":[[[-121.894091,47.564989],[-121.893813,47.564933],[-121.893777,47.565014],[-121.894055,47.56507],[-121.894091,47.564989]]]}},
{"type":"Feature","properties":{"id":"99d95d02-89c9-402d-85cd-cec4a6b6c0f7"},"geometry":{"type":"Polygon","coordinates":[[[-121.893615,47.564898],[-121.893512,47.564873],[-121.893442,47.565009],[-121.89365,47.565058],[-121.893702,47.564958],[-121.893597,47.564933],[-121.893615,47.564898]]]}},
{"type":"Feature","properties":{"id":"aa3c5e6d-628b-4946-bb5c-92373aaf595e"},"geometry":{"type":"Polygon","coordinates":[[[-121.8936873,47.56517740000001],[-121.8935648,47.5651483],[-121.8935236,47.5652271],[-121.8936462,47.5652562],[-121.8936873,47.56517740000001]]]}},
{"type":"Feature","properties":{"id":"29aa2fa1-43c0-4944-90fd-bbe6e0ad96fd"},"geometry":{"type":"Polygon","coordinates":[[[-121.8931835,47.5654023],[-121.893231,47.5653135],[-121.8931237,47.565287400000017],[-121.8930772,47.5653769],[-121.8931835,47.5654023]]]}},
{"type":"Feature","properties":{"id":"8a6c2371-f664-423b-a250-f03afddb382f"},"geometry":{"type":"Polygon","coordinates":[[[-121.891575,47.564695],[-121.891506,47.56482],[-121.891621,47.564849],[-121.891691,47.564724],[-121.891575,47.564695]]]}},
{"type":"Feature","properties":{"id":"b5bcd00f-3010-49e7-85e9-7ea91257e7da"},"geometry":{"type":"Polygon","coordinates":[[[-121.891698500000018,47.5647076],[-121.8917651,47.5645857],[-121.891584599999987,47.5645408],[-121.89156,47.5645859],[-121.891579799999988,47.5645909],[-121.8915379,47.5646677],[-121.891698500000018,47.5647076]]]}},
{"type":"Feature","properties":{"id":"c15b2119-79c9-4680-bb6e-3e2621e5f486"},"geometry":{"type":"Polygon","coordinates":[[[-121.8917987,47.5645485],[-121.891870200000014,47.5644183],[-121.8917146,47.5643794],[-121.8917095,47.564388799999989],[-121.891696100000019,47.5643855],[-121.891677200000018,47.5644198],[-121.8916906,47.5644232],[-121.89164310000001,47.5645095],[-121.8917987,47.5645485]]]}},
{"type":"Feature","properties":{"id":"3e47e044-b60c-4252-839b-1bbc35fa8e01"},"geometry":{"type":"Polygon","coordinates":[[[-121.8914383,47.5648687],[-121.8914545,47.5648472],[-121.8914229,47.5648364],[-121.8914067,47.5648578],[-121.8914383,47.5648687]]]}},
{"type":"Feature","properties":{"id":"6bc0cc9e-7d25-4444-ac0b-cbad074b147e"},"geometry":{"type":"Polygon","coordinates":[[[-121.891495799999987,47.5648826],[-121.8915094,47.5648599],[-121.891469900000018,47.5648491],[-121.8914562,47.5648718],[-121.891495799999987,47.5648826]]]}},
{"type":"Feature","properties":{"id":"08558de0-3879-4e7a-b86d-35f6801a5220"},"geometry":{"type":"Polygon","coordinates":[[[-121.891561,47.565098],[-121.89161,47.564996],[-121.891476,47.564967],[-121.891427,47.565069],[-121.891561,47.565098]]]}},
{"type":"Feature","properties":{"id":"3cd6d437-9de6-4c8f-a7c6-ebb6ae5d512b"},"geometry":{"type":"Polygon","coordinates":[[[-121.8912609,47.5650136],[-121.891287500000018,47.5649699],[-121.8911105,47.564921],[-121.891075700000016,47.5649784],[-121.8910861,47.5649813],[-121.8910654,47.5650154],[-121.8912005,47.56505270000001],[-121.8912182,47.565023600000011],[-121.8912385,47.5650292],[-121.891249800000011,47.5650106],[-121.8912609,47.5650136]]]}},
{"type":"Feature","properties":{"id":"7f15e435-eade-4297-bb0a-72b85a086f8a"},"geometry":{"type":"Polygon","coordinates":[[[-121.8910182,47.5647418],[-121.8908869,47.5649729],[-121.8910138,47.5650052],[-121.8911451,47.5647741],[-121.8910182,47.5647418]]]}},
{"type":"Feature","properties":{"id":"55eb4767-e58f-4d11-90b7-438af648dbe8"},"geometry":{"type":"Polygon","coordinates":[[[-121.891203,47.5644153],[-121.8912238,47.5643758],[-121.8911178,47.564350399999981],[-121.89109710000001,47.56439],[-121.891203,47.5644153]]]}},
{"type":"Feature","properties":{"id":"fdfb61eb-1e26-4106-91cf-4592c1aacef8"},"geometry":{"type":"Polygon","coordinates":[[[-121.890635,47.564655],[-121.890614,47.564703],[-121.890817,47.564744],[-121.890838,47.564696],[-121.890635,47.564655]]]}},
{"type":"Feature","properties":{"id":"db2b754f-6ed1-416c-9671-433fb708500f"},"geometry":{"type":"Polygon","coordinates":[[[-121.8907633,47.5651253],[-121.890630800000011,47.5650975],[-121.8906063,47.565151],[-121.89062,47.5651538],[-121.8906061,47.565184],[-121.89067919999998,47.5651993],[-121.890695900000011,47.5651629],[-121.8907416,47.5651725],[-121.8907633,47.5651253]]]}},
{"type":"Feature","properties":{"id":"036eb4b9-3c6b-423c-93cd-ed72984a2c3c"},"geometry":{"type":"Polygon","coordinates":[[[-121.8882148,47.561974],[-121.888390200000018,47.5618487],[-121.8882371,47.5617511],[-121.8880617,47.56187640000001],[-121.8882148,47.561974]]]}},
{"type":"Feature","properties":{"id":"de7d9053-0dfb-42c3-91b5-63309547f3de"},"geometry":{"type":"Polygon","coordinates":[[[-121.8890125,47.5617073],[-121.889180100000019,47.5615949],[-121.889014500000016,47.5614871],[-121.8889466,47.561536],[-121.8889167,47.5615169],[-121.8888278,47.56158090000001],[-121.8888017,47.5615814],[-121.8887768,47.5615984],[-121.8887795,47.5616257],[-121.8887471,47.5616494],[-121.888943,47.5617772],[-121.889028600000017,47.5617178],[-121.8890125,47.5617073]]]}},
{"type":"Feature","properties":{"id":"4544d673-e4ce-4608-a2b2-ad76101fd009"},"geometry":{"type":"Polygon","coordinates":[[[-121.8888634,47.561232],[-121.8887854,47.5612468],[-121.8888043,47.5612921],[-121.8888823,47.5612773],[-121.8888634,47.561232]]]}},
{"type":"Feature","properties":{"id":"56fe65a0-0744-43b0-84aa-be713854d73b"},"geometry":{"type":"Polygon","coordinates":[[[-121.8850736,47.5564916],[-121.8848685,47.5564297],[-121.8847871,47.5565526],[-121.8849923,47.5566145],[-121.8850736,47.5564916]]]}},
{"type":"Feature","properties":{"id":"80b0971d-6748-43af-ae1a-995c29fd527f"},"geometry":{"type":"Polygon","coordinates":[[[-121.884098400000013,47.556991],[-121.8841381,47.556879799999983],[-121.8839809,47.5568543],[-121.883936,47.5569802],[-121.8839878,47.5569886],[-121.883993100000012,47.5569739],[-121.884098400000013,47.556991]]]}},
{"type":"Feature","properties":{"id":"0d9eb9b1-129d-4caf-9174-953791dfb66d"},"geometry":{"type":"Polygon","coordinates":[[[-121.8841359,47.5572568],[-121.8841676,47.5571934],[-121.884072500000016,47.5571717],[-121.8840408,47.5572351],[-121.8841359,47.5572568]]]}},
{"type":"Feature","properties":{"id":"881e6db6-f50d-40cc-9587-f560abb30787"},"geometry":{"type":"Polygon","coordinates":[[[-121.8840856,47.5575456],[-121.8841818,47.5575967],[-121.8841275,47.5576433],[-121.884222800000018,47.557694],[-121.8843508,47.5575842],[-121.8841593,47.5574824],[-121.8840856,47.5575456]]]}},
{"type":"Feature","properties":{"id":"ace7f768-9d5d-4bbf-b9bb-10a6012b16cb"},"geometry":{"type":"Polygon","coordinates":[[[-121.8828545,47.5586967],[-121.882903900000017,47.5585259],[-121.8826675,47.5584947],[-121.882618,47.5586656],[-121.8828545,47.5586967]]]}},
{"type":"Feature","properties":{"id":"1b0169a2-17d3-48dd-95f2-9c948ca3570b"},"geometry":{"type":"Polygon","coordinates":[[[-121.882205200000016,47.5547719],[-121.8824849,47.555034299999988],[-121.8826582,47.5549501],[-121.8823785,47.5546877],[-121.882205200000016,47.5547719]]]}},
{"type":"Feature","properties":{"id":"9558c052-fa94-482b-87a2-716c85e8b9b1"},"geometry":{"type":"Polygon","coordinates":[[[-121.8817991,47.5544627],[-121.88112510000002,47.5547976],[-121.88130910000001,47.5549662],[-121.881471099999985,47.5548857],[-121.8815001,47.5549124],[-121.881821,47.5547529],[-121.8817905,47.554725],[-121.8819816,47.55463],[-121.8817991,47.5544627]]]}},
{"type":"Feature","properties":{"id":"77605929-f703-47f4-9d36-7d3aeac497e8"},"geometry":{"type":"Polygon","coordinates":[[[-121.8714828,47.5538093],[-121.8716862,47.5537921],[-121.8716683,47.5536958],[-121.871465,47.553713],[-121.8714828,47.5538093]]]}},
{"type":"Feature","properties":{"id":"9bf49d48-8432-46ba-8ff4-1fed7aee52b0"},"geometry":{"type":"Polygon","coordinates":[[[-121.873092,47.553072],[-121.8729744,47.5531017],[-121.8730126,47.5531706],[-121.8731303,47.5531409],[-121.873092,47.553072]]]}},
{"type":"Feature","properties":{"id":"56b1a7ce-34ec-4440-a6e8-239da5f9c4b6"},"geometry":{"type":"Polygon","coordinates":[[[-121.8731705,47.5533942],[-121.87311459999998,47.553412899999984],[-121.8731468,47.5534566],[-121.873263,47.5534177],[-121.8732203,47.5533596],[-121.8732122,47.553362299999989],[-121.873198800000011,47.553344100000011],[-121.873146500000018,47.5533616],[-121.8731705,47.5533942]]]}},
{"type":"Feature","properties":{"id":"415b9a8e-d0a0-445e-a2c4-547a11fc2bb2"},"geometry":{"type":"Polygon","coordinates":[[[-121.8737794,47.5532685],[-121.8737615,47.5532145],[-121.873643799999982,47.5532322],[-121.8736481,47.553245],[-121.8735995,47.5532523],[-121.8736258,47.5533317],[-121.8736704,47.5533249],[-121.8736718,47.553329],[-121.873732500000017,47.5533198],[-121.8737312,47.5533158],[-121.8737745,47.5533092],[-121.873761900000019,47.5532711],[-121.8737794,47.5532685]]]}},
{"type":"Feature","properties":{"id":"9fd3798f-9b92-449e-bf2e-e80e0e15bb61"},"geometry":{"type":"Polygon","coordinates":[[[-121.87158380000001,47.5640642],[-121.8714636,47.5642375],[-121.8717597,47.564331],[-121.8717854,47.564294],[-121.871812300000016,47.564302499999975],[-121.8717845,47.5643426],[-121.8719167,47.5643843],[-121.872039,47.564208],[-121.87158380000001,47.5640642]]]}},
{"type":"Feature","properties":{"id":"f84a816d-4975-443f-a643-98302af1fcc7"},"geometry":{"type":"Polygon","coordinates":[[[-121.8713453,47.5649102],[-121.8713187,47.5649753],[-121.8714707,47.5650036],[-121.8715209,47.5648808],[-121.8713937,47.5648572],[-121.8713702,47.5649148],[-121.8713453,47.5649102]]]}},
{"type":"Feature","properties":{"id":"5f8f105c-cf3a-48af-8390-e4ac1bed7532"},"geometry":{"type":"Polygon","coordinates":[[[-121.8713205,47.5643004],[-121.8712848,47.564291899999986],[-121.871244,47.5643696],[-121.8713356,47.5643915],[-121.8713452,47.5643733],[-121.871412,47.5643892],[-121.8714457,47.5643249],[-121.871402800000013,47.5643146],[-121.8714138,47.5642937],[-121.871334,47.5642747],[-121.8713205,47.5643004]]]}},
{"type":"Feature","properties":{"id":"e7967fdf-66d2-4cd0-bea6-d5036a445dda"},"geometry":{"type":"Polygon","coordinates":[[[-121.8712408,47.5650267],[-121.8712648,47.5649639],[-121.8712107,47.5649545],[-121.8711441,47.5651286],[-121.871256,47.5651481],[-121.8712986,47.5650367],[-121.8712408,47.5650267]]]}},
{"type":"Feature","properties":{"id":"41eb4c2c-dd80-4040-af1d-a8cfe6c15913"},"geometry":{"type":"Polygon","coordinates":[[[-121.868828399999984,47.5552936],[-121.868738900000011,47.5555122],[-121.869218900000021,47.5556017],[-121.8693256,47.555341],[-121.8691013,47.5552992],[-121.8691357,47.5552151],[-121.869034499999984,47.5551962],[-121.869002900000012,47.5552736],[-121.8688573,47.55524650000001],[-121.8688374,47.555295199999989],[-121.868828399999984,47.5552936]]]}},
{"type":"Feature","properties":{"id":"1874cda8-f478-45bd-b61c-c16239eb6ab4"},"geometry":{"type":"Polygon","coordinates":[[[-121.8687058,47.5617555],[-121.8686612,47.5617883],[-121.8687721,47.5618572],[-121.8688168,47.5618244],[-121.8687058,47.5617555]]]}},
{"type":"Feature","properties":{"id":"72172c3a-4e0b-4085-b153-c84202556395"},"geometry":{"type":"Polygon","coordinates":[[[-121.867354600000013,47.5631863],[-121.8673112,47.5631629],[-121.86730110000002,47.56317150000001],[-121.8672902,47.5631656],[-121.867224400000012,47.5632211],[-121.867238199999989,47.5632285],[-121.8672323,47.5632335],[-121.867271500000015,47.5632547],[-121.86727740000002,47.5632497],[-121.867285699999982,47.5632542],[-121.867244299999982,47.5632891],[-121.867215900000019,47.563273799999983],[-121.8671453,47.5633334],[-121.8672499,47.5633898],[-121.8673163,47.5633336],[-121.86727620000002,47.563312],[-121.8673091,47.5632843],[-121.86734850000002,47.563305599999985],[-121.8673607,47.5632953],[-121.8674282,47.5633317],[-121.867494400000012,47.5632758],[-121.86739470000002,47.563222],[-121.867405600000012,47.5632127],[-121.8673665,47.563191699999983],[-121.867355599999982,47.5632009],[-121.8673444,47.5631949],[-121.867354600000013,47.5631863]]]}},
{"type":"Feature","properties":{"id":"012c7f41-736a-4f2c-b569-d6dba58f2c16"},"geometry":{"type":"Polygon","coordinates":[[[-121.8664703,47.5639833],[-121.8665492,47.5640339],[-121.866581400000015,47.564011],[-121.8666434,47.564050799999983],[-121.86673380000002,47.5639866],[-121.866592899999986,47.5638962],[-121.8664703,47.5639833]]]}},
{"type":"Feature","properties":{"id":"28d01dce-a07f-4dbd-9582-18273c74e71c"},"geometry":{"type":"Polygon","coordinates":[[[-121.8667701,47.5641496],[-121.8667287,47.564119],[-121.8666944,47.5641402],[-121.8667084,47.5641505],[-121.8666827,47.5641663],[-121.86671010000002,47.5641866],[-121.8667701,47.5641496]]]}},
{"type":"Feature","properties":{"id":"8c687ffc-ef70-4772-b414-cebcdb1c99ae"},"geometry":{"type":"Polygon","coordinates":[[[-121.866189300000016,47.5635809],[-121.866006,47.5634728],[-121.8658598,47.5635856],[-121.8658157,47.5635596],[-121.8657612,47.5636017],[-121.8658016,47.5636255],[-121.8657079,47.5636978],[-121.8658439,47.563778],[-121.865904300000011,47.5637314],[-121.865970600000011,47.5637704],[-121.86604770000001,47.5637109],[-121.866113700000014,47.5637499],[-121.866174099999981,47.5637032],[-121.866212100000013,47.5637256],[-121.8663683,47.5636051],[-121.8662491,47.5635348],[-121.866189300000016,47.5635809]]]}},
{"type":"Feature","properties":{"id":"fc477220-38a9-4c2e-938e-cd723aa104cb"},"geometry":{"type":"Polygon","coordinates":[[[-121.865910899999989,47.5640338],[-121.866173,47.5638048],[-121.866131,47.5637829],[-121.8660713,47.5638351],[-121.8660175,47.5638071],[-121.86581510000002,47.5639839],[-121.865910899999989,47.5640338]]]}},
{"type":"Feature","properties":{"id":"93859b6d-a1d6-46b3-a5e4-d05c3de745e2"},"geometry":{"type":"Polygon","coordinates":[[[-121.8678749,47.5571545],[-121.8677719,47.5572288],[-121.867863400000019,47.5572866],[-121.8679665,47.5572123],[-121.8679979,47.5572322],[-121.8680688,47.557181],[-121.868031700000017,47.5571575],[-121.8680865,47.557118],[-121.868005,47.557066499999983],[-121.8679515,47.5571051],[-121.8679,47.5570726],[-121.867827799999986,47.5571247],[-121.8678749,47.5571545]]]}},
{"type":"Feature","properties":{"id":"88a30d0f-bf3a-49c7-9ee2-556c4623b3aa"},"geometry":{"type":"Polygon","coordinates":[[[-121.8678011,47.5571597],[-121.867747600000015,47.5571986],[-121.8677772,47.5572171],[-121.867830700000013,47.5571781],[-121.8678011,47.5571597]]]}},
{"type":"Feature","properties":{"id":"ca3aa3e4-6ea1-44aa-ae7b-51e3309408bd"},"geometry":{"type":"Polygon","coordinates":[[[-121.8671136,47.5566688],[-121.8671599,47.5565631],[-121.8670588,47.5565429],[-121.867066500000021,47.5565255],[-121.8669667,47.5565056],[-121.8669773,47.55648140000001],[-121.8668639,47.5564587],[-121.866799300000011,47.5566061],[-121.8671136,47.5566688]]]}},
{"type":"Feature","properties":{"id":"b7bd550b-cf5a-49b5-bc22-eb9dadf07872"},"geometry":{"type":"Polygon","coordinates":[[[-121.8667263,47.5555899],[-121.8665258,47.555536],[-121.866453399999983,47.5556587],[-121.8666539,47.5557126],[-121.8667263,47.5555899]]]}},
{"type":"Feature","properties":{"id":"87cfba65-c821-4f1c-9ed0-9f207e064b9f"},"geometry":{"type":"Polygon","coordinates":[[[-121.8659369,47.5562182],[-121.8660182,47.5561533],[-121.8658993,47.5560855],[-121.8658881,47.5560945],[-121.8657661,47.5560249],[-121.8656563,47.5561125],[-121.8658315,47.5562124],[-121.8658712,47.5561808],[-121.8659369,47.5562182]]]}},
{"type":"Feature","properties":{"id":"962efa25-31b5-44a7-8a57-7b704b0d0200"},"geometry":{"type":"Polygon","coordinates":[[[-121.866378800000021,47.5526905],[-121.8662646,47.5527033],[-121.8662742,47.5527423],[-121.8663884,47.5527295],[-121.866378800000021,47.5526905]]]}},
{"type":"Feature","properties":{"id":"4ad73d37-0dd3-4685-8abc-187a636feaeb"},"geometry":{"type":"Polygon","coordinates":[[[-121.867496800000012,47.5531325],[-121.8674098,47.5532981],[-121.86753370000001,47.5533278],[-121.867652800000016,47.553101],[-121.867567,47.553080499999986],[-121.86753490000001,47.553141599999982],[-121.867496800000012,47.5531325]]]}},
{"type":"Feature","properties":{"id":"4b8a716d-e4a9-475a-ab8b-b6a199ed5f81"},"geometry":{"type":"Polygon","coordinates":[[[-121.8672357,47.552923],[-121.8671906,47.5529918],[-121.867304899999979,47.553026],[-121.86735010000001,47.552957199999987],[-121.8672357,47.552923]]]}},
{"type":"Feature","properties":{"id":"57abb231-b670-4641-b4fa-a8b124a95213"},"geometry":{"type":"Polygon","coordinates":[[[-121.865441099999984,47.5524821],[-121.8654637,47.5523951],[-121.865318,47.5523779],[-121.8653371,47.5523041],[-121.865138300000012,47.5522805],[-121.8651163,47.5523648],[-121.865278799999984,47.5523841],[-121.865258900000015,47.5524605],[-121.865441099999984,47.5524821]]]}},
{"type":"Feature","properties":{"id":"4e2cd87b-5b3c-4a9f-aee2-be3cbdfe6e8f"},"geometry":{"type":"Polygon","coordinates":[[[-121.865044499999982,47.5562015],[-121.865171600000011,47.5561492],[-121.8651025,47.5560726],[-121.8649754,47.5561249],[-121.865044499999982,47.5562015]]]}},
{"type":"Feature","properties":{"id":"85832012-7a1e-48f8-a96b-64ce716e45ba"},"geometry":{"type":"Polygon","coordinates":[[[-121.8648045,47.5559246],[-121.8647799,47.5558524],[-121.8645135,47.5558938],[-121.8645499,47.5560004],[-121.86464669999998,47.5559853],[-121.864656100000019,47.5560128],[-121.864778300000012,47.5559938],[-121.8647572,47.555931899999983],[-121.8648045,47.5559246]]]}},
{"type":"Feature","properties":{"id":"a36eaabb-59bf-4efc-bc01-24009d854a5d"},"geometry":{"type":"Polygon","coordinates":[[[-121.86191310000001,47.5577297],[-121.8618983,47.5576158],[-121.8616694,47.5576294],[-121.8616895,47.5577838],[-121.86178,47.5577785],[-121.8617747,47.5577379],[-121.86191310000001,47.5577297]]]}},
{"type":"Feature","properties":{"id":"147b0a5f-7b22-47f1-88e4-bc5d86cc3ba0"},"geometry":{"type":"Polygon","coordinates":[[[-121.8628084,47.557338700000017],[-121.8629705,47.5573364],[-121.8629678,47.557247],[-121.862805600000016,47.5572492],[-121.8628084,47.557338700000017]]]}},
{"type":"Feature","properties":{"id":"e2ed253e-b23f-46a1-b3dd-e8275ab694ae"},"geometry":{"type":"Polygon","coordinates":[[[-121.862349900000012,47.5544788],[-121.8622436,47.5545579],[-121.8622841,47.554608800000011],[-121.862338200000011,47.5545893],[-121.8623666,47.5545681],[-121.862497,47.554521],[-121.8626394,47.554415],[-121.862717700000019,47.554463],[-121.862807700000019,47.5544304],[-121.862785200000019,47.5544022],[-121.8627398,47.5543743],[-121.862827899999985,47.5543088],[-121.8628003,47.5542919],[-121.862826900000016,47.554282299999983],[-121.862805399999985,47.5542552],[-121.8627371,47.5542134],[-121.8626465,47.5542461],[-121.8626155,47.5542692],[-121.8625828,47.5542492],[-121.8625421,47.554264],[-121.8625193,47.5542809],[-121.8624948,47.554266],[-121.862542800000014,47.554326499999981],[-121.8623455,47.5544733],[-121.862349900000012,47.5544788]]]}},
{"type":"Feature","properties":{"id":"d8744b11-3f4b-470f-9e1a-3fd4c0aed474"},"geometry":{"type":"Polygon","coordinates":[[[-121.8612283,47.556417],[-121.8610753,47.5564556],[-121.861129,47.5565525],[-121.8613902,47.5564866],[-121.8613189,47.556358],[-121.861210700000015,47.5563853],[-121.8612283,47.556417]]]}},
{"type":"Feature","properties":{"id":"bcb57abe-0a4c-4ce7-b34b-7f472640f9a7"},"geometry":{"type":"Polygon","coordinates":[[[-121.8608475,47.5569651],[-121.861068599999982,47.5568567],[-121.861001,47.556793899999988],[-121.860767599999988,47.5569084],[-121.8607612,47.5569025],[-121.860677899999985,47.5569433],[-121.860780700000021,47.5570388],[-121.8608763,47.5569919],[-121.8608475,47.5569651]]]}},
{"type":"Feature","properties":{"id":"d55c6393-c1d5-4e8b-a551-94f3d4ef3b04"},"geometry":{"type":"Polygon","coordinates":[[[-121.8582382,47.5552661],[-121.8579671,47.5553431],[-121.8580323,47.5554476],[-121.8581531,47.5554133],[-121.8581924,47.5554764],[-121.858342799999988,47.5554337],[-121.8582382,47.5552661]]]}},
{"type":"Feature","properties":{"id":"36a15d0d-5a37-40fb-bb16-5eef725ca01d"},"geometry":{"type":"Polygon","coordinates":[[[-121.8529994,47.5514469],[-121.8528729,47.551373299999987],[-121.852747500000021,47.5514715],[-121.8526833,47.55143420000001],[-121.8526281,47.5514776],[-121.8526844,47.5515103],[-121.8525873,47.5515864],[-121.8527217,47.5516645],[-121.8529994,47.5514469]]]}},
{"type":"Feature","properties":{"id":"36e06af4-015a-4696-ab54-e989d6300dba"},"geometry":{"type":"Polygon","coordinates":[[[-121.855056600000012,47.5507794],[-121.855007799999981,47.5507796],[-121.855008900000016,47.5508991],[-121.85511080000002,47.5508986],[-121.855111,47.5509204],[-121.855239800000021,47.55091980000001],[-121.855238799999981,47.5508166],[-121.855287099999984,47.5508164],[-121.8552865,47.5507511],[-121.85522730000001,47.5507513],[-121.8552272,47.5507425],[-121.855129,47.55074290000001],[-121.855129500000018,47.5507954],[-121.855115499999982,47.5507954],[-121.8551153,47.5507753],[-121.8550565,47.5507755],[-121.855056600000012,47.5507794]]]}},
{"type":"Feature","properties":{"id":"b618fc46-a097-4b08-a611-640c4f9219eb"},"geometry":{"type":"Polygon","coordinates":[[[-121.854226400000016,47.5577609],[-121.8538684,47.5577555],[-121.853868,47.5577682],[-121.8538077,47.5577673],[-121.853804,47.5578812],[-121.854285200000021,47.5578884],[-121.854287900000017,47.5578043],[-121.854225,47.5578034],[-121.854226400000016,47.5577609]]]}},
{"type":"Feature","properties":{"id":"845fa8a0-fc8b-4c2e-a79b-6fe7bb964f81"},"geometry":{"type":"Polygon","coordinates":[[[-121.8536894,47.5577494],[-121.853107600000016,47.5577416],[-121.8531039,47.5578683],[-121.8536857,47.557876],[-121.8536894,47.5577494]]]}},
{"type":"Feature","properties":{"id":"53f7e0e2-3af9-47ae-8789-72e45c0a601e"},"geometry":{"type":"Polygon","coordinates":[[[-121.848154899999983,47.5529906],[-121.8481931,47.5530517],[-121.8482828,47.5530261],[-121.848244500000021,47.552965],[-121.848154899999983,47.5529906]]]}},
{"type":"Feature","properties":{"id":"58eaf75a-c874-4e88-be27-8c9f2a529d8e"},"geometry":{"type":"Polygon","coordinates":[[[-121.84832320000001,47.5529729],[-121.848396099999988,47.5530203],[-121.8483732,47.5530286],[-121.848404700000017,47.5530682],[-121.8484231,47.5530615],[-121.8484245,47.5531282],[-121.8485477,47.553127],[-121.848545700000017,47.5530295],[-121.848575,47.55302],[-121.8485462,47.5529795],[-121.8485187,47.5529884],[-121.8484058,47.552915],[-121.84832320000001,47.5529729]]]}},
{"type":"Feature","properties":{"id":"d829fbf3-5c8a-4b4e-b745-a72e225b325b"},"geometry":{"type":"Polygon","coordinates":[[[-121.848481599999985,47.5526847],[-121.848472300000012,47.552702],[-121.84846060000001,47.5527035],[-121.8484373,47.552715],[-121.8484238,47.5527322],[-121.848422700000015,47.5527517],[-121.848434199999986,47.5527696],[-121.8484561,47.552782299999983],[-121.848484,47.552787399999985],[-121.8485123,47.5527838],[-121.8485356,47.5527722],[-121.848549100000014,47.552755],[-121.84855020000002,47.5527356],[-121.8485387,47.5527177],[-121.848516900000021,47.5527049],[-121.848514599999987,47.5527045],[-121.8485202,47.552694099999989],[-121.848481599999985,47.5526847]]]}},
{"type":"Feature","properties":{"id":"9224989f-072e-4059-9725-d3a1eee608c4"},"geometry":{"type":"Polygon","coordinates":[[[-121.8376712,47.5402065],[-121.837563900000021,47.5401481],[-121.837529800000013,47.5401766],[-121.83745660000001,47.540136799999985],[-121.83739,47.5401926],[-121.8374614,47.5402315],[-121.837457199999989,47.5402349],[-121.837566400000014,47.5402943],[-121.8376712,47.5402065]]]}},
{"type":"Feature","properties":{"id":"68261c7f-9767-4404-b1c3-d137cffe5dec"},"geometry":{"type":"Polygon","coordinates":[[[-121.836872799999981,47.5397545],[-121.8367693,47.5398214],[-121.836938100000012,47.5399404],[-121.83704160000002,47.5398735],[-121.836872799999981,47.5397545]]]}},
{"type":"Feature","properties":{"id":"b42040b4-17be-4db0-97df-daffa31f7986"},"geometry":{"type":"Polygon","coordinates":[[[-121.8361138,47.5418072],[-121.8359062,47.5418038],[-121.8359022,47.5419165],[-121.835966,47.5419175],[-121.8359651,47.5419427],[-121.8360731,47.5419444],[-121.8360707,47.5420133],[-121.8360905,47.5420136],[-121.8360901,47.5420272],[-121.836157199999988,47.5420283],[-121.836157500000013,47.5420191],[-121.8362765,47.542021],[-121.836272300000019,47.5421395],[-121.8363642,47.542141],[-121.836362300000019,47.5421932],[-121.8364112,47.542194],[-121.836408500000019,47.5422691],[-121.8365632,47.5422716],[-121.8365623,47.5422957],[-121.836648900000014,47.5422971],[-121.8366515,47.5422223],[-121.836857199999983,47.5422256],[-121.8368569,47.542234],[-121.8369292,47.5422352],[-121.8369265,47.542313],[-121.8369681,47.5423137],[-121.8369674,47.5423348],[-121.837003,47.5423354],[-121.837001499999985,47.542377499999986],[-121.8369329,47.5423764],[-121.8369268,47.5425504],[-121.8370832,47.5425529],[-121.837086900000017,47.5424483],[-121.8371016,47.542448599999986],[-121.8371041,47.5423795],[-121.8371294,47.5423799],[-121.8371372,47.5421592],[-121.8371659,47.5421597],[-121.837168599999984,47.5420823],[-121.83716290000001,47.5420823],[-121.837167600000015,47.5419494],[-121.83713760000002,47.5419489],[-121.8371386,47.5419213],[-121.8364185,47.5419097],[-121.8364212,47.5418306],[-121.8361131,47.5418256],[-121.8361138,47.5418072]]]}},
{"type":"Feature","properties":{"id":"4a332f39-a894-4893-9ed3-ccc2676ced27"},"geometry":{"type":"Polygon","coordinates":[[[-121.8413417,47.5445285],[-121.8415575,47.5445307],[-121.8415598,47.5443969],[-121.841562,47.5442929],[-121.8415679,47.544053],[-121.841352,47.5440508],[-121.841347,47.5442861],[-121.841344,47.5443944],[-121.8413429,47.5444727],[-121.8413417,47.5445285]]]}},
{"type":"Feature","properties":{"id":"288b79b0-95bd-4146-a414-bfabe224fd36"},"geometry":{"type":"Polygon","coordinates":[[[-121.8427024,47.553491],[-121.8426818,47.5534481],[-121.8426074,47.5534644],[-121.842628,47.5535073],[-121.8427024,47.553491]]]}},
{"type":"Feature","properties":{"id":"33962200-42cb-4273-9903-14b506838982"},"geometry":{"type":"Polygon","coordinates":[[[-121.844967399999987,47.5530126],[-121.8448914,47.5530666],[-121.844989899999987,47.5531296],[-121.8450963,47.553054],[-121.845077700000019,47.5530421],[-121.8451532,47.5529884],[-121.8450372,47.55291410000001],[-121.8449313,47.5529895],[-121.844967399999987,47.5530126]]]}},
{"type":"Feature","properties":{"id":"2f1f45b2-ce2b-4ebc-bd56-bb7423618758"},"geometry":{"type":"Polygon","coordinates":[[[-121.844302500000012,47.5533576],[-121.8443947,47.5533366],[-121.844421699999984,47.5533905],[-121.844498800000011,47.553372900000014],[-121.844471400000018,47.5533183],[-121.844583,47.5532928],[-121.844539200000014,47.5532055],[-121.844258400000015,47.5532697],[-121.844302500000012,47.5533576]]]}},
{"type":"Feature","properties":{"id":"15fd8ce6-39df-4279-8179-f85d42aaf838"},"geometry":{"type":"Polygon","coordinates":[[[-121.844255100000012,47.5543389],[-121.8442518,47.5545393],[-121.8443579,47.5545401],[-121.8443586,47.5544955],[-121.8444901,47.5544965],[-121.8444931,47.5543126],[-121.8443667,47.5543117],[-121.844367,47.5542886],[-121.844286699999984,47.554288],[-121.8442859,47.5543391],[-121.844255100000012,47.5543389]]]}},
{"type":"Feature","properties":{"id":"79ed7c73-1890-49d0-8c13-6691bfbf04f4"},"geometry":{"type":"Polygon","coordinates":[[[-121.8283378,47.5317476],[-121.828459400000014,47.5317084],[-121.8283614,47.5315697],[-121.8282398,47.5316089],[-121.8283378,47.5317476]]]}},
{"type":"Feature","properties":{"id":"658de6c4-9d12-42fa-8af9-322aa5bcd1ed"},"geometry":{"type":"Polygon","coordinates":[[[-121.8286029,47.5321642],[-121.828607,47.5323027],[-121.8287281,47.5323011],[-121.8287221,47.5321],[-121.828618100000014,47.5321014],[-121.828619900000021,47.532164],[-121.8286029,47.5321642]]]}},
{"type":"Feature","properties":{"id":"52a6197a-d4e5-412b-9db8-6de3fbd1ab0f"},"geometry":{"type":"Polygon","coordinates":[[[-121.8286775,47.5317769],[-121.8286373,47.531777599999984],[-121.8286398,47.5318439],[-121.8287738,47.5318416],[-121.828769300000019,47.5317192],[-121.828747799999988,47.5317196],[-121.8287463,47.531678],[-121.8286739,47.5316792],[-121.8286775,47.5317769]]]}},
{"type":"Feature","properties":{"id":"16324e80-47c8-4b4d-adca-7653c9443a2d"},"geometry":{"type":"Polygon","coordinates":[[[-121.82887980000001,47.5322196],[-121.828929,47.5322188],[-121.828924700000016,47.5321001],[-121.8288219,47.5321018],[-121.8288268,47.5322393],[-121.828880399999989,47.5322385],[-121.82887980000001,47.5322196]]]}},
{"type":"Feature","properties":{"id":"e4768ee6-b3a3-4ec6-b51d-0effa28a305b"},"geometry":{"type":"Polygon","coordinates":[[[-121.829009700000015,47.532254],[-121.8290093,47.5322368],[-121.8289584,47.5322374],[-121.82896,47.5323007],[-121.829010900000014,47.5323001],[-121.829009700000015,47.532254]]]}},
{"type":"Feature","properties":{"id":"e78e6457-0e9e-4d3a-a8ef-b0c0e19921c0"},"geometry":{"type":"Polygon","coordinates":[[[-121.82906340000001,47.5322534],[-121.829009700000015,47.532254],[-121.829010900000014,47.5323001],[-121.8290126,47.532364899999983],[-121.8290663,47.5323642],[-121.82906340000001,47.5322534]]]}},
{"type":"Feature","properties":{"id":"a467d3a4-fa85-43cc-b4b2-7e32c3c7bd8f"},"geometry":{"type":"Polygon","coordinates":[[[-121.8291727,47.5325587],[-121.829122,47.5324874],[-121.828910400000012,47.5325559],[-121.8289648,47.5326326],[-121.8291073,47.5325865],[-121.8291132,47.5325949],[-121.829145,47.5325846],[-121.8291714,47.5326218],[-121.8292435,47.5325984],[-121.829207400000016,47.5325475],[-121.8291727,47.5325587]]]}},
{"type":"Feature","properties":{"id":"1229ff8d-7aca-4a63-a619-c3333fb13e67"},"geometry":{"type":"Polygon","coordinates":[[[-121.829074800000015,47.5324641],[-121.8290767,47.5323844],[-121.8288166,47.5323816],[-121.8288147,47.5324612],[-121.829074800000015,47.5324641]]]}},
{"type":"Feature","properties":{"id":"da918bee-911e-42af-85aa-d1f847ccf666"},"geometry":{"type":"Polygon","coordinates":[[[-121.830134500000014,47.5342866],[-121.8301566,47.5342387],[-121.830061200000017,47.5342187],[-121.8300392,47.5342666],[-121.830134500000014,47.5342866]]]}},
{"type":"Feature","properties":{"id":"b610e96a-fc63-49d6-bf25-ee9753d56a1a"},"geometry":{"type":"Polygon","coordinates":[[[-121.829739099999983,47.533723299999984],[-121.829645400000018,47.5337532],[-121.829757,47.533913],[-121.8298507,47.5338831],[-121.829739099999983,47.533723299999984]]]}},
{"type":"Feature","properties":{"id":"72783fef-9613-430c-b360-abde802aefc0"},"geometry":{"type":"Polygon","coordinates":[[[-121.8294662,47.5331716],[-121.829343900000012,47.5331728],[-121.829345900000021,47.5332669],[-121.829498700000016,47.5332655],[-121.829497500000016,47.5332094],[-121.829467,47.5332096],[-121.8294662,47.5331716]]]}},
{"type":"Feature","properties":{"id":"bbed1bd5-2087-480b-b467-c77d015c0bf2"},"geometry":{"type":"Polygon","coordinates":[[[-121.829469300000014,47.5333578],[-121.8293715,47.5333898],[-121.8294551,47.533506299999985],[-121.8295528,47.5334743],[-121.829469300000014,47.5333578]]]}},
{"type":"Feature","properties":{"id":"3a226ace-340a-48ed-b567-42de2d24ca62"},"geometry":{"type":"Polygon","coordinates":[[[-121.829635200000013,47.5322849],[-121.829636199999982,47.5323519],[-121.829775600000019,47.532351],[-121.8297746,47.532284],[-121.829635200000013,47.5322849]]]}},
{"type":"Feature","properties":{"id":"c8c891aa-f74c-4405-b2f1-d47fdad21f03"},"geometry":{"type":"Polygon","coordinates":[[[-121.829196599999989,47.5327303],[-121.8291688,47.5327391],[-121.829149,47.532710299999984],[-121.829048,47.532742099999986],[-121.8290919,47.5328057],[-121.829220600000014,47.5327652],[-121.829196599999989,47.5327303]]]}},
{"type":"Feature","properties":{"id":"83e92602-885e-45b6-8cd8-8a95a2d35aa9"},"geometry":{"type":"Polygon","coordinates":[[[-121.8290551,47.5321625],[-121.8290579,47.5322457],[-121.8291937,47.5322436],[-121.8291895,47.5321187],[-121.8290769,47.5321205],[-121.82907830000002,47.532162099999987],[-121.8290551,47.5321625]]]}},
{"type":"Feature","properties":{"id":"a38864b7-6eb6-4706-9863-0db08461080b"},"geometry":{"type":"Polygon","coordinates":[[[-121.82939469999998,47.5323114],[-121.82948589999998,47.5323105],[-121.829484500000021,47.5322461],[-121.829393400000015,47.5322469],[-121.82939469999998,47.5323114]]]}},
{"type":"Feature","properties":{"id":"26547543-4fad-45b0-963f-2b0e8d5f1370"},"geometry":{"type":"Polygon","coordinates":[[[-121.8301282,47.5336848],[-121.830041100000017,47.533713],[-121.8300143,47.533678499999986],[-121.8298961,47.5337204],[-121.8299514,47.5337915],[-121.830069600000016,47.5337496],[-121.8300603,47.5337377],[-121.8301505,47.5337084],[-121.830191400000018,47.533766],[-121.8302832,47.5337362],[-121.830194,47.5336108],[-121.830097800000019,47.533642],[-121.8301282,47.5336848]]]}},
{"type":"Feature","properties":{"id":"b01f2752-d8b0-4d0b-9647-fb2dece87607"},"geometry":{"type":"Polygon","coordinates":[[[-121.8314528,47.531071499999989],[-121.831449799999987,47.53101],[-121.8312542,47.5310143],[-121.83125720000001,47.5310758],[-121.8314528,47.531071499999989]]]}},
{"type":"Feature","properties":{"id":"e0a74c6e-5232-4034-b3d9-826f3a9afd5e"},"geometry":{"type":"Polygon","coordinates":[[[-121.834911799999986,47.5350107],[-121.8348249,47.535038199999988],[-121.8348626,47.5350923],[-121.8349494,47.5350647],[-121.834911799999986,47.5350107]]]}},
{"type":"Feature","properties":{"id":"fb0f4f29-fd78-4465-af7f-7a59c165cafe"},"geometry":{"type":"Polygon","coordinates":[[[-121.835015899999988,47.5352056],[-121.83510010000002,47.5351711],[-121.835115800000011,47.5351886],[-121.8351918,47.5351575],[-121.835176100000012,47.5351401],[-121.8352036,47.5351288],[-121.835142,47.5350602],[-121.834954300000021,47.535137],[-121.835015899999988,47.5352056]]]}},
{"type":"Feature","properties":{"id":"c5de4847-57e1-4edf-a5be-6fbc33ac66bd"},"geometry":{"type":"Polygon","coordinates":[[[-121.8353515,47.5350034],[-121.8352764,47.5349165],[-121.8351386,47.5349707],[-121.835199,47.5350407],[-121.835219599999988,47.5350326],[-121.8352332,47.5350484],[-121.835249300000015,47.535042],[-121.835264599999988,47.535059699999984],[-121.8353422,47.5350291],[-121.835328,47.5350127],[-121.8353515,47.5350034]]]}},
{"type":"Feature","properties":{"id":"afbb7da1-1cbe-4fb9-9c71-06688aa92cb3"},"geometry":{"type":"Polygon","coordinates":[[[-121.8327528,47.5316947],[-121.832839,47.531631],[-121.8327921,47.5316021],[-121.832834100000014,47.5315709],[-121.8327799,47.5315376],[-121.832651700000014,47.5316325],[-121.8327528,47.5316947]]]}},
{"type":"Feature","properties":{"id":"6f5651f3-6e9c-44a9-8743-1285c6725ffd"},"geometry":{"type":"Polygon","coordinates":[[[-121.8323443,47.5311443],[-121.832481500000014,47.5310824],[-121.832448,47.5310486],[-121.832484,47.5310324],[-121.8324369,47.5309848],[-121.832389799999987,47.5310061],[-121.8323638,47.530979800000011],[-121.8321895,47.5310584],[-121.8322291,47.5310985],[-121.832277299999987,47.5310767],[-121.8323443,47.5311443]]]}},
{"type":"Feature","properties":{"id":"9aabd73d-415e-4f6c-8070-e4ad38453472"},"geometry":{"type":"Polygon","coordinates":[[[-121.8322384,47.5312335],[-121.8322686,47.5312624],[-121.8322894,47.5312525],[-121.8323183,47.5312802],[-121.8323911,47.5312456],[-121.832303900000014,47.531162],[-121.832224199999985,47.5311998],[-121.8322524,47.5312268],[-121.8322384,47.5312335]]]}},
{"type":"Feature","properties":{"id":"df35e9fc-44d6-40ba-9f81-053a1c215d70"},"geometry":{"type":"Polygon","coordinates":[[[-121.8321376,47.5316188],[-121.8323399,47.531551],[-121.832288099999985,47.5314805],[-121.832085800000016,47.5315483],[-121.8321376,47.5316188]]]}},
{"type":"Feature","properties":{"id":"8e38e162-5bd8-4a69-a83a-1327c450aa79"},"geometry":{"type":"Polygon","coordinates":[[[-121.832115299999984,47.5313236],[-121.8321137,47.531350399999987],[-121.8322257,47.5313534],[-121.8322294,47.5312915],[-121.832174,47.53129],[-121.83217190000002,47.5313252],[-121.832115299999984,47.5313236]]]}},
{"type":"Feature","properties":{"id":"b99b9a7a-88a0-4920-962a-c0b13684eb5f"},"geometry":{"type":"Polygon","coordinates":[[[-121.831971,47.5316772],[-121.8319753,47.5318256],[-121.8320986,47.531824],[-121.8320944,47.5316756],[-121.831971,47.5316772]]]}},
{"type":"Feature","properties":{"id":"af8d95ab-0384-41a7-bf6a-3276dfd7657c"},"geometry":{"type":"Polygon","coordinates":[[[-121.8316983,47.5313314],[-121.8317679,47.53133],[-121.831766099999982,47.5312902],[-121.831581199999988,47.531294],[-121.8315831,47.5313356],[-121.831607300000016,47.5313351],[-121.8316114,47.5314264],[-121.8317025,47.5314245],[-121.8316983,47.5313314]]]}},
{"type":"Feature","properties":{"id":"1998b51f-5a15-4897-9ffd-dfa1792aa997"},"geometry":{"type":"Polygon","coordinates":[[[-121.8317821,47.5315212],[-121.8317778,47.5314253],[-121.8316224,47.5314285],[-121.8316267,47.5315244],[-121.8317821,47.5315212]]]}},
{"type":"Feature","properties":{"id":"8e8d066b-b275-46b0-aa54-71774a432853"},"geometry":{"type":"Polygon","coordinates":[[[-121.831757900000014,47.530987],[-121.8318768,47.5309134],[-121.831898900000013,47.5309297],[-121.831970900000016,47.5308851],[-121.831871300000017,47.5308118],[-121.8316804,47.53093],[-121.831757900000014,47.530987]]]}},
{"type":"Feature","properties":{"id":"7449f843-c0f4-4188-8fd3-b696cf6a6b65"},"geometry":{"type":"Polygon","coordinates":[[[-121.8317702,47.5306244],[-121.83168689999998,47.5305524],[-121.8315214,47.5306398],[-121.831556500000019,47.5306701],[-121.8314674,47.5307172],[-121.8314921,47.5307386],[-121.8314139,47.5307799],[-121.831473700000018,47.5308316],[-121.831608500000016,47.5307604],[-121.83155,47.5307098],[-121.8315833,47.5306923],[-121.8316054,47.5307114],[-121.8317702,47.5306244]]]}},
{"type":"Feature","properties":{"id":"670b9152-6642-4232-9379-4a55ee215fd6"},"geometry":{"type":"Polygon","coordinates":[[[-121.8317385,47.5307212],[-121.8315681,47.5308234],[-121.831644,47.5308811],[-121.8318144,47.530779],[-121.8317385,47.5307212]]]}},
{"type":"Feature","properties":{"id":"5fb0db37-7d9d-4631-8839-8cb72b2ab216"},"geometry":{"type":"Polygon","coordinates":[[[-121.8312966,47.5302705],[-121.8311522,47.5303487],[-121.8312337,47.5304173],[-121.8313781,47.5303391],[-121.8312966,47.5302705]]]}},
{"type":"Feature","properties":{"id":"8a58b1c2-78d7-4799-8250-2116a8424a53"},"geometry":{"type":"Polygon","coordinates":[[[-121.831512499999988,47.5304423],[-121.83143819999998,47.530376],[-121.8312256,47.5304846],[-121.8312999,47.5305509],[-121.831512499999988,47.5304423]]]}},
{"type":"Feature","properties":{"id":"c752e402-4740-4867-a463-8f08e297d0b2"},"geometry":{"type":"Polygon","coordinates":[[[-121.8311519,47.5302788],[-121.8312564,47.5302141],[-121.8311782,47.5301566],[-121.8310737,47.5302213],[-121.8311519,47.5302788]]]}},
{"type":"Feature","properties":{"id":"d2df163e-6a77-4600-b4c3-30db9c1cb98c"},"geometry":{"type":"Polygon","coordinates":[[[-121.8312952,47.5306012],[-121.8311724,47.5305097],[-121.831095799999986,47.5305566],[-121.8312186,47.530648],[-121.8312952,47.5306012]]]}},
{"type":"Feature","properties":{"id":"5616a263-c907-4d32-a2b4-777765c3d49b"},"geometry":{"type":"Polygon","coordinates":[[[-121.831025200000013,47.5300533],[-121.830887800000013,47.530138],[-121.830924400000015,47.5301651],[-121.8309119,47.530172799999988],[-121.830953500000021,47.5302036],[-121.8310023,47.5301735],[-121.831,47.5301718],[-121.8311011,47.5301095],[-121.831025200000013,47.5300533]]]}},
{"type":"Feature","properties":{"id":"ef344e1a-f519-49da-b3e3-d1263c9f05d5"},"geometry":{"type":"Polygon","coordinates":[[[-121.8309333,47.5300565],[-121.8309189,47.5300447],[-121.8309321,47.5300373],[-121.8308994,47.5300107],[-121.830886300000017,47.530018],[-121.830857200000011,47.5299943],[-121.830811699999984,47.5300197],[-121.830807,47.5300159],[-121.830768100000014,47.5300376],[-121.830763099999984,47.5300335],[-121.830700600000014,47.5300685],[-121.830705400000014,47.5300724],[-121.830698200000015,47.5300764],[-121.8307792,47.5301425],[-121.8309333,47.5300565]]]}},
{"type":"Feature","properties":{"id":"be26e86d-a8bb-4da9-805e-af974552e8f1"},"geometry":{"type":"Polygon","coordinates":[[[-121.830205600000014,47.5298101],[-121.8302186,47.5297899],[-121.8302724,47.5298057],[-121.830278799999988,47.529795799999988],[-121.830315,47.5298064],[-121.8304039,47.5298062],[-121.8304256,47.5297724],[-121.83025210000001,47.5297217],[-121.830249600000016,47.5297256],[-121.8301421,47.5296942],[-121.8300785,47.5297934],[-121.8301439,47.5298126],[-121.830155,47.5297953],[-121.830205600000014,47.5298101]]]}},
{"type":"Feature","properties":{"id":"173a3ee1-4578-4042-9c40-9defaef9e862"},"geometry":{"type":"Polygon","coordinates":[[[-121.830172299999987,47.5299513],[-121.8304053,47.5299477],[-121.830402,47.5298491],[-121.829927400000017,47.5298563],[-121.82993070000002,47.5299558],[-121.830150900000021,47.5299524],[-121.830148900000012,47.52989250000001],[-121.8301703,47.5298921],[-121.830172299999987,47.5299513]]]}},
{"type":"Feature","properties":{"id":"692022ea-f6bf-4e18-8d53-68b7beda6e1a"},"geometry":{"type":"Polygon","coordinates":[[[-121.8290342,47.5282423],[-121.8285903,47.528242],[-121.8285901,47.528367],[-121.828562,47.5283669],[-121.8285619,47.5283995],[-121.828532399999986,47.5283995],[-121.82853230000002,47.528453799999987],[-121.8285618,47.5284539],[-121.8285618,47.5284883],[-121.828949400000013,47.528488600000017],[-121.828949499999979,47.5283647],[-121.8289241,47.5283647],[-121.8289241,47.5283201],[-121.8290341,47.5283202],[-121.8290342,47.5282423]]]}},
{"type":"Feature","properties":{"id":"51938435-aac2-467a-8fca-4e7b1163c194"},"geometry":{"type":"Polygon","coordinates":[[[-121.8287181,47.5285864],[-121.8287226,47.5289819],[-121.8288682,47.5289812],[-121.8288683,47.528991499999989],[-121.82898,47.5289909],[-121.8289769,47.5287118],[-121.8289964,47.5287117],[-121.828995699999979,47.5286504],[-121.828977800000018,47.5286505],[-121.8289771,47.5285871],[-121.8288554,47.52858770000001],[-121.828855,47.5285485],[-121.8288899,47.5285483],[-121.8288895,47.5285077],[-121.8287285,47.5285085],[-121.828729100000018,47.5285563],[-121.8287974,47.5285559],[-121.8287977,47.528586],[-121.8287181,47.5285864]]]}},
{"type":"Feature","properties":{"id":"3fc58b53-19cb-4b9a-9c30-81471afeb512"},"geometry":{"type":"Polygon","coordinates":[[[-121.826795,47.5276684],[-121.8267952,47.5277357],[-121.8269714,47.5277355],[-121.826971300000011,47.5276933],[-121.8270054,47.527693300000017],[-121.827005200000016,47.5276498],[-121.82697229999998,47.5276498],[-121.826972200000014,47.527615],[-121.8268256,47.5276152],[-121.8268257,47.5276485],[-121.826808799999981,47.5276485],[-121.8268089,47.5276684],[-121.826795,47.5276684]]]}},
{"type":"Feature","properties":{"id":"c37a4766-719f-40c3-9c28-9d73f609c63e"},"geometry":{"type":"Polygon","coordinates":[[[-121.826755300000016,47.5275608],[-121.8267542,47.5275922],[-121.8268815,47.5275942],[-121.8268818,47.5275861],[-121.8269206,47.5275867],[-121.8269228,47.5275208],[-121.826753100000019,47.5275181],[-121.8267527,47.5275284],[-121.8267311,47.5275281],[-121.82673,47.5275604],[-121.826755300000016,47.5275608]]]}},
{"type":"Feature","properties":{"id":"0ac16c9d-fc5b-40f1-9221-ee75a19a0991"},"geometry":{"type":"Polygon","coordinates":[[[-121.826811100000015,47.5273375],[-121.8267843,47.5273374],[-121.826784,47.5273707],[-121.8268096,47.5273708],[-121.8268094,47.5274033],[-121.8269784,47.5274038],[-121.826979,47.5273079],[-121.8268113,47.5273074],[-121.826811100000015,47.5273375]]]}},
{"type":"Feature","properties":{"id":"56e86182-fda2-4a40-aa6c-1a227328ea81"},"geometry":{"type":"Polygon","coordinates":[[[-121.82763850000002,47.5253591],[-121.8276371,47.525299799999985],[-121.8276501,47.5252997],[-121.827649400000013,47.5252707],[-121.8276363,47.5252708],[-121.8276354,47.5252359],[-121.8275042,47.5252374],[-121.827507400000016,47.5253606],[-121.82763850000002,47.5253591]]]}},
{"type":"Feature","properties":{"id":"dbaeea3f-7152-46fb-8601-360cef1e0f55"},"geometry":{"type":"Polygon","coordinates":[[[-121.8275172,47.5254422],[-121.827624500000013,47.5254438],[-121.827626599999988,47.5253738],[-121.827519400000014,47.5253723],[-121.8275172,47.5254422]]]}},
{"type":"Feature","properties":{"id":"dc9312a1-1814-40f2-8d04-eac3aa01962c"},"geometry":{"type":"Polygon","coordinates":[[[-121.827662500000017,47.5255773],[-121.8276619,47.5255441],[-121.8273845,47.5255462],[-121.8273852,47.5255866],[-121.8274661,47.525586],[-121.8274665,47.5256107],[-121.8276963,47.525609],[-121.8276957,47.5255771],[-121.827662500000017,47.5255773]]]}},
{"type":"Feature","properties":{"id":"8171f63e-fc39-4e6f-823d-ff25517e3cd3"},"geometry":{"type":"Polygon","coordinates":[[[-121.827453700000021,47.5256927],[-121.8276988,47.525695399999989],[-121.8276996,47.5256627],[-121.8276593,47.5256622],[-121.827660100000017,47.5256289],[-121.82738,47.5256258],[-121.8273787,47.5256795],[-121.827454,47.5256804],[-121.827453700000021,47.5256927]]]}},
{"type":"Feature","properties":{"id":"d9807c93-f0bd-43e0-835a-d838c41c0a0e"},"geometry":{"type":"Polygon","coordinates":[[[-121.8273823,47.525142700000011],[-121.827296500000017,47.525143],[-121.8272972,47.5252155],[-121.827383,47.5252151],[-121.8273823,47.525142700000011]]]}},
{"type":"Feature","properties":{"id":"0bffe739-c8f3-4bfa-b828-4bdcaa3014d7"},"geometry":{"type":"Polygon","coordinates":[[[-121.827152,47.5251812],[-121.827119,47.5251811],[-121.827119,47.5251692],[-121.826946100000015,47.525169],[-121.826946,47.5251809],[-121.8269186,47.5251808],[-121.8269183,47.525284],[-121.8271516,47.5252843],[-121.827152,47.5251812]]]}},
{"type":"Feature","properties":{"id":"60400950-7cec-4635-b052-9c3cc4e24b49"},"geometry":{"type":"Polygon","coordinates":[[[-121.8269834,47.525339099999989],[-121.826998099999983,47.5253719],[-121.8269909,47.5253734],[-121.827006700000013,47.5254086],[-121.827014,47.5254071],[-121.8270347,47.5254531],[-121.8270165,47.5254569],[-121.8270312,47.5254896],[-121.827014800000015,47.525493],[-121.8270272,47.5255205],[-121.827049099999982,47.5255161],[-121.827057100000019,47.525534],[-121.827124900000015,47.5255201],[-121.8271197,47.5255083],[-121.8271481,47.5255025],[-121.8271328,47.5254683],[-121.8271524,47.5254643],[-121.8271188,47.5253896],[-121.8271505,47.5253831],[-121.827138100000013,47.5253555],[-121.827148399999984,47.5253534],[-121.8271286,47.5253093],[-121.8269834,47.525339099999989]]]}},
{"type":"Feature","properties":{"id":"2e26447c-a2ba-40b7-b8fb-30fc798f5ebf"},"geometry":{"type":"Polygon","coordinates":[[[-121.8271466,47.5257232],[-121.827144100000012,47.5255855],[-121.8270449,47.5255863],[-121.8270458,47.5256371],[-121.827019,47.5256373],[-121.827020500000017,47.5257242],[-121.8271466,47.5257232]]]}},
{"type":"Feature","properties":{"id":"d2534446-951a-4027-a97f-5bb2734eff4c"},"geometry":{"type":"Polygon","coordinates":[[[-121.8270954,47.5260758],[-121.8270081,47.5260301],[-121.826988600000021,47.526047],[-121.8269622,47.5260331],[-121.8269312,47.5260601],[-121.8269379,47.5260635],[-121.8269126,47.5260855],[-121.8270198,47.526141699999989],[-121.8270954,47.5260758]]]}},
{"type":"Feature","properties":{"id":"cfe77be4-c673-4a93-81a1-84679b2c32e3"},"geometry":{"type":"Polygon","coordinates":[[[-121.8270677,47.5259163],[-121.82704480000001,47.525936199999983],[-121.8270166,47.5259213],[-121.826987800000012,47.5259464],[-121.826994,47.5259497],[-121.8269655,47.52597440000001],[-121.8270678,47.5260282],[-121.8271481,47.5259586],[-121.8270677,47.5259163]]]}},
{"type":"Feature","properties":{"id":"dc1d373b-374d-47b2-9ee7-4fc753ab6ed8"},"geometry":{"type":"Polygon","coordinates":[[[-121.8270252,47.5258361],[-121.827143,47.5258355],[-121.827142,47.5257486],[-121.8270311,47.5257492],[-121.8270312,47.5257635],[-121.827024400000013,47.5257636],[-121.8270252,47.5258361]]]}},
{"type":"Feature","properties":{"id":"713e8737-b280-4228-8e34-7d48c3be8331"},"geometry":{"type":"Polygon","coordinates":[[[-121.8267442,47.5260763],[-121.826714,47.5260767],[-121.8267158,47.5261473],[-121.8268499,47.5261457],[-121.8268481,47.5260746],[-121.8267977,47.5260752],[-121.8267976,47.526070599999983],[-121.8267441,47.5260712],[-121.8267442,47.5260763]]]}},
{"type":"Feature","properties":{"id":"7027caae-b0c8-4795-9a3d-95ab0c52cccc"},"geometry":{"type":"Polygon","coordinates":[[[-121.8266166,47.5258148],[-121.8266151,47.5258981],[-121.8267476,47.5258992],[-121.8267491,47.5258159],[-121.8266166,47.5258148]]]}},
{"type":"Feature","properties":{"id":"89539ab3-753c-4043-bc86-cbe15258efdd"},"geometry":{"type":"Polygon","coordinates":[[[-121.826784900000021,47.5257178],[-121.8267879,47.5256013],[-121.826661900000019,47.5255998],[-121.8266588,47.5257163],[-121.826784900000021,47.5257178]]]}},
{"type":"Feature","properties":{"id":"22d102f8-9946-483f-b9ac-a0e5a9662e2b"},"geometry":{"type":"Polygon","coordinates":[[[-121.826661,47.5254616],[-121.826659699999979,47.5255521],[-121.826782,47.5255529],[-121.8267833,47.5254623],[-121.826661,47.5254616]]]}},
{"type":"Feature","properties":{"id":"8d47816a-9512-4bba-b81c-52bf87d7a7c8"},"geometry":{"type":"Polygon","coordinates":[[[-121.8268637,47.5251808],[-121.8268307,47.5251808],[-121.8268307,47.5251689],[-121.8266578,47.5251686],[-121.8266577,47.5251805],[-121.8266303,47.5251805],[-121.82663,47.5252836],[-121.826863300000014,47.525284],[-121.8268637,47.5251808]]]}},
{"type":"Feature","properties":{"id":"084e6a83-69a4-467a-8af0-2dbb422b5d7f"},"geometry":{"type":"Polygon","coordinates":[[[-121.8271941,47.5248953],[-121.827140500000013,47.5248953],[-121.827140500000013,47.5249496],[-121.8271941,47.5249496],[-121.8271941,47.5248953]]]}},
{"type":"Feature","properties":{"id":"999e314d-1683-416e-89d3-3f95e854aefd"},"geometry":{"type":"Polygon","coordinates":[[[-121.827292900000018,47.5246278],[-121.827291700000018,47.5244946],[-121.8271244,47.5244953],[-121.8271245,47.5245124],[-121.826927200000014,47.5245133],[-121.8269279,47.5245799],[-121.8269873,47.5245797],[-121.826987500000016,47.524602],[-121.8268896,47.5246024],[-121.8268902,47.5246639],[-121.8269838,47.52466350000001],[-121.826983900000016,47.5246706],[-121.827155800000014,47.5246698],[-121.8271553,47.5246205],[-121.8271243,47.5246207],[-121.827124,47.52458570000001],[-121.827242,47.5245852],[-121.8272424,47.524628],[-121.827292900000018,47.5246278]]]}},
{"type":"Feature","properties":{"id":"719b65a6-68b7-46b6-a51e-ec858cbe4be6"},"geometry":{"type":"Polygon","coordinates":[[[-121.8276122,47.5247545],[-121.8276122,47.5247458],[-121.827691699999988,47.5247458],[-121.827691900000019,47.524639199999989],[-121.8275652,47.5246391],[-121.827565,47.5247373],[-121.8275616,47.5247373],[-121.827561499999987,47.5247558],[-121.8275479,47.5247558],[-121.827547700000011,47.5248568],[-121.827575,47.5248568],[-121.827575,47.5248729],[-121.8276276,47.5248729],[-121.8276276,47.5248562],[-121.827647,47.5248563],[-121.827647200000015,47.5247545],[-121.8276122,47.5247545]]]}},
{"type":"Feature","properties":{"id":"e307ef56-861b-44a8-8daa-5d1e89027a28"},"geometry":{"type":"Polygon","coordinates":[[[-121.828039100000012,47.5247486],[-121.8279114,47.5247501],[-121.8279138,47.5248436],[-121.828041500000012,47.5248421],[-121.828039100000012,47.5247486]]]}},
{"type":"Feature","properties":{"id":"71982de8-44b5-47a2-8e50-b0240d85ad34"},"geometry":{"type":"Polygon","coordinates":[[[-121.936135,47.5996391],[-121.936009,47.5996372],[-121.936004400000016,47.5997764],[-121.93613040000001,47.5997783],[-121.936135,47.5996391]]]}},
{"type":"Feature","properties":{"id":"8794727c-4a8d-4ba8-9f03-924bec979de2"},"geometry":{"type":"Polygon","coordinates":[[[-121.9361438,47.6011188],[-121.936147500000018,47.601212699999984],[-121.9362011,47.6012118],[-121.9362028,47.6012552],[-121.936320699999982,47.601253099999987],[-121.9363136,47.6010723],[-121.93622520000001,47.6010739],[-121.9362269,47.6011173],[-121.9361438,47.6011188]]]}},
{"type":"Feature","properties":{"id":"421c1b7c-05a6-4007-893f-642075480cbb"},"geometry":{"type":"Polygon","coordinates":[[[-121.936462599999984,47.6012085],[-121.9363553,47.6012093],[-121.9363567,47.6012943],[-121.936464,47.6012935],[-121.936462599999984,47.6012085]]]}},
{"type":"Feature","properties":{"id":"778161ff-51aa-4330-8c34-0ea6380a61ff"},"geometry":{"type":"Polygon","coordinates":[[[-121.9296706,47.6016214],[-121.929488799999987,47.6016379],[-121.929524,47.6018138],[-121.929705799999979,47.6017972],[-121.9296706,47.6016214]]]}},
{"type":"Feature","properties":{"id":"61362de8-e612-459b-9382-dd90be27e3b1"},"geometry":{"type":"Polygon","coordinates":[[[-121.9286338,47.5972029],[-121.928626200000011,47.5972475],[-121.9287532,47.59725730000001],[-121.92876080000002,47.597212699999986],[-121.9286338,47.5972029]]]}},
{"type":"Feature","properties":{"id":"399c13a9-24c5-4e30-942e-6b70caa041d0"},"geometry":{"type":"Polygon","coordinates":[[[-121.926058900000015,47.5908823],[-121.926010600000012,47.5909881],[-121.9262286,47.5910334],[-121.9262769,47.5909276],[-121.926058900000015,47.5908823]]]}},
{"type":"Feature","properties":{"id":"17f3f35d-1399-4f55-b51f-8ab13dbf615b"},"geometry":{"type":"Polygon","coordinates":[[[-121.9264092,47.5912748],[-121.9264041,47.5912117],[-121.926307900000012,47.5912152],[-121.9263129,47.5912784],[-121.9264092,47.5912748]]]}},
{"type":"Feature","properties":{"id":"212f50b5-be33-4ef9-8cc5-9d150b0b8b0f"},"geometry":{"type":"Polygon","coordinates":[[[-121.915567900000013,47.5833599],[-121.9155654,47.5832893],[-121.9153885,47.583292199999988],[-121.915391,47.5833627],[-121.915567900000013,47.5833599]]]}},
{"type":"Feature","properties":{"id":"42687ae6-1700-4f96-9121-5e09964f53d4"},"geometry":{"type":"Polygon","coordinates":[[[-121.907238300000017,47.5762968],[-121.907167500000014,47.5762896],[-121.9071561,47.576341],[-121.907227,47.5763481],[-121.907238300000017,47.5762968]]]}},
{"type":"Feature","properties":{"id":"3e10d83b-da85-4b6b-b958-3db658f63694"},"geometry":{"type":"Polygon","coordinates":[[[-121.907678700000019,47.581543],[-121.9076699,47.5817418],[-121.9079164,47.5817468],[-121.907923699999984,47.58158229999998],[-121.9078085,47.58158],[-121.90781,47.5815456],[-121.907678700000019,47.581543]]]}},
{"type":"Feature","properties":{"id":"0ff8c7f4-23e9-4b44-a2ba-8aeb5cae5452"},"geometry":{"type":"Polygon","coordinates":[[[-121.9137715,47.5827688],[-121.913877,47.582765599999988],[-121.9138647,47.58258210000001],[-121.9137592,47.5825853],[-121.9137715,47.5827688]]]}},
{"type":"Feature","properties":{"id":"30111330-4d5e-4642-accf-620fb5b0f470"},"geometry":{"type":"Polygon","coordinates":[[[-121.913540900000015,47.5874688],[-121.913436200000021,47.587402],[-121.9133023,47.5874974],[-121.913407,47.5875643],[-121.913540900000015,47.5874688]]]}},
{"type":"Feature","properties":{"id":"984013c6-44f7-400b-aa96-d32f3e43fdda"},"geometry":{"type":"Polygon","coordinates":[[[-121.9132842,47.5873989],[-121.913186,47.5874754],[-121.9132258,47.5874987],[-121.913324100000011,47.5874222],[-121.9132842,47.5873989]]]}},
{"type":"Feature","properties":{"id":"b80532c1-d2b4-4eb9-9474-4f9fb6ee916a"},"geometry":{"type":"Polygon","coordinates":[[[-121.9136194,47.5875621],[-121.9135189,47.5876577],[-121.913957300000021,47.5878672],[-121.9140548,47.5877745],[-121.914011,47.5877536],[-121.914014,47.5877507],[-121.9136194,47.5875621]]]}},
{"type":"Feature","properties":{"id":"e32c8aa8-f415-4c45-8fb5-5279aea261be"},"geometry":{"type":"Polygon","coordinates":[[[-121.916913500000021,47.5955035],[-121.9160065,47.5958552],[-121.916214,47.596098499999989],[-121.9170756,47.5957644],[-121.916960900000021,47.5956298],[-121.917006300000011,47.5956122],[-121.916913500000021,47.5955035]]]}},
{"type":"Feature","properties":{"id":"307fa3f9-f15c-4183-b058-ffcf043c468f"},"geometry":{"type":"Polygon","coordinates":[[[-121.9205861,47.584475],[-121.9207174,47.5844724],[-121.9207149,47.5844155],[-121.9206613,47.5844165],[-121.9206577,47.5843343],[-121.9205398,47.5843366],[-121.9205431,47.5844117],[-121.9205833,47.5844109],[-121.9205861,47.584475]]]}},
{"type":"Feature","properties":{"id":"1f88ad9d-2051-45ca-b4db-ce5ab47943f4"},"geometry":{"type":"Polygon","coordinates":[[[-121.920519200000015,47.5863916],[-121.920799400000021,47.5864212],[-121.9208252,47.5863099],[-121.9207257,47.5862994],[-121.9207306,47.5862782],[-121.92055,47.5862592],[-121.920519200000015,47.5863916]]]}},
{"type":"Feature","properties":{"id":"53e90d13-53c6-4048-a43c-57c2e1749690"},"geometry":{"type":"Polygon","coordinates":[[[-121.921467300000018,47.5870676],[-121.921465500000011,47.5870215],[-121.921350300000014,47.5870236],[-121.9213521,47.5870697],[-121.921467300000018,47.5870676]]]}},
{"type":"Feature","properties":{"id":"a2c346af-48bb-4bec-97c9-5913ffa052bc"},"geometry":{"type":"Polygon","coordinates":[[[-121.9308143,47.6385062],[-121.930923,47.6385081],[-121.930927600000018,47.6383871],[-121.9308189,47.6383852],[-121.9308143,47.6385062]]]}},
{"type":"Feature","properties":{"id":"ae8a860b-d9e8-401e-b530-5619f04bf4c3"},"geometry":{"type":"Polygon","coordinates":[[[-121.93139,47.6386158],[-121.931473,47.6385767],[-121.9314811,47.6385846],[-121.9315685,47.638543499999983],[-121.9314697,47.6384482],[-121.9313895,47.6384859],[-121.93140080000002,47.6384968],[-121.9313107,47.6385392],[-121.93139,47.6386158]]]}},
{"type":"Feature","properties":{"id":"fdb13442-9ca5-4c19-bc1d-fe3fd9f503f2"},"geometry":{"type":"Polygon","coordinates":[[[-121.9318869,47.6386501],[-121.9317321,47.6387029],[-121.9317862,47.6387748],[-121.931941,47.638722],[-121.9318869,47.6386501]]]}},
{"type":"Feature","properties":{"id":"fc6fb861-3a79-4393-a888-ad91304a1ae7"},"geometry":{"type":"Polygon","coordinates":[[[-121.932188300000021,47.637378],[-121.9321202,47.6374288],[-121.932201500000019,47.6374782],[-121.9322696,47.6374274],[-121.932188300000021,47.637378]]]}},
{"type":"Feature","properties":{"id":"c8c8dbb2-df6f-4b16-9d58-5f79dddc3250"},"geometry":{"type":"Polygon","coordinates":[[[-121.9324037,47.637455599999988],[-121.9324552,47.6373898],[-121.9323197,47.6373417],[-121.93226820000001,47.6374074],[-121.9324037,47.637455599999988]]]}},
{"type":"Feature","properties":{"id":"2f5bc367-2d64-4cc8-a576-cdd55c34a863"},"geometry":{"type":"Polygon","coordinates":[[[-121.9329265,47.638755199999984],[-121.9329217,47.6386125],[-121.932805,47.6386143],[-121.932809799999987,47.638757],[-121.9329265,47.638755199999984]]]}},
{"type":"Feature","properties":{"id":"0e7a004b-8cf0-4a65-aed4-a6123a573ca9"},"geometry":{"type":"Polygon","coordinates":[[[-121.9332962,47.6379286],[-121.9332593,47.6378359],[-121.9331606,47.6378537],[-121.9331975,47.6379464],[-121.9332962,47.6379286]]]}},
{"type":"Feature","properties":{"id":"50e7c43b-69d5-46da-a72c-81c1aaf68e10"},"geometry":{"type":"Polygon","coordinates":[[[-121.9336169,47.636813899999986],[-121.933585600000015,47.63687740000001],[-121.9338804,47.6369434],[-121.9339085,47.6368864],[-121.9337828,47.6368583],[-121.933803700000013,47.636816],[-121.933719100000019,47.636797],[-121.933701499999984,47.6368329],[-121.9336169,47.636813899999986]]]}},
{"type":"Feature","properties":{"id":"fdaed3e9-c2ed-42df-8f55-33daf5f0fd8e"},"geometry":{"type":"Polygon","coordinates":[[[-121.932966,47.6370566],[-121.9329928,47.6370832],[-121.933034,47.6370644],[-121.933069500000016,47.6370998],[-121.9331173,47.637078],[-121.933055100000018,47.637016],[-121.932966,47.6370566]]]}},
{"type":"Feature","properties":{"id":"b3eab294-d805-4647-a02b-a58ed7c64a0f"},"geometry":{"type":"Polygon","coordinates":[[[-121.9330678,47.621455099999984],[-121.9330628,47.6213241],[-121.9329753,47.6213256],[-121.932980400000019,47.6214566],[-121.9330678,47.621455099999984]]]}},
{"type":"Feature","properties":{"id":"67809b4c-5c2c-4196-95e1-c576d39cea4a"},"geometry":{"type":"Polygon","coordinates":[[[-121.9278274,47.6033024],[-121.927848200000014,47.603181],[-121.9276999,47.6031695],[-121.9276807,47.603282],[-121.927659500000019,47.6032803],[-121.927651499999982,47.6033274],[-121.9276938,47.6033307],[-121.927657300000021,47.603544899999989],[-121.927648100000013,47.6035442],[-121.927638500000015,47.6036006],[-121.927806500000017,47.6036136],[-121.927852499999986,47.6033441],[-121.9279081,47.6033484],[-121.9279148,47.6033092],[-121.9278274,47.6033024]]]}},
{"type":"Feature","properties":{"id":"7d8bba9c-6d04-4fcd-b597-63f90f8c904c"},"geometry":{"type":"Polygon","coordinates":[[[-121.9286123,47.6086169],[-121.928715600000018,47.6084456],[-121.928503899999981,47.608387499999985],[-121.9284005,47.6085589],[-121.9286123,47.6086169]]]}},
{"type":"Feature","properties":{"id":"ead68b47-9cc6-42d8-8890-425f4e7e6b16"},"geometry":{"type":"Polygon","coordinates":[[[-121.9280044,47.6071739],[-121.9278612,47.6073924],[-121.9279711,47.6074252],[-121.9281044,47.607221799999984],[-121.9280618,47.6072091],[-121.9280426,47.6072385],[-121.9280035,47.607226899999986],[-121.9280248,47.6071945],[-121.9280369,47.6071981],[-121.9280448,47.607186],[-121.9280044,47.6071739]]]}},
{"type":"Feature","properties":{"id":"c69a70af-c1b7-43b9-9ad3-1296ab1e98b5"},"geometry":{"type":"Polygon","coordinates":[[[-121.928109,47.6077638],[-121.928072900000018,47.6077236],[-121.9280227,47.607744099999984],[-121.928058900000011,47.6077843],[-121.928109,47.6077638]]]}},
{"type":"Feature","properties":{"id":"f8972339-8395-4e9f-8fb2-f17d267f55af"},"geometry":{"type":"Polygon","coordinates":[[[-121.9340877,47.610894],[-121.934228800000014,47.610881199999987],[-121.9341935,47.6107054],[-121.9340525,47.6107182],[-121.9340877,47.610894]]]}},
{"type":"Feature","properties":{"id":"1aeab4b1-56da-4672-a9d2-2e9141aab703"},"geometry":{"type":"Polygon","coordinates":[[[-121.9329885,47.6142716],[-121.9329575,47.614199],[-121.9328717,47.6142156],[-121.932902700000014,47.6142882],[-121.9329885,47.6142716]]]}},
{"type":"Feature","properties":{"id":"bea9abf6-a488-4d01-ae8c-f37a6debf5e4"},"geometry":{"type":"Polygon","coordinates":[[[-121.9323634,47.6198753],[-121.9320673,47.619878],[-121.9320688,47.6199511],[-121.9323514,47.6199486],[-121.9323505,47.6199007],[-121.932363900000013,47.619900599999987],[-121.9323634,47.6198753]]]}},
{"type":"Feature","properties":{"id":"8d7a0188-af76-4e27-b011-34d6905513d9"},"geometry":{"type":"Polygon","coordinates":[[[-121.9362766,47.6196759],[-121.936265100000014,47.6197467],[-121.9364612,47.6197612],[-121.9364727,47.6196904],[-121.9362766,47.6196759]]]}},
{"type":"Feature","properties":{"id":"17379e35-e3c8-4e16-a8e9-584b9eea9700"},"geometry":{"type":"Polygon","coordinates":[[[-121.935965,47.6195498],[-121.9359662,47.6196004],[-121.936100300000021,47.619599],[-121.9360985,47.6195237],[-121.9359591,47.6195252],[-121.935959700000012,47.6195498],[-121.935965,47.6195498]]]}},
{"type":"Feature","properties":{"id":"bd9f476c-b912-44af-a8e5-aa81f5d2b3f5"},"geometry":{"type":"Polygon","coordinates":[[[-121.9361416,47.6197151],[-121.9361438,47.619679],[-121.936066100000019,47.6196769],[-121.936063899999979,47.619713],[-121.9361416,47.6197151]]]}},
{"type":"Feature","properties":{"id":"42622009-1a20-4372-b12f-7797a66ca180"},"geometry":{"type":"Polygon","coordinates":[[[-121.9344719,47.6112248],[-121.9350841,47.6111351],[-121.9350133,47.6109151],[-121.934936399999984,47.610926399999983],[-121.9349197,47.6108746],[-121.934891600000014,47.6108787],[-121.934890100000018,47.6108742],[-121.93464680000001,47.61090990000001],[-121.9346688,47.6109782],[-121.934405,47.6110168],[-121.9344719,47.6112248]]]}},
{"type":"Feature","properties":{"id":"949576af-90dc-4ef5-8a54-cfef39128605"},"geometry":{"type":"Polygon","coordinates":[[[-121.938284599999989,47.631903],[-121.93824020000001,47.6319863],[-121.9383709,47.6320179],[-121.9384153,47.6319346],[-121.938284599999989,47.631903]]]}},
{"type":"Feature","properties":{"id":"acdb37a2-6b1c-4cb8-a55d-376b28f82978"},"geometry":{"type":"Polygon","coordinates":[[[-121.9385215,47.6321215],[-121.938464600000017,47.6322854],[-121.938624800000014,47.6323106],[-121.938660299999981,47.6322085],[-121.938725099999985,47.6322187],[-121.9387591,47.6321211],[-121.938612800000016,47.632098],[-121.9386003,47.632134],[-121.9385215,47.6321215]]]}},
{"type":"Feature","properties":{"id":"de69d823-5235-4ed1-a039-4dab70463f42"},"geometry":{"type":"Polygon","coordinates":[[[-121.9385057,47.6339775],[-121.9385992,47.633966],[-121.9385672,47.6338477],[-121.9385116,47.6338545],[-121.9385021,47.6338196],[-121.9383916,47.6338331],[-121.9384113,47.6339059],[-121.9383542,47.6339129],[-121.9383742,47.6339871],[-121.9383872,47.6339855],[-121.938426899999982,47.6341324],[-121.9383672,47.6341398],[-121.938385400000016,47.6342073],[-121.9385153,47.6341914],[-121.938495599999982,47.6341186],[-121.93844110000002,47.6341253],[-121.9384361,47.6341071],[-121.9385374,47.6340947],[-121.9385057,47.6339775]]]}},
{"type":"Feature","properties":{"id":"f6179011-8258-4dca-b37e-1ac4c488a7c0"},"geometry":{"type":"Polygon","coordinates":[[[-121.9383315,47.6331034],[-121.938401099999979,47.6331054],[-121.9384063,47.6330224],[-121.9381909,47.6330163],[-121.9381818,47.6331606],[-121.93832759999998,47.6331648],[-121.9383315,47.6331034]]]}},
{"type":"Feature","properties":{"id":"7eda0b9f-a407-4f1f-9e88-2475c09f3269"},"geometry":{"type":"Polygon","coordinates":[[[-121.938127099999988,47.6328285],[-121.938119300000011,47.6329663],[-121.9382184,47.6329689],[-121.938222100000019,47.6329032],[-121.9383587,47.6329067],[-121.9383627,47.6328345],[-121.938127099999988,47.6328285]]]}},
{"type":"Feature","properties":{"id":"aa429706-4988-4eef-b9dc-29326f281f27"},"geometry":{"type":"Polygon","coordinates":[[[-121.9360511,47.6358544],[-121.935995100000014,47.6359548],[-121.9361258,47.635987899999982],[-121.9361603,47.6359262],[-121.936125,47.6359172],[-121.9361386,47.6358929],[-121.936185600000016,47.6359048],[-121.9362233,47.6358373],[-121.9360644,47.635797],[-121.9360347,47.6358502],[-121.9360511,47.6358544]]]}},
{"type":"Feature","properties":{"id":"dfd7ad15-f73e-4336-bd8b-b8aff5627b5f"},"geometry":{"type":"Polygon","coordinates":[[[-121.93555,47.6351628],[-121.9354408,47.6351363],[-121.935360299999985,47.6352867],[-121.935469500000011,47.6353132],[-121.93555,47.6351628]]]}},
{"type":"Feature","properties":{"id":"d9bf90b1-c95d-4300-862c-b3cf7b28be3d"},"geometry":{"type":"Polygon","coordinates":[[[-121.935054800000017,47.635298],[-121.934886800000015,47.6352556],[-121.934844200000015,47.635332399999989],[-121.935012200000017,47.6353747],[-121.935054800000017,47.635298]]]}},
{"type":"Feature","properties":{"id":"9098b4fc-7dad-47c5-99d5-5679c1da84db"},"geometry":{"type":"Polygon","coordinates":[[[-121.9345808,47.6364573],[-121.9345155,47.6364585],[-121.9345095,47.6363068],[-121.9343685,47.6363093],[-121.9343712,47.6363787],[-121.9342962,47.63638],[-121.9342978,47.6364216],[-121.9343558,47.6364206],[-121.9343572,47.6364585],[-121.9344467,47.6364569],[-121.9344494,47.6365247],[-121.9345834,47.6365224],[-121.9345808,47.6364573]]]}},
{"type":"Feature","properties":{"id":"a5989126-3f52-46a4-8447-d5b989e6b820"},"geometry":{"type":"Polygon","coordinates":[[[-121.9393544,47.635317399999984],[-121.9393215,47.6352527],[-121.939212,47.635278],[-121.9392433,47.6353395],[-121.939167899999987,47.6353569],[-121.939198,47.635416100000015],[-121.9392869,47.6353956],[-121.9392979,47.6354172],[-121.93942269999998,47.6353884],[-121.9393832,47.6353108],[-121.9393544,47.635317399999984]]]}},
{"type":"Feature","properties":{"id":"ab754aaf-4f28-4f8e-a68b-f6a5c2c58f1c"},"geometry":{"type":"Polygon","coordinates":[[[-121.9400105,47.6321267],[-121.9398895,47.6321958],[-121.9398744,47.6321838],[-121.9398143,47.6322181],[-121.9399241,47.6323054],[-121.9399991,47.6322626],[-121.9400327,47.6322894],[-121.940138799999986,47.6322288],[-121.9400105,47.6321267]]]}},
{"type":"Feature","properties":{"id":"942cec1b-b891-4bff-a96f-eaf0ff1d51dc"},"geometry":{"type":"Polygon","coordinates":[[[-121.940414700000019,47.632071399999987],[-121.9404192,47.6319739],[-121.9402825,47.631971],[-121.940278,47.6320685],[-121.940414700000019,47.632071399999987]]]}},
{"type":"Feature","properties":{"id":"20ee5e3d-e2c8-4ba2-925e-9aaf03c01bc4"},"geometry":{"type":"Polygon","coordinates":[[[-121.9409498,47.6325826],[-121.940793700000015,47.6326299],[-121.9408244,47.6326758],[-121.9409805,47.6326285],[-121.9409498,47.6325826]]]}},
{"type":"Feature","properties":{"id":"5b8f7e73-e94b-42a4-928c-3c09e65a9c05"},"geometry":{"type":"Polygon","coordinates":[[[-121.9326091,47.6579475],[-121.9325052,47.6579282],[-121.9325269,47.6578753],[-121.932387600000013,47.6578494],[-121.932330600000014,47.6579884],[-121.9324646,47.6580134],[-121.9324831,47.657968299999986],[-121.9325821,47.6579867],[-121.9325646,47.6580292],[-121.9326563,47.6580463],[-121.9327049,47.657928099999985],[-121.9326233,47.6579129],[-121.9326091,47.6579475]]]}},
{"type":"Feature","properties":{"id":"4396e06b-2820-43e9-9acf-0a4a0b847295"},"geometry":{"type":"Polygon","coordinates":[[[-121.931902100000016,47.662252],[-121.9320457,47.662194899999989],[-121.931880599999985,47.6620066],[-121.9316928,47.6620814],[-121.9318429,47.6622524],[-121.931902100000016,47.662252]]]}},
{"type":"Feature","properties":{"id":"9c06e964-aa5a-4399-864e-5ec8fbf84771"},"geometry":{"type":"Polygon","coordinates":[[[-121.934294900000012,47.6680761],[-121.9343574,47.6679573],[-121.9341642,47.6679113],[-121.9341508,47.6679367],[-121.9333624,47.6677488],[-121.9328048,47.667433100000011],[-121.9326506,47.6675566],[-121.933239,47.6678897],[-121.9339498,47.66805930000001],[-121.9339804,47.668001099999984],[-121.934294900000012,47.6680761]]]}},
{"type":"Feature","properties":{"id":"e1fe54f4-9660-403f-ab33-4e85079e03a4"},"geometry":{"type":"Polygon","coordinates":[[[-121.9264955,47.6655002],[-121.926584,47.665366499999983],[-121.926369400000013,47.6652871],[-121.9262595,47.6654171],[-121.9264955,47.6655002]]]}},
{"type":"Feature","properties":{"id":"22705b27-234c-4dd4-a24b-301fca0d8505"},"geometry":{"type":"Polygon","coordinates":[[[-121.9324686,47.6576506],[-121.932714600000011,47.6576126],[-121.932669300000015,47.6574795],[-121.932423300000011,47.6575176],[-121.9324686,47.6576506]]]}},
{"type":"Feature","properties":{"id":"d6487cad-879b-4742-ae4e-4bed21057cbc"},"geometry":{"type":"Polygon","coordinates":[[[-121.9495359,47.6832636],[-121.949265299999979,47.6834554],[-121.9493591,47.6835154],[-121.9496296,47.6833236],[-121.9495359,47.6832636]]]}},
{"type":"Feature","properties":{"id":"2a1de2e8-effa-4e8e-9c68-03c59e9b86cb"},"geometry":{"type":"Polygon","coordinates":[[[-121.9492099,47.689699199999986],[-121.9489922,47.6894646],[-121.9489374,47.6894877],[-121.949155,47.6897223],[-121.9492099,47.689699199999986]]]}},
{"type":"Feature","properties":{"id":"74d91f55-acb5-4cf3-a827-6f0c4b415c14"},"geometry":{"type":"Polygon","coordinates":[[[-121.9490832,47.6897558],[-121.9491391,47.6897322],[-121.9489234,47.6895008],[-121.948867600000014,47.689524400000018],[-121.9490832,47.6897558]]]}},
{"type":"Feature","properties":{"id":"dbcf8616-f740-40cd-86a5-90c2d1ba12dd"},"geometry":{"type":"Polygon","coordinates":[[[-121.9776084,47.6707977],[-121.977539,47.670875],[-121.9777376,47.6709557],[-121.977772,47.6709174],[-121.9777535,47.6709098],[-121.9777884,47.6708708],[-121.9776084,47.6707977]]]}},
{"type":"Feature","properties":{"id":"ab46e8b6-045a-44a4-ab39-e3c4435acf9a"},"geometry":{"type":"Polygon","coordinates":[[[-121.9781718,47.6733036],[-121.9784453,47.6732612],[-121.978428100000016,47.673210699999984],[-121.978154500000016,47.6732531],[-121.9781718,47.6733036]]]}},
{"type":"Feature","properties":{"id":"cbe076c1-8e1b-446f-9dc5-928480fb9c77"},"geometry":{"type":"Polygon","coordinates":[[[-121.9783365,47.673003],[-121.9781163,47.6730459],[-121.9781843,47.6732042],[-121.9784046,47.6731613],[-121.9783365,47.673003]]]}},
{"type":"Feature","properties":{"id":"3449a6a2-06fe-4503-8742-cf3d7f975051"},"geometry":{"type":"Polygon","coordinates":[[[-121.979607300000012,47.674979199999989],[-121.979496,47.6750125],[-121.9797034,47.67532760000001],[-121.979870300000016,47.6752778],[-121.9797787,47.6751387],[-121.9797232,47.6751553],[-121.979607300000012,47.674979199999989]]]}},
{"type":"Feature","properties":{"id":"1c429152-3b3d-429b-b0f6-0e97e5951e1d"},"geometry":{"type":"Polygon","coordinates":[[[-121.980028,47.6750497],[-121.979973300000012,47.6750652],[-121.9800059,47.6751174],[-121.980060600000016,47.6751019],[-121.980028,47.6750497]]]}},
{"type":"Feature","properties":{"id":"e9a0afcd-3c3e-46d2-9762-7de22b371633"},"geometry":{"type":"Polygon","coordinates":[[[-121.9799182,47.6757519],[-121.9797877,47.6757968],[-121.9799194,47.6759705],[-121.9801433,47.6758935],[-121.980090600000011,47.675823899999983],[-121.9799972,47.6758561],[-121.9799182,47.6757519]]]}},
{"type":"Feature","properties":{"id":"788cfd5c-0619-4d30-815c-73aa676b61a8"},"geometry":{"type":"Polygon","coordinates":[[[-121.980124700000019,47.676017],[-121.9801291,47.6760747],[-121.980222800000021,47.6760714],[-121.9802183,47.6760138],[-121.980124700000019,47.676017]]]}},
{"type":"Feature","properties":{"id":"d080bb65-20fc-4960-b1b5-83af15a57ffa"},"geometry":{"type":"Polygon","coordinates":[[[-121.980373200000017,47.6761356],[-121.9802272,47.6761395],[-121.9802376,47.676314399999988],[-121.9803836,47.6763105],[-121.980373200000017,47.6761356]]]}},
{"type":"Feature","properties":{"id":"1eb4d37a-153a-44f1-9c7e-90c10c8dfced"},"geometry":{"type":"Polygon","coordinates":[[[-121.980508299999983,47.674561],[-121.980393399999983,47.6745936],[-121.9804511,47.6746856],[-121.9805659,47.674652899999984],[-121.980508299999983,47.674561]]]}},
{"type":"Feature","properties":{"id":"3202279e-108e-4008-a84a-9e644abae4a6"},"geometry":{"type":"Polygon","coordinates":[[[-121.979853299999988,47.6741494],[-121.9795841,47.6742269],[-121.9802462,47.6752687],[-121.980423300000012,47.6752177],[-121.9802824,47.6749961],[-121.9805012,47.674933],[-121.9801943,47.67445],[-121.9800675,47.6744865],[-121.979853299999988,47.6741494]]]}},
{"type":"Feature","properties":{"id":"ab1b9d0b-d22f-49f2-99d3-4faa5c487417"},"geometry":{"type":"Polygon","coordinates":[[[-121.9798589,47.673113299999983],[-121.979645300000016,47.673125],[-121.9796584,47.6732331],[-121.980054599999988,47.6732113],[-121.9800221,47.672942499999984],[-121.979839500000011,47.6729525],[-121.9798589,47.673113299999983]]]}},
{"type":"Feature","properties":{"id":"55cbc227-059d-4737-bcfd-1a623fac5536"},"geometry":{"type":"Polygon","coordinates":[[[-121.9793458,47.6728645],[-121.9793991,47.6728575],[-121.979384900000014,47.6728081],[-121.9793316,47.672815],[-121.9793458,47.6728645]]]}},
{"type":"Feature","properties":{"id":"ff7e1056-ac29-441a-a44d-1734fdd6bb65"},"geometry":{"type":"Polygon","coordinates":[[[-121.9796251,47.6731622],[-121.9796188,47.673112],[-121.979482,47.6731199],[-121.9794884,47.6731701],[-121.9796251,47.6731622]]]}},
{"type":"Feature","properties":{"id":"e70cc7ec-d6d7-4c72-89f3-1af98c016406"},"geometry":{"type":"Polygon","coordinates":[[[-121.9793319,47.6735511],[-121.979253,47.6735795],[-121.9793467,47.6736975],[-121.979482100000013,47.673648699999987],[-121.97943770000002,47.673592799999987],[-121.9793812,47.6736132],[-121.9793319,47.6735511]]]}},
{"type":"Feature","properties":{"id":"0585e346-397b-4ed7-9f7c-bdf0a7f86764"},"geometry":{"type":"Polygon","coordinates":[[[-121.9791742,47.6735947],[-121.9792492,47.6735733],[-121.979219300000011,47.6735258],[-121.979144300000016,47.6735473],[-121.9791742,47.6735947]]]}},
{"type":"Feature","properties":{"id":"172723de-252c-4f00-a259-15939ed72cb1"},"geometry":{"type":"Polygon","coordinates":[[[-121.9789129,47.6733088],[-121.979015600000011,47.6734162],[-121.9791782,47.6733457],[-121.9790755,47.6732383],[-121.9789129,47.6733088]]]}},
{"type":"Feature","properties":{"id":"8407a91b-b939-4700-a7e2-34a86c25107d"},"geometry":{"type":"Polygon","coordinates":[[[-121.979284,47.6730754],[-121.9793545,47.6730601],[-121.979315,47.6729777],[-121.9792445,47.672993],[-121.979284,47.6730754]]]}},
{"type":"Feature","properties":{"id":"6f5237c8-0c06-42db-8093-4372ad425da6"},"geometry":{"type":"Polygon","coordinates":[[[-121.9790006,47.6730231],[-121.978959500000016,47.6730313],[-121.978949300000011,47.673008],[-121.9788654,47.6730246],[-121.9789141,47.673136],[-121.979007,47.6731176],[-121.9789896,47.6730777],[-121.9790217,47.673071299999989],[-121.9790006,47.6730231]]]}},
{"type":"Feature","properties":{"id":"ca05640e-0fb6-4a45-8b32-ec8bce3af0e5"},"geometry":{"type":"Polygon","coordinates":[[[-121.9809076,47.6750234],[-121.9808311,47.675048],[-121.9809174,47.6751702],[-121.980994,47.6751457],[-121.9809076,47.6750234]]]}},
{"type":"Feature","properties":{"id":"e6346000-5407-427f-b769-b8795957568c"},"geometry":{"type":"Polygon","coordinates":[[[-121.9811744,47.6756556],[-121.981017499999979,47.6757076],[-121.9811156,47.675842],[-121.9812726,47.67579],[-121.9811744,47.6756556]]]}},
{"type":"Feature","properties":{"id":"8b429fb0-54d1-4104-b4a6-ca7a2b17de42"},"geometry":{"type":"Polygon","coordinates":[[[-121.9819712,47.6755237],[-121.9819347,47.6754676],[-121.9818244,47.6755001],[-121.9818609,47.6755562],[-121.9819712,47.6755237]]]}},
{"type":"Feature","properties":{"id":"a44fc140-30c4-47e1-93b7-ca3559d2f081"},"geometry":{"type":"Polygon","coordinates":[[[-121.981965499999987,47.6753631],[-121.981969300000017,47.6753771],[-121.9819381,47.6753809],[-121.9819531,47.6754369],[-121.982048,47.6754253],[-121.9820293,47.6753554],[-121.981965499999987,47.6753631]]]}},
{"type":"Feature","properties":{"id":"7f43703b-2b34-4826-b00b-b05ba73fcebf"},"geometry":{"type":"Polygon","coordinates":[[[-121.983174800000015,47.675421900000011],[-121.9833169,47.6754632],[-121.98339390000001,47.675343199999986],[-121.9832518,47.6753019],[-121.983174800000015,47.675421900000011]]]}},
{"type":"Feature","properties":{"id":"928fbc3b-051e-44d8-9a67-6edd2196ef46"},"geometry":{"type":"Polygon","coordinates":[[[-121.982725799999983,47.6774966],[-121.982647,47.6775236],[-121.9826611,47.6775423],[-121.9827399,47.67751530000001],[-121.982725799999983,47.6774966]]]}},
{"type":"Feature","properties":{"id":"e66a8ce7-3cb8-4272-a4cb-4b81c80f9c7e"},"geometry":{"type":"Polygon","coordinates":[[[-121.9824412,47.6774422],[-121.98251980000002,47.6775548],[-121.9826511,47.6775132],[-121.9825725,47.6774006],[-121.9824412,47.6774422]]]}},
{"type":"Feature","properties":{"id":"8c0f864b-9ce2-42ee-acfd-34eae77897b3"},"geometry":{"type":"Polygon","coordinates":[[[-121.9825003,47.6778963],[-121.982421800000012,47.6779319],[-121.9824504,47.6779605],[-121.9825289,47.6779248],[-121.9825003,47.6778963]]]}},
{"type":"Feature","properties":{"id":"7beccccb-2530-4d41-8b81-438c2442ad6a"},"geometry":{"type":"Polygon","coordinates":[[[-121.9826699,47.678043],[-121.982547,47.6779212],[-121.982435,47.6779724],[-121.9825579,47.6780942],[-121.9826699,47.678043]]]}},
{"type":"Feature","properties":{"id":"bf73c423-f213-4c55-93c2-ec9c879d8981"},"geometry":{"type":"Polygon","coordinates":[[[-121.982754299999982,47.6781317],[-121.9826764,47.6780466],[-121.9826239,47.6780684],[-121.9827018,47.6781535],[-121.982754299999982,47.6781317]]]}},
{"type":"Feature","properties":{"id":"179f2274-ce1f-49a9-afcb-65045e539ae4"},"geometry":{"type":"Polygon","coordinates":[[[-121.9828171,47.6777575],[-121.9829035,47.677740399999983],[-121.982843099999982,47.6776017],[-121.982756600000016,47.6776188],[-121.9828171,47.6777575]]]}},
{"type":"Feature","properties":{"id":"d88a76d0-d806-4a49-9af8-9f6ccc204c9d"},"geometry":{"type":"Polygon","coordinates":[[[-121.9821016,47.6775417],[-121.98201640000002,47.6774433],[-121.9819583,47.6774661],[-121.9820435,47.6775645],[-121.9821016,47.6775417]]]}},
{"type":"Feature","properties":{"id":"bad9df5e-d9cd-48ba-8009-2644ea93ba89"},"geometry":{"type":"Polygon","coordinates":[[[-121.9817971,47.6764517],[-121.981886299999985,47.6765688],[-121.982012899999987,47.6765251],[-121.9819237,47.676408],[-121.9817971,47.6764517]]]}},
{"type":"Feature","properties":{"id":"ceac4266-8666-4827-bdb6-76e974dd8541"},"geometry":{"type":"Polygon","coordinates":[[[-121.981829500000018,47.6762838],[-121.9817318,47.6763118],[-121.9818024,47.6764235],[-121.9819,47.6763955],[-121.981829500000018,47.6762838]]]}},
{"type":"Feature","properties":{"id":"616474e4-5e6b-4d38-b0c7-624ba0812036"},"geometry":{"type":"Polygon","coordinates":[[[-121.979133599999983,47.6843924],[-121.9791344,47.6844357],[-121.979257700000019,47.6844348],[-121.979257,47.6843915],[-121.979133599999983,47.6843924]]]}},
{"type":"Feature","properties":{"id":"93202bae-c31b-4c07-bb9e-92afdded0e59"},"geometry":{"type":"Polygon","coordinates":[[[-121.9799645,47.68455620000001],[-121.9799545,47.6845967],[-121.9800499,47.6846073],[-121.9800421,47.6846389],[-121.9801622,47.6846524],[-121.98017,47.684620700000011],[-121.980203900000021,47.6846245],[-121.98021390000001,47.6845841],[-121.9799645,47.68455620000001]]]}},
{"type":"Feature","properties":{"id":"71168820-bf13-4466-ae6a-e5c4aa013de1"},"geometry":{"type":"Polygon","coordinates":[[[-121.9817272,47.6915262],[-121.982092,47.691519],[-121.9820786,47.6911128],[-121.9817058,47.69112],[-121.9817272,47.6915262]]]}},
{"type":"Feature","properties":{"id":"2542b15b-92ec-4a34-8fad-b74b3abf6799"},"geometry":{"type":"Polygon","coordinates":[[[-121.9775795,47.6929016],[-121.977235,47.6929081],[-121.9772472,47.6932022],[-121.9775918,47.6931957],[-121.9775795,47.6929016]]]}},
{"type":"Feature","properties":{"id":"514cdbb6-b586-493d-b195-f3982126db0f"},"geometry":{"type":"Polygon","coordinates":[[[-121.9768385,47.6929463],[-121.9769062,47.6929422],[-121.9769036,47.692922499999987],[-121.976835900000012,47.6929266],[-121.9768385,47.6929463]]]}},
{"type":"Feature","properties":{"id":"efbd4469-3370-42ae-8b74-ba0d5d99c938"},"geometry":{"type":"Polygon","coordinates":[[[-121.9763399,47.6930598],[-121.976335899999981,47.6930021],[-121.976253,47.6930047],[-121.976257,47.6930624],[-121.9763399,47.6930598]]]}},
{"type":"Feature","properties":{"id":"200cf88c-2fa9-4de7-acff-e9fb30d0b365"},"geometry":{"type":"Polygon","coordinates":[[[-121.973706400000012,47.684523],[-121.9736937,47.6847158],[-121.9738181,47.6847195],[-121.9738308,47.6845267],[-121.973706400000012,47.684523]]]}},
{"type":"Feature","properties":{"id":"c1e09688-60b2-4df4-acff-f3a6f9bffcd4"},"geometry":{"type":"Polygon","coordinates":[[[-121.9744101,47.6847243],[-121.974408100000019,47.6848507],[-121.974562400000011,47.6848518],[-121.97456440000002,47.6847254],[-121.9744101,47.6847243]]]}},
{"type":"Feature","properties":{"id":"df8e053e-d035-4ab1-9e4e-196f6cfadcc5"},"geometry":{"type":"Polygon","coordinates":[[[-121.974843799999988,47.6847777],[-121.974827500000018,47.6848121],[-121.974904,47.6848286],[-121.9749204,47.6847942],[-121.974843799999988,47.6847777]]]}},
{"type":"Feature","properties":{"id":"556cadcf-99c1-4e24-8fcc-52f3767a7dbe"},"geometry":{"type":"Polygon","coordinates":[[[-121.9749796,47.68478420000001],[-121.9750279,47.6847663],[-121.974998899999989,47.684731],[-121.97495069999998,47.6847489],[-121.9749796,47.68478420000001]]]}},
{"type":"Feature","properties":{"id":"00e2c486-234d-47bb-b94a-9b00197355fc"},"geometry":{"type":"Polygon","coordinates":[[[-121.9752354,47.6849155],[-121.975239,47.6848524],[-121.9750354,47.6848472],[-121.9750319,47.6849104],[-121.9752354,47.6849155]]]}},
{"type":"Feature","properties":{"id":"d0f6f1a8-dde2-4f9c-a2ed-0d52a690269d"},"geometry":{"type":"Polygon","coordinates":[[[-121.975482299999982,47.685048],[-121.9755042,47.685182],[-121.975613900000013,47.6851729],[-121.9755903,47.6850429],[-121.975482299999982,47.685048]]]}},
{"type":"Feature","properties":{"id":"929129f4-42f8-4694-939a-f3ae3161e4e4"},"geometry":{"type":"Polygon","coordinates":[[[-121.975536599999984,47.6849391],[-121.9756195,47.6849614],[-121.9756405,47.6849258],[-121.975556699999984,47.6849021],[-121.975536599999984,47.6849391]]]}},
{"type":"Feature","properties":{"id":"4f97c9a7-beb9-4a5d-96e5-7bd2e0071692"},"geometry":{"type":"Polygon","coordinates":[[[-121.9729688,47.6845421],[-121.972825400000019,47.6845436],[-121.9728272,47.6846212],[-121.9728755,47.684620700000011],[-121.9728759,47.6846416],[-121.972918899999982,47.6846412],[-121.9729184,47.6846239],[-121.972965300000013,47.6846234],[-121.9729645,47.6845909],[-121.972969899999981,47.6845908],[-121.9729688,47.6845421]]]}},
{"type":"Feature","properties":{"id":"b4c7cba9-2b0c-4f57-b0c8-57705fa66f2d"},"geometry":{"type":"Polygon","coordinates":[[[-121.9648222,47.6866479],[-121.964819099999985,47.6866929],[-121.965303600000013,47.6867078],[-121.9653067,47.6866628],[-121.9648222,47.6866479]]]}},
{"type":"Feature","properties":{"id":"7091bbb9-b0da-43c2-9044-74e484befa5a"},"geometry":{"type":"Polygon","coordinates":[[[-121.982067499999985,47.7406713],[-121.9820668,47.7407099],[-121.982181,47.7407107],[-121.9821817,47.7406686],[-121.9822139,47.7406688],[-121.9822151,47.7405967],[-121.98199630000002,47.740595],[-121.981995,47.7406708],[-121.982067499999985,47.7406713]]]}},
{"type":"Feature","properties":{"id":"1de6d4e3-874e-49d7-b23c-ee8cecfe6448"},"geometry":{"type":"Polygon","coordinates":[[[-121.982389399999988,47.7406864],[-121.982447800000017,47.7406855],[-121.982444300000012,47.7405708],[-121.9823228,47.7405725],[-121.9823264,47.7406871],[-121.982284,47.7406877],[-121.982285200000021,47.7407275],[-121.982390599999988,47.7407261],[-121.982389399999988,47.7406864]]]}},
{"type":"Feature","properties":{"id":"c961b048-44ce-4429-a7be-fb81cf5e0aac"},"geometry":{"type":"Polygon","coordinates":[[[-121.982717,47.740689],[-121.982717,47.740566],[-121.982604,47.740566],[-121.982604,47.740689],[-121.982717,47.740689]]]}},
{"type":"Feature","properties":{"id":"0aa23cac-e5b1-4b71-9132-5ef8854d1111"},"geometry":{"type":"Polygon","coordinates":[[[-121.982874200000012,47.7407303],[-121.9829724,47.7407344],[-121.982976,47.7406948],[-121.982877800000011,47.7406907],[-121.982874200000012,47.7407303]]]}},
{"type":"Feature","properties":{"id":"8dd20314-07b5-4e04-9b23-11468f7161d7"},"geometry":{"type":"Polygon","coordinates":[[[-121.9829916,47.7410848],[-121.983110900000014,47.7410856],[-121.9831124,47.7409783],[-121.9829931,47.7409775],[-121.9829916,47.7410848]]]}},
{"type":"Feature","properties":{"id":"67c6aeb4-5a72-4dc9-8367-163c6e679ccc"},"geometry":{"type":"Polygon","coordinates":[[[-121.983001,47.741162],[-121.983002,47.741092],[-121.982927,47.741091],[-121.982926,47.741162],[-121.983001,47.741162]]]}},
{"type":"Feature","properties":{"id":"e896a51a-d201-46eb-a1b0-a1c1ded9dba3"},"geometry":{"type":"Polygon","coordinates":[[[-121.9828224,47.7418891],[-121.9830155,47.7418891],[-121.9830155,47.741725099999989],[-121.9828224,47.741725099999989],[-121.9828224,47.7418891]]]}},
{"type":"Feature","properties":{"id":"f2fd0a1d-273c-4987-b143-9d182f8c37ba"},"geometry":{"type":"Polygon","coordinates":[[[-121.982944100000012,47.7413176],[-121.982939900000019,47.7414654],[-121.983025700000013,47.7414665],[-121.9830249,47.7414964],[-121.983121400000016,47.7414977],[-121.983123,47.7414425],[-121.9830988,47.7414422],[-121.9831016,47.7413448],[-121.9830319,47.7413439],[-121.983032600000016,47.7413187],[-121.982944100000012,47.7413176]]]}},
{"type":"Feature","properties":{"id":"8354b081-4ae8-414a-8c5c-77d0fd37e34c"},"geometry":{"type":"Polygon","coordinates":[[[-121.98249890000001,47.7422381],[-121.98268130000001,47.7422449],[-121.9826899,47.7421404],[-121.9825076,47.7421336],[-121.98249890000001,47.7422381]]]}},
{"type":"Feature","properties":{"id":"5b21f15b-c3e1-441c-9828-af2e9b80f395"},"geometry":{"type":"Polygon","coordinates":[[[-121.982097100000018,47.7422074],[-121.9822207,47.7422114],[-121.9822338,47.7420277],[-121.982110099999986,47.7420237],[-121.982097100000018,47.7422074]]]}},
{"type":"Feature","properties":{"id":"b7a12fe8-fea2-49cc-8b47-241302eaad23"},"geometry":{"type":"Polygon","coordinates":[[[-121.9823538,47.7413559],[-121.982357,47.7412597],[-121.9821495,47.7412566],[-121.9821463,47.7413528],[-121.9823538,47.7413559]]]}},
{"type":"Feature","properties":{"id":"6063213d-e3ef-45c3-a7fb-f64ca6e67ad2"},"geometry":{"type":"Polygon","coordinates":[[[-121.9824213,47.7418466],[-121.982499,47.7418486],[-121.982505700000019,47.741725],[-121.9824281,47.7417231],[-121.9824213,47.7418466]]]}},
{"type":"Feature","properties":{"id":"f9e36ca3-e4cb-4f78-9adf-5657e95dcb8e"},"geometry":{"type":"Polygon","coordinates":[[[-121.9824634,47.741454399999988],[-121.9825546,47.7414528],[-121.9825503,47.7413401],[-121.9824591,47.7413417],[-121.9824634,47.741454399999988]]]}},
{"type":"Feature","properties":{"id":"47d41a03-6488-4c0f-8d43-c7ea8f9a2566"},"geometry":{"type":"Polygon","coordinates":[[[-121.982440600000018,47.741153],[-121.982552,47.7411552],[-121.9825561,47.7410638],[-121.9824446,47.7410616],[-121.982440600000018,47.741153]]]}},
{"type":"Feature","properties":{"id":"a6b8a203-df8d-4fc8-a40c-ed91fea6419d"},"geometry":{"type":"Polygon","coordinates":[[[-121.9825787,47.741329599999986],[-121.982684600000013,47.741331199999983],[-121.9826866,47.7412717],[-121.9825807,47.74127020000001],[-121.9825787,47.741329599999986]]]}},
{"type":"Feature","properties":{"id":"0a205bf7-c430-42a5-900b-5b2ed45631ea"},"geometry":{"type":"Polygon","coordinates":[[[-121.982592,47.7411443],[-121.982725799999983,47.7411501],[-121.9827343,47.741061099999989],[-121.9826005,47.7410553],[-121.982592,47.7411443]]]}},
{"type":"Feature","properties":{"id":"475a4df9-3300-4015-a8a5-410f7f64135e"},"geometry":{"type":"Polygon","coordinates":[[[-121.981575,47.744058],[-121.98157,47.744132],[-121.981766,47.744138],[-121.981775,47.744001],[-121.981662,47.743998],[-121.981658,47.744061],[-121.981575,47.744058]]]}},
{"type":"Feature","properties":{"id":"f118c1d0-f4a6-4473-a11b-1fbb1573086e"},"geometry":{"type":"Polygon","coordinates":[[[-121.981491,47.744071],[-121.981491,47.743979],[-121.9813,47.743979],[-121.9813,47.744071],[-121.981491,47.744071]]]}},
{"type":"Feature","properties":{"id":"a0005e5f-c4ed-465f-932e-022da29f3d38"},"geometry":{"type":"Polygon","coordinates":[[[-121.860967,47.676126],[-121.860994,47.676036],[-121.861081,47.676048],[-121.861116,47.67593],[-121.861048,47.675921],[-121.861051,47.67591],[-121.860936,47.675895],[-121.8609,47.676015],[-121.860908,47.676016],[-121.860878,47.676114],[-121.860967,47.676126]]]}},
{"type":"Feature","properties":{"id":"1acd902d-e20e-457d-a778-70b8c9c5a6bb"},"geometry":{"type":"Polygon","coordinates":[[[-121.8972654,47.647377],[-121.8972774,47.6473661],[-121.8973244,47.6473926],[-121.8974143,47.6473234],[-121.8973013,47.6472419],[-121.8972991,47.647168899999983],[-121.8971905,47.6471699],[-121.8971988,47.647277],[-121.897154,47.6473119],[-121.8972654,47.647377]]]}},
{"type":"Feature","properties":{"id":"31dc1c40-1ff1-41cd-b1b5-800e5c976138"},"geometry":{"type":"Polygon","coordinates":[[[-121.8795873,47.6503837],[-121.879655099999979,47.650398100000011],[-121.8796652,47.650372299999987],[-121.8797339,47.6503869],[-121.8797856,47.6502976],[-121.8797451,47.650287],[-121.8797694,47.6502462],[-121.8796238,47.6502176],[-121.8796078,47.650251299999987],[-121.8795397,47.650234399999988],[-121.879501,47.6503374],[-121.8795463,47.6503419],[-121.8795411,47.650359599999987],[-121.879593400000019,47.6503695],[-121.8795873,47.6503837]]]}},
{"type":"Feature","properties":{"id":"5703168e-e162-4a32-8f16-32a5972fe04b"},"geometry":{"type":"Polygon","coordinates":[[[-121.8788583,47.6535204],[-121.8788838,47.6536073],[-121.87896,47.6535971],[-121.8789498,47.6535624],[-121.8789705,47.6535596],[-121.878955099999985,47.6535075],[-121.8788583,47.6535204]]]}},
{"type":"Feature","properties":{"id":"817e832a-3de9-4860-89a6-81e50b72c57f"},"geometry":{"type":"Polygon","coordinates":[[[-121.8949586,47.6369979],[-121.8949495,47.6369049],[-121.8947668,47.6369152],[-121.894781,47.6370389],[-121.894917,47.6370307],[-121.894914,47.637],[-121.8949586,47.6369979]]]}},
{"type":"Feature","properties":{"id":"fed34297-12fa-4d12-a50b-c8800a5cde08"},"geometry":{"type":"Polygon","coordinates":[[[-121.8943539,47.6373288],[-121.8942717,47.637230399999986],[-121.8941124,47.6372878],[-121.894183399999989,47.637371899999984],[-121.894217900000015,47.6373589],[-121.8942331,47.6373746],[-121.8943539,47.6373288]]]}},
{"type":"Feature","properties":{"id":"3d2a2a88-0005-4ef3-93dc-d08e4dca01fd"},"geometry":{"type":"Polygon","coordinates":[[[-121.89651379999998,47.6371058],[-121.8965178,47.637204599999983],[-121.8967039,47.6372012],[-121.8966999,47.6371024],[-121.8966247,47.6371038],[-121.89651379999998,47.6371058]]]}},
{"type":"Feature","properties":{"id":"874f30f4-f476-4316-82fa-0c753e5f4165"},"geometry":{"type":"Polygon","coordinates":[[[-121.9013329,47.5704699],[-121.9013332,47.5704095],[-121.9011367,47.5704091],[-121.9011364,47.5704534],[-121.9011018,47.5704533],[-121.9011015,47.5705212],[-121.901145500000013,47.5705213],[-121.9011453,47.5705518],[-121.9013106,47.5705522],[-121.9013109,47.5705065],[-121.90127440000002,47.5705064],[-121.901274500000014,47.570469799999984],[-121.9013329,47.5704699]]]}},
{"type":"Feature","properties":{"id":"bda34863-7d41-4cdf-a3fe-320bbc5a5f92"},"geometry":{"type":"Polygon","coordinates":[[[-121.901325,47.570223],[-121.901325,47.570364],[-121.901459,47.570364],[-121.901459,47.570223],[-121.901325,47.570223]]]}},
{"type":"Feature","properties":{"id":"f5f4ddbb-41a8-41b6-a915-d5f79c6e6f54"},"geometry":{"type":"Polygon","coordinates":[[[-121.900579,47.57005],[-121.900442,47.570051],[-121.900443,47.570239],[-121.900665,47.570238],[-121.900664,47.570175],[-121.900579,47.570175],[-121.900579,47.57005]]]}},
{"type":"Feature","properties":{"id":"b4a104ed-cc46-4b56-8c9e-430763a64065"},"geometry":{"type":"Polygon","coordinates":[[[-121.9005531,47.5699971],[-121.900553500000015,47.5699117],[-121.90049470000001,47.5699115],[-121.900495,47.5698584],[-121.9003556,47.569858],[-121.9003553,47.5699091],[-121.9003421,47.569909],[-121.9003418,47.5699651],[-121.9003577,47.5699651],[-121.9003575,47.5699966],[-121.9005531,47.5699971]]]}},
{"type":"Feature","properties":{"id":"a06e7aa9-d55b-4302-a510-32976458b037"},"geometry":{"type":"Polygon","coordinates":[[[-121.900378,47.569637],[-121.900378,47.569774],[-121.900512,47.569774],[-121.900512,47.569637],[-121.900378,47.569637]]]}},
{"type":"Feature","properties":{"id":"3ba21e06-02cb-454d-9bc9-16f6f95e58b2"},"geometry":{"type":"Polygon","coordinates":[[[-121.900472,47.569447],[-121.900341,47.569447],[-121.900341,47.569592],[-121.900472,47.569592],[-121.900472,47.569447]]]}},
{"type":"Feature","properties":{"id":"d4e79066-76d6-4a53-a861-19da00b3103c"},"geometry":{"type":"Polygon","coordinates":[[[-121.8988213,47.5686856],[-121.898823900000011,47.5687887],[-121.8989473,47.5687873],[-121.898947799999988,47.5688072],[-121.8990389,47.5688061],[-121.8990362,47.5686994],[-121.8988834,47.5687011],[-121.898883,47.5686848],[-121.8988213,47.5686856]]]}},
{"type":"Feature","properties":{"id":"253e953d-f2e8-47f6-8e2c-b7e24e091031"},"geometry":{"type":"Polygon","coordinates":[[[-121.8993963,47.5684992],[-121.899393,47.5684233],[-121.8992911,47.5684253],[-121.8992945,47.5685013],[-121.8993963,47.5684992]]]}},
{"type":"Feature","properties":{"id":"e75e6d28-5b58-41c6-8dbd-e0166fbc0e65"},"geometry":{"type":"Polygon","coordinates":[[[-121.8992479,47.5686405],[-121.899246600000012,47.5687853],[-121.899394200000017,47.568785899999988],[-121.899395499999983,47.5686411],[-121.8992479,47.5686405]]]}},
{"type":"Feature","properties":{"id":"6c177033-3a9f-4ee5-bd58-8b9ec9887fd0"},"geometry":{"type":"Polygon","coordinates":[[[-121.899775,47.569427],[-121.899775,47.569566],[-121.899911,47.569566],[-121.899911,47.569427],[-121.899775,47.569427]]]}},
{"type":"Feature","properties":{"id":"cab1f9be-6387-4d81-a66c-b1e938716b48"},"geometry":{"type":"Polygon","coordinates":[[[-121.899729,47.569242],[-121.899729,47.569383],[-121.899869,47.569383],[-121.899869,47.569242],[-121.899729,47.569242]]]}},
{"type":"Feature","properties":{"id":"9d85e4aa-e22d-4099-9ede-244ff86eb521"},"geometry":{"type":"Polygon","coordinates":[[[-121.899636,47.5697014],[-121.899636,47.5696344],[-121.899488,47.5696344],[-121.899488,47.5697014],[-121.899636,47.5697014]]]}},
{"type":"Feature","properties":{"id":"39d8c58e-97bf-490d-90d4-ec3a48c69c10"},"geometry":{"type":"Polygon","coordinates":[[[-121.899742,47.569655],[-121.899742,47.569791],[-121.899877,47.569791],[-121.899877,47.569655],[-121.899742,47.569655]]]}},
{"type":"Feature","properties":{"id":"a88b0167-8e69-4a9d-9a4c-14397ef0370e"},"geometry":{"type":"Polygon","coordinates":[[[-121.899903,47.569981],[-121.899903,47.569834],[-121.899767,47.569834],[-121.899767,47.569981],[-121.899903,47.569981]]]}},
{"type":"Feature","properties":{"id":"7c3e73c2-5106-4f5c-9208-ea258fa7be60"},"geometry":{"type":"Polygon","coordinates":[[[-121.899186,47.570576],[-121.899034,47.570576],[-121.899034,47.570637],[-121.899186,47.570637],[-121.899186,47.570576]]]}},
{"type":"Feature","properties":{"id":"7e114e75-5a1e-45c9-9193-90f9ac8a4c54"},"geometry":{"type":"Polygon","coordinates":[[[-121.898565500000018,47.571046],[-121.8985652,47.5709669],[-121.898485,47.5709671],[-121.898485,47.5709451],[-121.8983769,47.5709453],[-121.8983773,47.5710586],[-121.8984795,47.5710584],[-121.898479400000014,47.5710461],[-121.898565500000018,47.571046]]]}},
{"type":"Feature","properties":{"id":"5eb59ced-bf5e-4933-a4c2-57d6eafcf3b6"},"geometry":{"type":"Polygon","coordinates":[[[-121.8984733,47.5710977],[-121.8984733,47.5711557],[-121.8985753,47.5711557],[-121.8985753,47.5710977],[-121.8984733,47.5710977]]]}},
{"type":"Feature","properties":{"id":"cda67661-c034-4e1d-8837-aa8024d40106"},"geometry":{"type":"Polygon","coordinates":[[[-121.8976521,47.5713442],[-121.8974213,47.5712867],[-121.8974048,47.5713168],[-121.8976356,47.5713744],[-121.8976521,47.5713442]]]}},
{"type":"Feature","properties":{"id":"a51c6351-7a57-44b1-bc9b-dd3e84abd98d"},"geometry":{"type":"Polygon","coordinates":[[[-121.8962447,47.5697725],[-121.8966678,47.5697729],[-121.8966682,47.569572],[-121.8962725,47.5695716],[-121.8962728,47.5694452],[-121.8966657,47.5694455],[-121.8966662,47.5692402],[-121.896247200000019,47.5692397],[-121.896247200000019,47.5692522],[-121.8962222,47.5692522],[-121.8961928,47.5692521],[-121.896192900000017,47.5691986],[-121.896165,47.5691985],[-121.8961651,47.5691365],[-121.8959423,47.569136199999988],[-121.895942100000013,47.5692414],[-121.8958402,47.569241299999987],[-121.895839800000019,47.5694041],[-121.8959485,47.5694042],[-121.8959485,47.5693977],[-121.8960191,47.5693978],[-121.896018900000016,47.56945120000001],[-121.896018900000016,47.5694806],[-121.896018699999985,47.5695683],[-121.8953861,47.5695676],[-121.8953857,47.5697726],[-121.895997,47.5697732],[-121.8959968,47.569847],[-121.896244599999989,47.5698472],[-121.8962447,47.5697725]]]}},
{"type":"Feature","properties":{"id":"a603eaa7-3b4e-4882-a8ce-8f621becb553"},"geometry":{"type":"Polygon","coordinates":[[[-121.89678259999998,47.5691185],[-121.896780199999981,47.56918],[-121.896873,47.5691816],[-121.8968754,47.5691201],[-121.89678259999998,47.5691185]]]}},
{"type":"Feature","properties":{"id":"573a34fc-bf32-418b-b878-647896a706ca"},"geometry":{"type":"Polygon","coordinates":[[[-121.897181,47.569336],[-121.897181,47.569249],[-121.89691,47.569249],[-121.89691,47.569336],[-121.897181,47.569336]]]}},
{"type":"Feature","properties":{"id":"c9eefb1d-d0ac-42a4-9396-c83c9ef609ca"},"geometry":{"type":"Polygon","coordinates":[[[-121.8971679,47.5694455],[-121.8971679,47.5693585],[-121.8968969,47.5693585],[-121.8968969,47.5694455],[-121.8971679,47.5694455]]]}},
{"type":"Feature","properties":{"id":"f167875c-ce4e-4708-bdb0-f1bb60d914f8"},"geometry":{"type":"Polygon","coordinates":[[[-121.897262,47.569253],[-121.897382,47.569252],[-121.897378,47.569066],[-121.897257,47.569068],[-121.897262,47.569253]]]}},
{"type":"Feature","properties":{"id":"c529a987-46fc-4473-9371-11b84a7eb24d"},"geometry":{"type":"Polygon","coordinates":[[[-121.897382,47.569306],[-121.897259,47.569306],[-121.897259,47.569492],[-121.897382,47.569492],[-121.897382,47.569306]]]}},
{"type":"Feature","properties":{"id":"7aefc604-f265-47d5-bce5-3d619d4a27aa"},"geometry":{"type":"Polygon","coordinates":[[[-121.896915,47.569067],[-121.896915,47.56915],[-121.897186,47.56915],[-121.897186,47.569067],[-121.896915,47.569067]]]}},
{"type":"Feature","properties":{"id":"64b52493-db99-4b83-8838-d214cb55ca22"},"geometry":{"type":"Polygon","coordinates":[[[-121.893642700000015,47.5696472],[-121.8937368,47.5695706],[-121.8935883,47.5694878],[-121.893494200000021,47.5695644],[-121.893642700000015,47.5696472]]]}},
{"type":"Feature","properties":{"id":"32a63ac4-38c7-496d-99b5-19d440f38856"},"geometry":{"type":"Polygon","coordinates":[[[-121.893076,47.569129],[-121.893147,47.569238],[-121.893287,47.569319],[-121.893325,47.569378],[-121.893378,47.569408],[-121.89351,47.569306],[-121.893314,47.569191],[-121.893328,47.56918],[-121.893287,47.569156],[-121.893249,47.569168],[-121.893199,47.569091],[-121.893079,47.569127],[-121.893076,47.569129]]]}},
{"type":"Feature","properties":{"id":"eb920cf4-4b67-4d39-841c-c7fb797a5ff0"},"geometry":{"type":"Polygon","coordinates":[[[-121.8896141,47.5675279],[-121.8895487,47.5676533],[-121.8896409,47.567675699999988],[-121.889705800000016,47.5675505],[-121.8896141,47.5675279]]]}},
{"type":"Feature","properties":{"id":"6b1e1a4c-1336-4bc9-b695-242d42515fe1"},"geometry":{"type":"Polygon","coordinates":[[[-121.8894707,47.5673963],[-121.889360100000019,47.5676086],[-121.8895487,47.5676533],[-121.8896141,47.5675279],[-121.8896594,47.567441],[-121.8894707,47.5673963]]]}},
{"type":"Feature","properties":{"id":"5625b66e-6838-4052-acec-dbb293baca58"},"geometry":{"type":"Polygon","coordinates":[[[-121.889692900000014,47.567592],[-121.8896436,47.5676851],[-121.8898356,47.5677303],[-121.8898616,47.5676823],[-121.8898785,47.5676481],[-121.889839900000013,47.5676383],[-121.8898494,47.5676211],[-121.889762,47.5676008],[-121.8897572,47.5676082],[-121.889692900000014,47.567592]]]}},
{"type":"Feature","properties":{"id":"c5fda545-adb0-4a38-a72b-ccb0320271da"},"geometry":{"type":"Polygon","coordinates":[[[-121.8901291,47.5677857],[-121.89019,47.5676704],[-121.8900753,47.5676428],[-121.8900564,47.5676787],[-121.889939,47.5676504],[-121.8898971,47.5677298],[-121.8901291,47.5677857]]]}},
{"type":"Feature","properties":{"id":"e4577829-370e-41c6-9295-329dbffd51f0"},"geometry":{"type":"Polygon","coordinates":[[[-121.8889997,47.5665062],[-121.8890423,47.566516300000011],[-121.8890237,47.5665519],[-121.8892047,47.5665949],[-121.8892649,47.5664795],[-121.889041299999988,47.5664264],[-121.8889997,47.5665062]]]}},
{"type":"Feature","properties":{"id":"a3f9ce84-bf28-4122-a4a7-fd9333e2d3b0"},"geometry":{"type":"Polygon","coordinates":[[[-121.8888481,47.566816],[-121.8888959,47.5667282],[-121.8887803,47.5666995],[-121.888732500000017,47.5667874],[-121.8888481,47.566816]]]}},
{"type":"Feature","properties":{"id":"ee938c3e-b789-4125-94f3-5dedc5ffaa9a"},"geometry":{"type":"Polygon","coordinates":[[[-121.8888866,47.5663148],[-121.888864,47.5663614],[-121.8889744,47.5663857],[-121.888997,47.566339],[-121.8888866,47.5663148]]]}},
{"type":"Feature","properties":{"id":"2000282c-9fbc-4fa0-98fe-787e5660207f"},"geometry":{"type":"Polygon","coordinates":[[[-121.888866,47.566384],[-121.888835,47.566445],[-121.888935,47.566469],[-121.888967,47.566407],[-121.888866,47.566384]]]}},
{"type":"Feature","properties":{"id":"0e376f9f-d7b2-4100-a246-a690b288cf80"},"geometry":{"type":"Polygon","coordinates":[[[-121.8883234,47.5669329],[-121.8884027,47.5669449],[-121.888421199999982,47.5668888],[-121.8883519,47.5668784],[-121.888358,47.5668586],[-121.888247100000015,47.566841],[-121.8882155,47.566941300000011],[-121.888315700000021,47.5669558],[-121.8883234,47.5669329]]]}},
{"type":"Feature","properties":{"id":"01564fee-f808-4c47-94e7-42e16bfe3576"},"geometry":{"type":"Polygon","coordinates":[[[-121.8881153,47.5671542],[-121.8882667,47.5672272],[-121.88827689999998,47.5671551],[-121.8881268,47.567079599999985],[-121.8881153,47.5671542]]]}},
{"type":"Feature","properties":{"id":"c19e531b-1818-4c88-891d-348f3ed549e6"},"geometry":{"type":"Polygon","coordinates":[[[-121.888338,47.5673598],[-121.888409700000011,47.5673765],[-121.8884716,47.5672542],[-121.888371600000013,47.5672321],[-121.8883168,47.5673425],[-121.8883433,47.5673479],[-121.888338,47.5673598]]]}},
{"type":"Feature","properties":{"id":"5931b4cb-433a-46d3-a368-e16bcc490e04"},"geometry":{"type":"Polygon","coordinates":[[[-121.888452900000019,47.5670956],[-121.8883478,47.5670703],[-121.888293,47.5671738],[-121.888307400000016,47.5671773],[-121.888304100000013,47.5671835],[-121.888313499999981,47.5672031],[-121.888323,47.56720510000001],[-121.888314600000015,47.5672239],[-121.8883048,47.5672219],[-121.88830080000001,47.5672308],[-121.8883025,47.5672399],[-121.8883119,47.567242],[-121.888301700000014,47.5672634],[-121.8883172,47.5672762],[-121.888342,47.5672822],[-121.888376,47.567218],[-121.888386699999984,47.5672205],[-121.888452900000019,47.5670956]]]}},
{"type":"Feature","properties":{"id":"77c63340-fc7e-4775-96db-f1ca0e3e403b"},"geometry":{"type":"Polygon","coordinates":[[[-121.88824959999998,47.566643599999985],[-121.8883778,47.5666642],[-121.888395300000013,47.5666147],[-121.8882671,47.5665941],[-121.88824959999998,47.566643599999985]]]}},
{"type":"Feature","properties":{"id":"acf87341-1830-48aa-a228-347c561fdde2"},"geometry":{"type":"Polygon","coordinates":[[[-121.887674,47.566302],[-121.887659,47.566388],[-121.887809,47.566399],[-121.887823,47.566314],[-121.887674,47.566302]]]}},
{"type":"Feature","properties":{"id":"1d10c8cf-dd97-4288-a486-640e5743c377"},"geometry":{"type":"Polygon","coordinates":[[[-121.8878912,47.5664134],[-121.8877621,47.5664001],[-121.8877474,47.566465],[-121.8878764,47.5664784],[-121.8878912,47.5664134]]]}},
{"type":"Feature","properties":{"id":"d657a582-b10a-4804-89e2-a25b66fdc8ee"},"geometry":{"type":"Polygon","coordinates":[[[-121.887867,47.566765],[-121.887897,47.566624],[-121.88754,47.56659],[-121.887493,47.566812],[-121.887584,47.566821],[-121.887601,47.566739],[-121.887867,47.566765]]]}},
{"type":"Feature","properties":{"id":"74c03545-4c05-4249-b9b2-836ce074d881"},"geometry":{"type":"Polygon","coordinates":[[[-121.887261,47.566698],[-121.887241,47.566807],[-121.887392,47.566819],[-121.887411,47.56671],[-121.887261,47.566698]]]}},
{"type":"Feature","properties":{"id":"37ffd5c3-fa03-4159-ad64-3951ef8ea5ec"},"geometry":{"type":"Polygon","coordinates":[[[-121.8874995,47.567359299999985],[-121.88750690000002,47.5673054],[-121.887467,47.5673029],[-121.887459599999985,47.5673568],[-121.8874995,47.567359299999985]]]}},
{"type":"Feature","properties":{"id":"84911426-2a96-4aad-ae0c-7a08e60b6024"},"geometry":{"type":"Polygon","coordinates":[[[-121.887567,47.5674364],[-121.88775960000001,47.5674519],[-121.88780580000001,47.5671973],[-121.8876133,47.5671817],[-121.887567,47.5674364]]]}},
{"type":"Feature","properties":{"id":"043f659a-4d10-4d8e-9c26-e610c883d11b"},"geometry":{"type":"Polygon","coordinates":[[[-121.887803,47.566991],[-121.887806,47.566917],[-121.887714500000016,47.5669153],[-121.8877115,47.5669893],[-121.887803,47.566991]]]}},
{"type":"Feature","properties":{"id":"40a20016-81e2-47c3-8bd3-ed231420c92f"},"geometry":{"type":"Polygon","coordinates":[[[-121.826340699999989,47.5260708],[-121.8263117,47.5260675],[-121.8262934,47.526139699999987],[-121.8264134,47.5261536],[-121.826435,47.5260685],[-121.826395600000012,47.5260639],[-121.826397,47.5260582],[-121.8263454,47.5260523],[-121.826340699999989,47.5260708]]]}},
{"type":"Feature","properties":{"id":"35e6456a-4051-443f-bccf-00506a239666"},"geometry":{"type":"Polygon","coordinates":[[[-121.8262446,47.5304322],[-121.8262387,47.5304241],[-121.8262503,47.5304202],[-121.8262298,47.5303923],[-121.826218200000014,47.5303962],[-121.826191599999987,47.53036],[-121.8260744,47.5303991],[-121.826111,47.530449099999984],[-121.8261415,47.5304389],[-121.82615370000002,47.5304555],[-121.8261631,47.5304524],[-121.8261673,47.530458],[-121.8262446,47.5304322]]]}},
{"type":"Feature","properties":{"id":"9d98d9ba-5efc-42a9-a0c0-b378cdfc60fe"},"geometry":{"type":"Polygon","coordinates":[[[-121.8262334,47.5304496],[-121.826175300000017,47.5304697],[-121.8261695,47.5304621],[-121.826113599999985,47.5304815],[-121.8261413,47.530518],[-121.8262553,47.5304786],[-121.8262334,47.5304496]]]}},
{"type":"Feature","properties":{"id":"baa29391-4eb3-4ef1-af06-d37f48e8514a"},"geometry":{"type":"Polygon","coordinates":[[[-121.8262764,47.5276059],[-121.8262259,47.5275359],[-121.8260627,47.5275897],[-121.8261132,47.527659599999986],[-121.8262764,47.5276059]]]}},
{"type":"Feature","properties":{"id":"913f1e5c-b7eb-4b61-b9e0-8cc869701824"},"geometry":{"type":"Polygon","coordinates":[[[-121.826162,47.5303199],[-121.8261437,47.530292400000015],[-121.826016699999983,47.5303309],[-121.8260469,47.5303763],[-121.826095,47.5303617],[-121.8261077,47.5303808],[-121.826200200000017,47.5303528],[-121.826175600000013,47.5303158],[-121.826162,47.5303199]]]}},
{"type":"Feature","properties":{"id":"7289d116-7f92-43e4-a19e-5f2869733a72"},"geometry":{"type":"Polygon","coordinates":[[[-121.82631240000002,47.5305508],[-121.826228400000019,47.5305774],[-121.8262813,47.5306534],[-121.8263653,47.5306268],[-121.82631240000002,47.5305508]]]}},
{"type":"Feature","properties":{"id":"8908d7f8-0872-4d37-9f30-e6738e5b8fc5"},"geometry":{"type":"Polygon","coordinates":[[[-121.826245,47.527724],[-121.826173800000021,47.52774740000001],[-121.8262304,47.527826],[-121.826439,47.5277575],[-121.8263986,47.5277013],[-121.8264791,47.5276749],[-121.82644,47.5276206],[-121.8263485,47.5276507],[-121.826371800000018,47.5276831],[-121.826317,47.5277011],[-121.82631240000002,47.5276947],[-121.8262408,47.5277182],[-121.826245,47.527724]]]}},
{"type":"Feature","properties":{"id":"601a149e-e231-474c-8f08-7dd1f01386fa"},"geometry":{"type":"Polygon","coordinates":[[[-121.8264512,47.530521700000016],[-121.826392,47.5304363],[-121.8263528,47.5304487],[-121.82633730000002,47.5304265],[-121.8262706,47.530447599999988],[-121.8263453,47.5305552],[-121.8264512,47.530521700000016]]]}},
{"type":"Feature","properties":{"id":"bb63e964-2b73-481b-841b-98343e37802f"},"geometry":{"type":"Polygon","coordinates":[[[-121.826568,47.5306753],[-121.826563900000011,47.5306699],[-121.8265846,47.5306628],[-121.8265613,47.530632],[-121.8265406,47.5306392],[-121.8265182,47.5306095],[-121.8263926,47.5306528],[-121.8264424,47.5307186],[-121.826568,47.5306753]]]}},
{"type":"Feature","properties":{"id":"d982f085-0af5-4a79-ba0b-249f5daf2262"},"geometry":{"type":"Polygon","coordinates":[[[-121.82640760000001,47.5307179],[-121.8263025,47.5307515],[-121.8263298,47.5307905],[-121.826435,47.5307569],[-121.82640760000001,47.5307179]]]}},
{"type":"Feature","properties":{"id":"4abc4ce9-8b25-4892-90c8-5c62c926251c"},"geometry":{"type":"Polygon","coordinates":[[[-121.8265734,47.5258968],[-121.8265742,47.525819],[-121.8264402,47.5258183],[-121.826439400000012,47.5258911],[-121.82649760000001,47.5258914],[-121.826497500000016,47.5258964],[-121.8265734,47.5258968]]]}},
{"type":"Feature","properties":{"id":"bd0ed1b4-f9cb-42dd-8d94-dd3d28611a9d"},"geometry":{"type":"Polygon","coordinates":[[[-121.8264955,47.5260723],[-121.826494,47.5261557],[-121.8266352,47.5261568],[-121.8266366,47.5260768],[-121.8266031,47.526076499999988],[-121.8266032,47.5260703],[-121.82654359999998,47.5260698],[-121.826543500000014,47.5260727],[-121.8264955,47.5260723]]]}},
{"type":"Feature","properties":{"id":"c312e7bc-be37-49e4-b865-e064248d27ea"},"geometry":{"type":"Polygon","coordinates":[[[-121.826588700000016,47.5309244],[-121.82672359999998,47.530883199999984],[-121.8266379,47.5307554],[-121.826503,47.5307967],[-121.826588700000016,47.5309244]]]}},
{"type":"Feature","properties":{"id":"f9e34d0f-8d5c-4bbf-89b2-1c97b16d4c9b"},"geometry":{"type":"Polygon","coordinates":[[[-121.8258255,47.5272924],[-121.825999800000019,47.5272349],[-121.825958400000019,47.5271805],[-121.826039199999983,47.5271543],[-121.8258955,47.5269595],[-121.8258613,47.5269319],[-121.82583,47.5269643],[-121.8258044,47.5269732],[-121.825770600000013,47.526929],[-121.825558,47.526929399999986],[-121.8258255,47.5272924]]]}},
{"type":"Feature","properties":{"id":"ece80aaf-10f0-4161-a989-f0f4525e0c5b"},"geometry":{"type":"Polygon","coordinates":[[[-121.8260549,47.5300648],[-121.826041800000013,47.5300471],[-121.826059500000014,47.5300412],[-121.8260457,47.5300225],[-121.826028,47.5300285],[-121.826003400000019,47.5299952],[-121.82592750000002,47.5300207],[-121.825979,47.5300904],[-121.8260549,47.5300648]]]}},
{"type":"Feature","properties":{"id":"960cf7c8-3d5b-429e-947f-54c18e4bbc73"},"geometry":{"type":"Polygon","coordinates":[[[-121.8255426,47.5275556],[-121.825590399999982,47.5275399],[-121.825540700000019,47.5274707],[-121.8254892,47.527487600000015],[-121.825477,47.5274707],[-121.8254284,47.5274866],[-121.825440300000011,47.5275031],[-121.825394100000011,47.5275182],[-121.825466,47.5276184],[-121.825564500000013,47.5275862],[-121.8255426,47.5275556]]]}},
{"type":"Feature","properties":{"id":"e43257b9-6989-4739-b720-cf58e002f6b6"},"geometry":{"type":"Polygon","coordinates":[[[-121.825358300000019,47.5296536],[-121.8257581,47.5295195],[-121.8256504,47.5293741],[-121.8256398,47.5293588],[-121.825364300000018,47.5294511],[-121.82524,47.5294929],[-121.825358300000019,47.5296536]]]}},
{"type":"Feature","properties":{"id":"7d5fb78f-a33f-49c3-ac3c-9c57398e415e"},"geometry":{"type":"Polygon","coordinates":[[[-121.8254669,47.527310300000011],[-121.825172600000016,47.5274102],[-121.8251797,47.5274196],[-121.8251661,47.5274243],[-121.825184099999987,47.5274484],[-121.8251947,47.5274448],[-121.825247300000015,47.5275156],[-121.8253036,47.5274965],[-121.8252905,47.5274789],[-121.8253743,47.5274505],[-121.825380900000013,47.5274594],[-121.8255249,47.5274106],[-121.8254852,47.5273572],[-121.8254983,47.5273528],[-121.825493499999979,47.5273463],[-121.82551119999998,47.5273403],[-121.82549010000001,47.5273119],[-121.8254725,47.5273179],[-121.8254669,47.527310300000011]]]}},
{"type":"Feature","properties":{"id":"93357bbb-23ed-4f73-ad42-6db6c706c1c0"},"geometry":{"type":"Polygon","coordinates":[[[-121.825160700000012,47.5273857],[-121.825481300000021,47.5272776],[-121.8254345,47.5272144],[-121.8251139,47.52732240000001],[-121.825160700000012,47.5273857]]]}},
{"type":"Feature","properties":{"id":"ed380a6e-8440-43de-99c6-1c4413688bab"},"geometry":{"type":"Polygon","coordinates":[[[-121.8251504,47.5272684],[-121.825361699999988,47.5271982],[-121.825325400000011,47.527148399999987],[-121.8253162,47.5271514],[-121.825223300000019,47.527024],[-121.825022,47.5270909],[-121.825053200000013,47.5271338],[-121.8249764,47.5271593],[-121.8250346,47.5272392],[-121.825110800000019,47.5272139],[-121.8251504,47.5272684]]]}},
{"type":"Feature","properties":{"id":"e7de9b73-d53b-4f02-ae59-ea95204af410"},"geometry":{"type":"Polygon","coordinates":[[[-121.8242718,47.5274815],[-121.824159200000011,47.5273286],[-121.8238923,47.5274182],[-121.824005,47.5275712],[-121.8242718,47.5274815]]]}},
{"type":"Feature","properties":{"id":"7502caa9-ca1c-47a9-891a-87bf48f2d10e"},"geometry":{"type":"Polygon","coordinates":[[[-121.824005,47.5275712],[-121.8240233,47.5275961],[-121.8239084,47.5276347],[-121.823996800000018,47.5277546],[-121.8241479,47.5277038],[-121.8243786,47.5276263],[-121.8242718,47.5274815],[-121.824005,47.5275712]]]}},
{"type":"Feature","properties":{"id":"b482492d-29f1-478e-87f0-913e36ae5716"},"geometry":{"type":"Polygon","coordinates":[[[-121.8227034,47.527358],[-121.822683600000019,47.5273293],[-121.8225632,47.5273676],[-121.822616400000015,47.5274447],[-121.822736799999987,47.5274064],[-121.8227034,47.527358]]]}},
{"type":"Feature","properties":{"id":"46a39741-b810-4c23-8b96-a6c37d2d89c2"},"geometry":{"type":"Polygon","coordinates":[[[-121.822924200000017,47.5273649],[-121.8230266,47.5273295],[-121.822938,47.5272129],[-121.8228357,47.5272484],[-121.822924200000017,47.5273649]]]}},
{"type":"Feature","properties":{"id":"63028bfd-baed-443b-9904-506557e12858"},"geometry":{"type":"Polygon","coordinates":[[[-121.8230085,47.5270543],[-121.8229394,47.5270776],[-121.8229475,47.5270886],[-121.8228729,47.5271137],[-121.8229068,47.5271595],[-121.822987900000015,47.5271322],[-121.823012,47.5271649],[-121.8230704,47.5271452],[-121.823049600000019,47.5271171],[-121.8230741,47.5271089],[-121.8230429,47.5270666],[-121.82302270000001,47.5270734],[-121.8230085,47.5270543]]]}},
{"type":"Feature","properties":{"id":"9a01772d-f63b-417b-92e5-ed5b413ffde7"},"geometry":{"type":"Polygon","coordinates":[[[-121.8229827,47.5275451],[-121.8234311,47.5274038],[-121.82331360000002,47.5272409],[-121.823085100000014,47.5273133],[-121.8231307,47.527380299999983],[-121.822913,47.527452699999984],[-121.8229827,47.5275451]]]}},
{"type":"Feature","properties":{"id":"af597e5d-757d-4d0e-a8d2-339313bf1186"},"geometry":{"type":"Polygon","coordinates":[[[-121.8147492,47.5247232],[-121.814974800000016,47.5247938],[-121.8151374,47.52455710000001],[-121.815025500000019,47.524522],[-121.8150155,47.5245367],[-121.8141367,47.5242615],[-121.8140005,47.524459899999989],[-121.814089400000015,47.5244878],[-121.814073500000021,47.5245109],[-121.8141381,47.5245312],[-121.8141503,47.52451330000001],[-121.8147619,47.5247047],[-121.8147492,47.5247232]]]}},
{"type":"Feature","properties":{"id":"db42a2e7-5ea0-4104-95b3-ea005247f300"},"geometry":{"type":"Polygon","coordinates":[[[-121.813509,47.524],[-121.813424,47.524082],[-121.813556,47.524144],[-121.81364,47.524062],[-121.813509,47.524]]]}},
{"type":"Feature","properties":{"id":"0e9ac0f6-3c19-43a7-8666-229354c4464e"},"geometry":{"type":"Polygon","coordinates":[[[-121.8133968,47.524320199999984],[-121.813491200000016,47.5242145],[-121.8133721,47.524166],[-121.8132777,47.5242717],[-121.8133968,47.524320199999984]]]}},
{"type":"Feature","properties":{"id":"b47d6379-6bb9-4244-8c2b-c36d0bdad931"},"geometry":{"type":"Polygon","coordinates":[[[-121.8122322,47.5246672],[-121.8123111,47.5247001],[-121.8123672,47.5246389],[-121.812400900000014,47.5246529],[-121.812442,47.5246079],[-121.8124133,47.5245959],[-121.812421900000018,47.5245866],[-121.8123381,47.5245516],[-121.8122322,47.5246672]]]}},
{"type":"Feature","properties":{"id":"968fb989-7225-4b67-93c8-df8376ea9a4f"},"geometry":{"type":"Polygon","coordinates":[[[-121.8119572,47.5247106],[-121.81185739999998,47.5246706],[-121.8117458,47.5247984],[-121.8118446,47.5248384],[-121.8119572,47.5247106]]]}},
{"type":"Feature","properties":{"id":"985d535a-a64d-4626-9b16-529acfc9626e"},"geometry":{"type":"Polygon","coordinates":[[[-121.811813599999979,47.5246361],[-121.8118931,47.52467],[-121.811942700000017,47.5246189],[-121.811867,47.5245854],[-121.811813599999979,47.5246361]]]}},
{"type":"Feature","properties":{"id":"18cd61ac-7691-49a5-b7ae-e8970012b6b9"},"geometry":{"type":"Polygon","coordinates":[[[-121.8123678,47.5245057],[-121.8122301,47.5244413],[-121.8121251,47.524543599999987],[-121.8121778,47.524568299999984],[-121.81219710000002,47.5245495],[-121.812282100000019,47.5245892],[-121.8123678,47.5245057]]]}},
{"type":"Feature","properties":{"id":"0c732b8b-8a69-4109-89d7-3d4ec5d2c18e"},"geometry":{"type":"Polygon","coordinates":[[[-121.811629,47.5247361],[-121.811670099999986,47.5247529],[-121.811769700000013,47.524641899999985],[-121.8116802,47.5246053],[-121.811673900000017,47.5246123],[-121.8116497,47.5246024],[-121.8115549,47.524708],[-121.8115817,47.524719],[-121.8115766,47.5247247],[-121.8116223,47.5247435],[-121.811629,47.5247361]]]}},
{"type":"Feature","properties":{"id":"1d1d2468-82f1-4acd-a4f8-77135b937083"},"geometry":{"type":"Polygon","coordinates":[[[-121.8114246,47.524503799999984],[-121.811322,47.5246138],[-121.8114467,47.5246669],[-121.811549400000018,47.5245569],[-121.8114246,47.524503799999984]]]}},
{"type":"Feature","properties":{"id":"c32f57f8-171a-4f1d-ae55-f0fcb77be3fd"},"geometry":{"type":"Polygon","coordinates":[[[-121.8111937,47.5244424],[-121.8111264,47.5245186],[-121.8111702,47.5245362],[-121.811158500000019,47.5245495],[-121.8111866,47.52456080000001],[-121.8111952,47.524551099999989],[-121.8112561,47.5245756],[-121.811326500000021,47.5244959],[-121.8111937,47.5244424]]]}},
{"type":"Feature","properties":{"id":"bffcc2d2-0356-47f9-832e-39f0d4204dc4"},"geometry":{"type":"Polygon","coordinates":[[[-121.811045100000015,47.5244109],[-121.811053,47.524401],[-121.8110264,47.5243913],[-121.8110543,47.5243562],[-121.810972800000016,47.5243266],[-121.810889100000011,47.5244316],[-121.8109214,47.5244434],[-121.8109131,47.5244538],[-121.8109819,47.5244788],[-121.810990500000017,47.5244679],[-121.8110288,47.5244818],[-121.811076300000011,47.5244223],[-121.811045100000015,47.5244109]]]}},
{"type":"Feature","properties":{"id":"3cd72543-dd05-4306-914a-8184fd4d2190"},"geometry":{"type":"Polygon","coordinates":[[[-121.810065800000018,47.5228174],[-121.810159199999987,47.5228552],[-121.8102962,47.5227011],[-121.8102028,47.5226632],[-121.810065800000018,47.5228174]]]}},
{"type":"Feature","properties":{"id":"339c76d9-aa22-4d03-b278-ea619986113d"},"geometry":{"type":"Polygon","coordinates":[[[-121.8104571,47.5229946],[-121.8106006,47.5228406],[-121.8104973,47.5227968],[-121.810353800000016,47.5229507],[-121.8104571,47.5229946]]]}},
{"type":"Feature","properties":{"id":"22551170-a7e9-4c3d-a3e0-037b3833e2cd"},"geometry":{"type":"Polygon","coordinates":[[[-121.810542,47.526835],[-121.810627,47.526736],[-121.810521,47.526694],[-121.810436,47.526793],[-121.810542,47.526835]]]}},
{"type":"Feature","properties":{"id":"da8165d3-91a3-449b-a058-63cac57440f7"},"geometry":{"type":"Polygon","coordinates":[[[-121.8103297,47.5229328],[-121.810473200000018,47.5227789],[-121.8103699,47.522735],[-121.8102264,47.5228889],[-121.8103297,47.5229328]]]}},
{"type":"Feature","properties":{"id":"77ccbe3b-8014-4412-8aa6-7d9c491d0094"},"geometry":{"type":"Polygon","coordinates":[[[-121.810341,47.526765],[-121.810436,47.526659],[-121.810335,47.526618],[-121.81024,47.526724],[-121.810341,47.526765]]]}},
{"type":"Feature","properties":{"id":"e31d6cbf-9c1b-48fe-a893-45229e0fc505"},"geometry":{"type":"Polygon","coordinates":[[[-121.8090705,47.5259513],[-121.8089335,47.525903],[-121.8088167,47.5260541],[-121.8089537,47.526102399999985],[-121.8090705,47.5259513]]]}},
{"type":"Feature","properties":{"id":"302461b3-f55c-471e-88eb-219b92de2bfe"},"geometry":{"type":"Polygon","coordinates":[[[-121.808446,47.526294],[-121.808388,47.52643],[-121.808593,47.52647],[-121.808622,47.526402],[-121.8085449,47.5263869],[-121.808576,47.5263227],[-121.808446,47.526294]]]}},
{"type":"Feature","properties":{"id":"d7fa6c44-f4df-466e-85bc-f2df47987592"},"geometry":{"type":"Polygon","coordinates":[[[-121.8085796,47.5263839],[-121.8086709,47.5264054],[-121.808701,47.5263471],[-121.8086097,47.5263256],[-121.8085796,47.5263839]]]}}
]
}
