{
"type": "FeatureCollection",
"name": "mainstem_rivers",
"crs": { "type": "name", "properties": { "name": "urn:ogc:def:crs:OGC:1.3:CRS84" } },
"features": [
{"type":"Feature","properties":{"WTR_NAME":"Snoqualmie River"},"geometry":{"type":"LineString","coordinates":[[-121.999044570170994,47.7124587544929],[-121.998855345709003,47.712562546217697],[-121.998381465814006,47.712816362256099],[-121.997797508743005,47.7130961952139],[-121.997782139367004,47.713100938916298],[-121.997664732912,47.713137164058899],[-121.997296798977004,47.713250690256999],[-121.997058314835002,47.713290408561598],[-121.996762804785007,47.713339619966298]]}},
{"type":"Feature","properties":{"WTR_NAME":"Snoqualmie River"},"geometry":{"type":"LineString","coordinates":[[-122.007773050508007,47.728033265999699],[-122.008086760587005,47.727278194334801]]}},
{"type":"Feature","properties":{"WTR_NAME":"Tolt River"},"geometry":{"type":"LineString","coordinates":[[-121.922606075049998,47.639414222490302],[-121.922505194058004,47.639381330292501],[-121.922247232201002,47.639236852843503],[-121.922022698161001,47.639100700543302],[-121.921695389383004,47.6389424799221],[-121.921369771309998,47.6388649162378],[-121.920537352498997,47.638607790182903],[-121.920308789366999,47.6385388370608]]}},
{"type":"Feature","properties":{"WTR_NAME":"Snoqualmie River"},"geometry":{"type":"LineString","coordinates":[[-121.950198455264996,47.688380195134997],[-121.950089388815002,47.6883840317942],[-121.949026122313001,47.6883419583733],[-121.948950002545004,47.688332451610002],[-121.948479139938996,47.688273644064999],[-121.948311643522004,47.6882527236044],[-121.947765183982995,47.688144346543503],[-121.947582138168002,47.688100594104199]]}},
{"type":"Feature","properties":{"WTR_NAME":"Tolt River"},"geometry":{"type":"LineString","coordinates":[[-121.897399750835007,47.641499403757599],[-121.897252466040001,47.641523479507903],[-121.897065621633004,47.641559802839197],[-121.896972433642006,47.641589485980496],[-121.896785825752005,47.641637331317703],[-121.896590699347001,47.641685251394698],[-121.896395213996996,47.641715889267601],[-121.896200078988997,47.641763810548298],[-121.896048272491001,47.6418459038333],[-121.895760784613998,47.641963837022097],[-121.895702046036007,47.642010484682103],[-121.895421360046001,47.642298232755898],[-121.895269813664996,47.642446063210798]]}},
{"type":"Feature","properties":{"WTR_NAME":"Snoqualmie River"},"geometry":{"type":"LineString","coordinates":[[-121.926956359708001,47.628451410053202],[-121.926663781130003,47.628642420567303],[-121.926401687856995,47.628871950392103],[-121.926218968705001,47.629030920552701],[-121.926032158187994,47.629179451087602],[-121.925871371968995,47.629275321481799],[-121.925683929593006,47.6293291525622],[-121.925682575156998,47.6293295424611],[-121.925456553860002,47.629384361328803],[-121.925412616027003,47.629395017673701],[-121.925076163593999,47.6294323082125],[-121.925010194196005,47.629437738950202]]}},
{"type":"Feature","properties":{"WTR_NAME":"Snoqualmie River"},"geometry":{"type":"LineString","coordinates":[[-121.982785565384006,47.688662759145103],[-121.982466546669997,47.688615784068404]]}},
{"type":"Feature","properties":{"WTR_NAME":"Snoqualmie River"},"geometry":{"type":"LineString","coordinates":[[-121.930919367065002,47.672809977411099],[-121.930480970993003,47.672710845255502],[-121.929530855384002,47.672341391811699]]}},
{"type":"Feature","properties":{"WTR_NAME":"Tolt River"},"geometry":{"type":"LineString","coordinates":[[-121.874269155438,47.658654169392399],[-121.874025536556999,47.658979616679296],[-121.874017764051999,47.658988483182],[-121.873638919244001,47.659420845809002],[-121.873611678163996,47.659451933680501],[-121.873496624625005,47.6595533841082],[-121.873407605807003,47.659605917477798],[-121.873394022501003,47.659611182254302],[-121.873387318680003,47.659613779208598],[-121.873251884690006,47.659723261069303],[-121.872973028187005,47.6599661569158],[-121.872919660354995,47.659999499799298]]}},
{"type":"Feature","properties":{"WTR_NAME":"Snoqualmie River"},"geometry":{"type":"LineString","coordinates":[[-121.922532426906002,47.6289989890711],[-121.922408873612,47.628971729054101],[-121.922154058518998,47.628925904316397],[-121.921788436352003,47.628891863627601],[-121.921440694485,47.6289541772557],[-121.921427519412006,47.628957037751498],[-121.921156400466003,47.629015883515201],[-121.920919473081,47.629066408772601],[-121.920594849775,47.629096323757203],[-121.920150470932995,47.629089843080401],[-121.919930776257999,47.629080949043001]]}},
{"type":"Feature","properties":{"WTR_NAME":"Snoqualmie River"},"geometry":{"type":"LineString","coordinates":[[-121.926270074298998,47.643164740981199],[-121.926518788592006,47.642338482017898]]}},
{"type":"Feature","properties":{"WTR_NAME":"Snoqualmie River"},"geometry":{"type":"LineString","coordinates":[[-121.921565066815006,47.6687198781039],[-121.922291988650002,47.668337618394602],[-121.922403853234997,47.668275604386103]]}},
{"type":"Feature","properties":{"WTR_NAME":"Snoqualmie River"},"geometry":{"type":"LineString","coordinates":[[-121.966187915201004,47.779988127674102],[-121.965977328860006,47.7798858035612],[-121.965810041024,47.7797926160464],[-121.965473410589993,47.779558366246697],[-121.965087254736005,47.779245179102404],[-121.964982344768998,47.778864770966997],[-121.965185855301002,47.778544539440702],[-121.965195658065994,47.7785387608386]]}},
{"type":"Feature","properties":{"WTR_NAME":"Tolt River"},"geometry":{"type":"LineString","coordinates":[[-121.836326041120003,47.6860191843069],[-121.836249210407004,47.686099616540197],[-121.836211143924999,47.6861326172858],[-121.836163344794997,47.686162436638497],[-121.836120507749001,47.686198743658302],[-121.836092624246007,47.686257788256697],[-121.836050418689993,47.686326757238803],[-121.836027873996002,47.6864118856438],[-121.836014746721006,47.686483863088199],[-121.835997481945995,47.686591815101302],[-121.836001105807,47.686635055100297],[-121.836003766258997,47.686666889678797],[-121.835999939792003,47.686719188539399],[-121.836001516645993,47.686800836783497],[-121.835988831801004,47.686895680399999],[-121.835971188621997,47.6869840317895],[-121.835919555339004,47.687066149956202],[-121.835881328894004,47.687127914756097],[-121.835858568560994,47.687164683702001],[-121.835788348853995,47.687286164199598],[-121.835694265808996,47.687423312637499]]}},
{"type":"Feature","properties":{"WTR_NAME":"Tolt River"},"geometry":{"type":"LineString","coordinates":[[-121.874311255132,47.658494383733],[-121.874293478978004,47.658545900582197],[-121.874269155438,47.658654169392399]]}},
{"type":"Feature","properties":{"WTR_NAME":"Snoqualmie River"},"geometry":{"type":"LineString","coordinates":[[-121.921366953554994,47.596991126444003],[-121.921587936169004,47.597162795145401],[-121.921945148865007,47.597606526285396],[-121.922512069503995,47.598095315731896],[-121.922787444229002,47.598498907414097]]}},
{"type":"Feature","properties":{"WTR_NAME":"Snoqualmie River"},"geometry":{"type":"LineString","coordinates":[[-122.030318911292994,47.820332117741302],[-122.030167510077007,47.8202765553809],[-122.029017552032997,47.819947304562803]]}},
{"type":"Feature","properties":{"WTR_NAME":"Snoqualmie River"},"geometry":{"type":"LineString","coordinates":[[-121.926705794680998,47.596920858542703],[-121.926642281496996,47.596876961188897],[-121.926141214411999,47.596530641123003],[-121.925473911698006,47.596139428214698],[-121.924789917336994,47.595846875320198],[-121.924648307748001,47.595796455242201]]}},
{"type":"Feature","properties":{"WTR_NAME":"Snoqualmie River"},"geometry":{"type":"LineString","coordinates":[[-121.786438982795005,47.5254450674854],[-121.785937298481997,47.525319688598103]]}},
{"type":"Feature","properties":{"WTR_NAME":"Snoqualmie River"},"geometry":{"type":"LineString","coordinates":[[-121.878872038165994,47.554959109055801],[-121.877668201478997,47.554717902890502],[-121.876330787705001,47.554431968583899]]}},
{"type":"Feature","properties":{"WTR_NAME":"Tolt River"},"geometry":{"type":"LineString","coordinates":[[-121.884151927491004,47.643264984013499],[-121.884049575331005,47.643379563099799],[-121.883960035346007,47.643480967341198],[-121.883730629324006,47.643666466239999],[-121.883238877810001,47.644052413203603],[-121.883043774922001,47.644210554809199],[-121.882765778429004,47.644435880603702],[-121.882494061364994,47.644668621050002]]}},
{"type":"Feature","properties":{"WTR_NAME":"Snoqualmie River"},"geometry":{"type":"LineString","coordinates":[[-121.977634685777005,47.687779615073097],[-121.977458253517995,47.6877308470606],[-121.976622793738997,47.6873977900147],[-121.975975560744999,47.686958923880098],[-121.975592862382996,47.686659245069002]]}},
{"type":"Feature","properties":{"WTR_NAME":"Snoqualmie River"},"geometry":{"type":"LineString","coordinates":[[-121.905735159166994,47.580993993637598],[-121.905570835538995,47.580701358783799]]}},
{"type":"Feature","properties":{"WTR_NAME":"Tolt River"},"geometry":{"type":"LineString","coordinates":[[-121.839284451469993,47.685606676420299],[-121.839252967218002,47.685614320434802],[-121.839156969506007,47.685634448791099],[-121.838938455451,47.685680275169403],[-121.838658260928995,47.685706442237603],[-121.838482088209005,47.685668506785902],[-121.838282829318004,47.685646568272702],[-121.838083582720998,47.6856246365004],[-121.837779692233994,47.685635212204801],[-121.837593357938999,47.685676342952],[-121.837407323186,47.685733266172598],[-121.837186512597995,47.685806290842201],[-121.836906927857001,47.685864038156801],[-121.836732776952999,47.685910550808998]]}},
{"type":"Feature","properties":{"WTR_NAME":"Snoqualmie River"},"geometry":{"type":"LineString","coordinates":[[-121.926851747561997,47.662634111981902],[-121.926953048369995,47.662472708003001]]}},
{"type":"Feature","properties":{"WTR_NAME":"Snoqualmie River"},"geometry":{"type":"LineString","coordinates":[[-121.930026139796993,47.616048881379101],[-121.929740094943,47.616036381481699],[-121.929184150221005,47.616026704054001],[-121.928560262364996,47.615957558732397],[-121.928391174143002,47.6159096470371],[-121.928128126605003,47.615835109849897],[-121.928124181271002,47.615833993708897],[-121.927731132085995,47.615642371431498],[-121.927571179180006,47.615531995623002]]}},
{"type":"Feature","properties":{"WTR_NAME":"Tolt River"},"geometry":{"type":"LineString","coordinates":[[-121.854956337654997,47.671872717486004],[-121.854822932673997,47.6720171217843],[-121.854577924718001,47.672355569369202],[-121.854366470106001,47.672730675851497],[-121.854272869875999,47.6729790952011],[-121.854201731925997,47.673256864046103],[-121.854181911225993,47.673361983494502],[-121.854151853542007,47.6735026670111],[-121.854127486986002,47.673564309568903]]}},
{"type":"Feature","properties":{"WTR_NAME":"Snoqualmie River"},"geometry":{"type":"LineString","coordinates":[[-121.796051169658995,47.525431923000298],[-121.795588506347002,47.525432656542499],[-121.795513762485001,47.525451373292199],[-121.795510349303001,47.525452225248699],[-121.795147404126993,47.525543118350797],[-121.795018957747999,47.5255752827915],[-121.794563506594997,47.5256997116959],[-121.793831027405005,47.526013632753902]]}},
{"type":"Feature","properties":{"WTR_NAME":"Snoqualmie River"},"geometry":{"type":"LineString","coordinates":[[-121.920444845844997,47.589530622035099],[-121.920420267032,47.5895182743497],[-121.920398210629003,47.589493510666898],[-121.920281745411003,47.589362723271698],[-121.920119267176005,47.588985158358398],[-121.919843055710004,47.588713264986197],[-121.919702084502006,47.588440079396698],[-121.919576611107004,47.587983724276597],[-121.919539541285999,47.587866924777899]]}},
{"type":"Feature","properties":{"WTR_NAME":"Snoqualmie River"},"geometry":{"type":"LineString","coordinates":[[-121.998544007779998,47.797817180593697],[-121.998578029761006,47.797766810509799],[-121.999078881822996,47.797058262565201],[-121.999221394586002,47.796565089424497],[-121.999304430829,47.796112571379801]]}},
{"type":"Feature","properties":{"WTR_NAME":"Snoqualmie River"},"geometry":{"type":"LineString","coordinates":[[-122.008295087611998,47.722186306356903],[-122.008238651,47.721939612014999]]}},
{"type":"Feature","properties":{"WTR_NAME":"Snoqualmie River"},"geometry":{"type":"LineString","coordinates":[[-121.898935350215993,47.576253164759699],[-121.898328179369003,47.576079137633698],[-121.896970220910006,47.575804241391801],[-121.89664680349,47.575703482504402],[-121.896559807022001,47.575685328570003],[-121.896431032641004,47.5756577108587]]}},
{"type":"Feature","properties":{"WTR_NAME":"Tolt River"},"geometry":{"type":"LineString","coordinates":[[-121.834531221256995,47.693253459764499],[-121.834526201263003,47.693281259161097],[-121.834473261911995,47.693417728382599]]}},
{"type":"Feature","properties":{"WTR_NAME":"Snoqualmie River"},"geometry":{"type":"LineString","coordinates":[[-121.918716048706997,47.623137923383801],[-121.919155799132994,47.622642241478999],[-121.919427943547007,47.622335479117702],[-121.919440043188004,47.622321841079902],[-121.919517501426995,47.622208668320397],[-121.919642982427007,47.6220253400733]]}},
{"type":"Feature","properties":{"WTR_NAME":"Tolt River"},"geometry":{"type":"LineString","coordinates":[[-121.882494061364994,47.644668621050002],[-121.882281847111003,47.644850393729598],[-121.882040805055993,47.645083493633699],[-121.881821430364994,47.645295637984901],[-121.881779316103007,47.645779570653502],[-121.881614525177,47.646172933847502]]}},
{"type":"Feature","properties":{"WTR_NAME":"Snoqualmie River"},"geometry":{"type":"LineString","coordinates":[[-121.916916459871999,47.624825031429801],[-121.916921474980001,47.624420103470499],[-121.916940370141006,47.624330411765698],[-121.917002410742001,47.6240360440461],[-121.917109949188998,47.623862165460501],[-121.917236601531997,47.623699785096903],[-121.917283864598005,47.623672625390903],[-121.917415670997997,47.623596215610299],[-121.917601933854002,47.6235115375219]]}},
{"type":"Feature","properties":{"WTR_NAME":"Snoqualmie River"},"geometry":{"type":"LineString","coordinates":[[-121.967625893420006,47.778574586951102],[-121.968014596626006,47.778461109606397],[-121.968408756821006,47.778233738721603],[-121.968486868363001,47.777644425282098],[-121.968311123367997,47.777280922068996],[-121.968217437188002,47.777102300498797]]}},
{"type":"Feature","properties":{"WTR_NAME":"Snoqualmie River"},"geometry":{"type":"LineString","coordinates":[[-121.986760666997995,47.690302397981597],[-121.986713118194004,47.689752947160301]]}},
{"type":"Feature","properties":{"WTR_NAME":"Snoqualmie River"},"geometry":{"type":"LineString","coordinates":[[-121.994198486772007,47.6995557414348],[-121.993918387739001,47.699551676188598],[-121.993719092709,47.699550577460798],[-121.993380844165003,47.699567791269402]]}},
{"type":"Feature","properties":{"WTR_NAME":"Snoqualmie River"},"geometry":{"type":"LineString","coordinates":[[-121.988611324141999,47.741738721370197],[-121.988724264788999,47.741482636294201],[-121.988774976255002,47.741367650745701],[-121.988814626228006,47.741321708467602],[-121.988946564211005,47.741168824918603],[-121.989049979955993,47.741070422566096],[-121.989153662256996,47.740983888560201],[-121.989250989229006,47.740928289048298],[-121.989394603557002,47.740895963586702],[-121.989492510434999,47.740866477748099],[-121.989668167581996,47.7408504487762],[-121.989837151242,47.740851107872203],[-121.990125599205996,47.740893943503899]]}},
{"type":"Feature","properties":{"WTR_NAME":"Snoqualmie River"},"geometry":{"type":"LineString","coordinates":[[-121.986966785375998,47.746966124600199],[-121.986891688987996,47.746594928829197],[-121.986860734280995,47.746240437219598],[-121.986887895994002,47.745905586705597],[-121.986940550908002,47.745679410954303],[-121.987110536599005,47.745264168610099],[-121.987146659931994,47.745194671478203]]}},
{"type":"Feature","properties":{"WTR_NAME":"Snoqualmie River"},"geometry":{"type":"LineString","coordinates":[[-121.932775127892,47.618603793671603],[-121.933132680003993,47.6185228177157],[-121.933518619541999,47.6183762928069],[-121.933858515856997,47.618155057964302],[-121.934086641438995,47.617904841799302],[-121.934235067700996,47.617565212051502],[-121.934287279087997,47.617290032221199]]}},
{"type":"Feature","properties":{"WTR_NAME":"Snoqualmie River"},"geometry":{"type":"LineString","coordinates":[[-121.922787444229002,47.598498907414097],[-121.922799230956002,47.598516181508302],[-121.922865602645999,47.598616964020501],[-121.922952784182002,47.598749347286002],[-121.923014847709993,47.598843593633099],[-121.923125617088004,47.5991484781092],[-121.923098219224002,47.599501752900501],[-121.922932163979993,47.599879889136403],[-121.922777012172006,47.600222967761503]]}},
{"type":"Feature","properties":{"WTR_NAME":"Snoqualmie River"},"geometry":{"type":"LineString","coordinates":[[-121.988973179583994,47.701231916059598],[-121.988862648505005,47.701213024585002],[-121.988716194977997,47.701153282185501],[-121.988450597772001,47.701044932503102],[-121.988034532474998,47.700695997438402],[-121.987692856021994,47.700338990789298]]}},
{"type":"Feature","properties":{"WTR_NAME":"Snoqualmie River"},"geometry":{"type":"LineString","coordinates":[[-121.893407397377004,47.570910650408699],[-121.893283094802996,47.570561087883199],[-121.893044788354999,47.570146397279103],[-121.892969185427006,47.570014838700999],[-121.892565211862006,47.569506313581797],[-121.892316508247006,47.569288211062997]]}},
{"type":"Feature","properties":{"WTR_NAME":"Snoqualmie River"},"geometry":{"type":"LineString","coordinates":[[-122.007361117044994,47.729006196610399],[-122.007415599772997,47.728941946715103],[-122.007415789546997,47.728941494992803],[-122.007540637418003,47.728645092139303],[-122.007697632713999,47.728214784881096],[-122.007773050508007,47.728033265999699]]}},
{"type":"Feature","properties":{"WTR_NAME":"Snoqualmie River"},"geometry":{"type":"LineString","coordinates":[[-121.934099017841007,47.631262036251897],[-121.934163654451993,47.631226822560002],[-121.934220516508006,47.631192537667303],[-121.934264379359007,47.6311660883201],[-121.934371025871997,47.631063927392901],[-121.934382481572996,47.630962683485897],[-121.934427349314007,47.630833535059502],[-121.934438417058004,47.630713908531],[-121.934435738562001,47.630703170678501],[-121.934408691849001,47.630594676568201],[-121.934391309313,47.630498082395299]]}},
{"type":"Feature","properties":{"WTR_NAME":"Snoqualmie River"},"geometry":{"type":"LineString","coordinates":[[-121.843197772853998,47.547722265824099],[-121.843156436986007,47.547625496241601],[-121.843051338275004,47.547379458178398],[-121.842878115828995,47.5470532810686],[-121.842736729671003,47.546647722110102],[-121.842630036903003,47.546309658561803],[-121.842477424975002,47.545993633292802]]}},
{"type":"Feature","properties":{"WTR_NAME":"Snoqualmie River"},"geometry":{"type":"LineString","coordinates":[[-121.987146659931994,47.745194671478203],[-121.987627252018996,47.744270051846897],[-121.987924522194007,47.743476277581202]]}},
{"type":"Feature","properties":{"WTR_NAME":"Snoqualmie River"},"geometry":{"type":"LineString","coordinates":[[-121.917104758820997,47.626615391229599],[-121.916896144958002,47.625342867798302],[-121.916915635410007,47.624891618588798]]}},
{"type":"Feature","properties":{"WTR_NAME":"Snoqualmie River"},"geometry":{"type":"LineString","coordinates":[[-121.923041143842994,47.620269036579501],[-121.923049718499996,47.620271635073401],[-121.923485153637003,47.620388843809401],[-121.923797674472993,47.620435830425997],[-121.924099187804998,47.6204615012402],[-121.924569787004998,47.6204926897883],[-121.924997103253006,47.620474310212501],[-121.925270176693999,47.620438894844398],[-121.925479781212005,47.620410180363699],[-121.925640698202002,47.620382074890898]]}},
{"type":"Feature","properties":{"WTR_NAME":"Tolt River"},"geometry":{"type":"LineString","coordinates":[[-121.845601394834006,47.678540699641403],[-121.845704544849994,47.678713625792703]]}},
{"type":"Feature","properties":{"WTR_NAME":"Tolt River"},"geometry":{"type":"LineString","coordinates":[[-121.853327033084,47.6752415679113],[-121.853325185990997,47.675258610452303],[-121.853329829610999,47.675495220280702],[-121.853330842778007,47.675546776762999],[-121.853361350550998,47.675706877138303],[-121.853397949636005,47.675898693814503],[-121.853412205807004,47.675923932483002],[-121.853460288193006,47.676008994528601],[-121.853528325466002,47.676130323502001],[-121.853601108047002,47.676214653402901],[-121.853707219772005,47.676324564713397],[-121.853758340446007,47.676420179517201],[-121.853815366948993,47.676537911733199],[-121.853839637258005,47.676659637908998],[-121.853863624040997,47.676766580404099],[-121.853871054552002,47.676866281676098],[-121.853877835258999,47.6769715513637]]}},
{"type":"Feature","properties":{"WTR_NAME":"Snoqualmie River"},"geometry":{"type":"LineString","coordinates":[[-121.925640698202002,47.620382074890898],[-121.925739321283004,47.620364849601302],[-121.926068950582007,47.620304563545901],[-121.926208503786,47.620244914448101]]}},
{"type":"Feature","properties":{"WTR_NAME":"Snoqualmie River"},"geometry":{"type":"LineString","coordinates":[[-121.916402502517002,47.5854377138592],[-121.916122210553993,47.585415140037497],[-121.915545083992996,47.585538290804898],[-121.914790555945004,47.585493177111999],[-121.914520254601001,47.585435061220799],[-121.914126937781006,47.585373176195802],[-121.914041218839003,47.585359685530001],[-121.913812222705005,47.585312888227101]]}},
{"type":"Feature","properties":{"WTR_NAME":"Snoqualmie River"},"geometry":{"type":"LineString","coordinates":[[-121.980181393920006,47.688284862049599],[-121.980086528258994,47.688273501136102],[-121.978667505564005,47.688065090432303],[-121.977634685777005,47.687779615073097]]}},
{"type":"Feature","properties":{"WTR_NAME":"Snoqualmie River"},"geometry":{"type":"LineString","coordinates":[[-121.997094189417993,47.794087145908499],[-121.996708051365005,47.794245739487202],[-121.995620866137997,47.7945053684114],[-121.994944601531998,47.794513962903501],[-121.994558989848002,47.7944864856088]]}},
{"type":"Feature","properties":{"WTR_NAME":"Snoqualmie River"},"geometry":{"type":"LineString","coordinates":[[-122.008546143380997,47.725513304388897],[-122.008552531096001,47.725480047415303],[-122.008601323552995,47.725226009845002],[-122.008635210809004,47.724847231306299],[-122.008629836774006,47.724696395493901]]}},
{"type":"Feature","properties":{"WTR_NAME":"Snoqualmie River"},"geometry":{"type":"LineString","coordinates":[[-121.778136947085997,47.521732036022698],[-121.777990212277999,47.521423707655202],[-121.777741582610005,47.521003996749499]]}},
{"type":"Feature","properties":{"WTR_NAME":"Snoqualmie River"},"geometry":{"type":"LineString","coordinates":[[-121.994558989848002,47.7944864856088],[-121.994109140169996,47.7944544301115],[-121.993164738792998,47.794185822278997],[-121.992061932894003,47.793883941118501],[-121.992059988698003,47.793883618124603]]}},
{"type":"Feature","properties":{"WTR_NAME":"Snoqualmie River"},"geometry":{"type":"LineString","coordinates":[[-121.892316508247006,47.569288211062997],[-121.892176769220001,47.5691656670312],[-121.891773004043998,47.568964510497203],[-121.891274516080003,47.568721606455199],[-121.890154754033006,47.568449238551999],[-121.89003538675,47.568426111225101]]}},
{"type":"Feature","properties":{"WTR_NAME":"Snoqualmie River"},"geometry":{"type":"LineString","coordinates":[[-121.923312377995003,47.652811200056497],[-121.923344265899999,47.652666518206097],[-121.923704377424002,47.651032434908899]]}},
{"type":"Feature","properties":{"WTR_NAME":"Snoqualmie River"},"geometry":{"type":"LineString","coordinates":[[-121.927418237889,47.601739716904703],[-121.927933042004,47.601079196314501],[-121.928142397105006,47.600294246939697],[-121.928191052285001,47.600111807755603],[-121.928205375005007,47.600043745642601]]}},
{"type":"Feature","properties":{"WTR_NAME":"Snoqualmie River"},"geometry":{"type":"LineString","coordinates":[[-122.033669547067007,47.821681681511102],[-122.032327624805006,47.821015139918302],[-122.031642547497,47.820818958995297],[-122.031415115171001,47.820735308847098]]}},
{"type":"Feature","properties":{"WTR_NAME":"Snoqualmie River"},"geometry":{"type":"LineString","coordinates":[[-121.985369269917996,47.6890807739669],[-121.985013503936997,47.689030405676299],[-121.984836977656002,47.689016082342]]}},
{"type":"Feature","properties":{"WTR_NAME":"Snoqualmie River"},"geometry":{"type":"LineString","coordinates":[[-121.961133649947996,47.766842454601999],[-121.961133556871999,47.766826450232699],[-121.961128821119004,47.766009323243097],[-121.960990219007996,47.765504015953702],[-121.960999616289001,47.765284046240701],[-121.961103367857007,47.765063464466699]]}},
{"type":"Feature","properties":{"WTR_NAME":"Snoqualmie River"},"geometry":{"type":"LineString","coordinates":[[-121.807502498437998,47.529384663059602],[-121.807350561198007,47.5294719129325],[-121.807090037695005,47.529541002976302],[-121.806858961494001,47.529577868832398],[-121.806541564865,47.529589305991102],[-121.806171588471997,47.529543058067297],[-121.805908572177998,47.529478450130298],[-121.805867049095994,47.529460102055999],[-121.805540722925997,47.529315905955002],[-121.805218695172996,47.528950860572998]]}},
{"type":"Feature","properties":{"WTR_NAME":"Snoqualmie River"},"geometry":{"type":"LineString","coordinates":[[-121.907088719094006,47.5825223040342],[-121.906806767351,47.582250014068698],[-121.906087266699998,47.581621028523102],[-121.905735159166994,47.580993993637598]]}},
{"type":"Feature","properties":{"WTR_NAME":"Snoqualmie River"},"geometry":{"type":"LineString","coordinates":[[-121.880603961416,47.559786596536298],[-121.880680119828,47.558907549540599],[-121.880939640275002,47.558073229950701],[-121.880949842467999,47.558040419452702],[-121.880948274386995,47.558008834627699]]}},
{"type":"Feature","properties":{"WTR_NAME":"Snoqualmie River"},"geometry":{"type":"LineString","coordinates":[[-122.005280205247999,47.716722441800897],[-122.005278551504006,47.716659439881099]]}},
{"type":"Feature","properties":{"WTR_NAME":"Snoqualmie River"},"geometry":{"type":"LineString","coordinates":[[-121.894637988746993,47.574401227162198],[-121.894502038312993,47.5742103613604],[-121.894419806998997,47.573741455301501],[-121.894207381870999,47.573124589685797],[-121.894066830476007,47.572765031997399],[-121.894029154112005,47.572659089504]]}},
{"type":"Feature","properties":{"WTR_NAME":"Snoqualmie River"},"geometry":{"type":"LineString","coordinates":[[-121.967288360832001,47.775930757839902],[-121.966886690145998,47.775558990912003]]}},
{"type":"Feature","properties":{"WTR_NAME":"Snoqualmie River"},"geometry":{"type":"LineString","coordinates":[[-122.007695078591993,47.720586616337798],[-122.007285722820995,47.720481193772798]]}},
{"type":"Feature","properties":{"WTR_NAME":"Snoqualmie River"},"geometry":{"type":"LineString","coordinates":[[-121.997946419860995,47.793833762657897],[-121.997325406550999,47.793992178992603],[-121.997094189417993,47.794087145908499]]}},
{"type":"Feature","properties":{"WTR_NAME":"Snoqualmie River"},"geometry":{"type":"LineString","coordinates":[[-122.000884253782999,47.728881582132402],[-122.000947602549005,47.7288816577476],[-122.001207752606007,47.728901846903398],[-122.001558480781,47.728932537241803],[-122.001803076871994,47.729013831557197],[-122.002163997962995,47.729167242841697],[-122.003138623042005,47.7297355979209]]}},
{"type":"Feature","properties":{"WTR_NAME":"Snoqualmie River"},"geometry":{"type":"LineString","coordinates":[[-121.943045559045004,47.683072695389598],[-121.942893631001994,47.682962690854502]]}},
{"type":"Feature","properties":{"WTR_NAME":"Snoqualmie River"},"geometry":{"type":"LineString","coordinates":[[-121.975592862382996,47.686659245069002],[-121.975058371919999,47.686240694059897],[-121.974386315412005,47.685691716656002],[-121.974327075491999,47.685643325694798],[-121.974257651637004,47.685605680845299],[-121.973896915237006,47.685410102750197],[-121.973775051575998,47.685355843637403]]}},
{"type":"Feature","properties":{"WTR_NAME":"Snoqualmie River"},"geometry":{"type":"LineString","coordinates":[[-121.841285476200994,47.542642043103598],[-121.841088235813999,47.542591441414402],[-121.840791454059996,47.542579198330799],[-121.840538165666004,47.542544261051901],[-121.840229398093996,47.542480065110702],[-121.839831778738002,47.542364597661802],[-121.839390088174994,47.542242082699403],[-121.838970798863002,47.542141679375298],[-121.837877959131006,47.541720321466201]]}},
{"type":"Feature","properties":{"WTR_NAME":"Snoqualmie River"},"geometry":{"type":"LineString","coordinates":[[-121.990310451580001,47.714709526406899],[-121.990105900906002,47.714552752869999],[-121.989529092300003,47.713736060247598],[-121.989109573552,47.713140542216102],[-121.989099460581997,47.713115898518197]]}},
{"type":"Feature","properties":{"WTR_NAME":"Snoqualmie River"},"geometry":{"type":"LineString","coordinates":[[-121.963927706986993,47.690912569546299],[-121.964012936176999,47.6906685311411],[-121.964048024177998,47.6905680759467],[-121.964373310865,47.69009142737],[-121.964668737889994,47.6897536884725]]}},
{"type":"Feature","properties":{"WTR_NAME":"Snoqualmie River"},"geometry":{"type":"LineString","coordinates":[[-121.946564421881007,47.684708275144402],[-121.946435947850006,47.684625816355997]]}},
{"type":"Feature","properties":{"WTR_NAME":"Snoqualmie River"},"geometry":{"type":"LineString","coordinates":[[-121.927090022765995,47.641055362772398],[-121.927308282455996,47.640623727308899]]}},
{"type":"Feature","properties":{"WTR_NAME":"Snoqualmie River"},"geometry":{"type":"LineString","coordinates":[[-121.975687751945003,47.757904916202698],[-121.976266445557002,47.757757103963499],[-121.977958905803007,47.757399963372798],[-121.978212581950004,47.757327064534998]]}},
{"type":"Feature","properties":{"WTR_NAME":"Snoqualmie River"},"geometry":{"type":"LineString","coordinates":[[-121.973510424577,47.758937897723499],[-121.974528326737996,47.7584220272621],[-121.974967080637995,47.758199663801598],[-121.975196306026007,47.758083491684999],[-121.975633990039995,47.757918648674497],[-121.975687751945003,47.757904916202698]]}},
{"type":"Feature","properties":{"WTR_NAME":"Snoqualmie River"},"geometry":{"type":"LineString","coordinates":[[-121.91766321355,47.628405402544601],[-121.917633496023001,47.628369531869502]]}},
{"type":"Feature","properties":{"WTR_NAME":"Snoqualmie River"},"geometry":{"type":"LineString","coordinates":[[-121.927025164295998,47.619619576443398],[-121.927641731422995,47.619256514881599]]}},
{"type":"Feature","properties":{"WTR_NAME":"Tolt River"},"geometry":{"type":"LineString","coordinates":[[-121.877183817120994,47.650426757750203],[-121.877058045259005,47.6504296105987],[-121.876965306718006,47.650399328157]]}},
{"type":"Feature","properties":{"WTR_NAME":"Snoqualmie River"},"geometry":{"type":"LineString","coordinates":[[-121.927378969697997,47.6066440490292],[-121.927421082313998,47.606570979336503],[-121.927475040081006,47.606203194891798],[-121.927495539267994,47.606082729971199],[-121.927042053400001,47.605041497365299],[-121.926923756839997,47.604922162418603]]}},
{"type":"Feature","properties":{"WTR_NAME":"Snoqualmie River"},"geometry":{"type":"LineString","coordinates":[[-121.872476989507007,47.566391613454002],[-121.872477611498994,47.566388215680597]]}},
{"type":"Feature","properties":{"WTR_NAME":"Snoqualmie River"},"geometry":{"type":"LineString","coordinates":[[-121.896431032641004,47.5756577108587],[-121.896315906298994,47.575633018411203],[-121.896211092965999,47.575604490138701]]}},
{"type":"Feature","properties":{"WTR_NAME":"Snoqualmie River"},"geometry":{"type":"LineString","coordinates":[[-121.837400313090001,47.541426016196397],[-121.836743215287001,47.541074914187803],[-121.836231940133004,47.540759643719902]]}},
{"type":"Feature","properties":{"WTR_NAME":"Snoqualmie River"},"geometry":{"type":"LineString","coordinates":[[-121.995415583036007,47.708988407608103],[-121.995414641015003,47.708986571361301],[-121.995165952107001,47.708641615047902],[-121.995111931595005,47.7084965036236],[-121.995133478029004,47.708324919684202],[-121.995143678977001,47.708203805602302],[-121.995146835087994,47.708183498789502]]}},
{"type":"Feature","properties":{"WTR_NAME":"Snoqualmie River"},"geometry":{"type":"LineString","coordinates":[[-121.911359231464999,47.584636483381601],[-121.909229249296999,47.583729253623602],[-121.909113863467994,47.583673033605997]]}},
{"type":"Feature","properties":{"WTR_NAME":"Snoqualmie River"},"geometry":{"type":"LineString","coordinates":[[-121.841884756395999,47.544264396156201],[-121.841844615746993,47.543672337174101],[-121.841853116769997,47.543258129523103],[-121.841853199059997,47.543254144840901],[-121.841851602679,47.543247715781099],[-121.841780768186993,47.542960979885201],[-121.841686590538998,47.5427990941632]]}},
{"type":"Feature","properties":{"WTR_NAME":"Snoqualmie River"},"geometry":{"type":"LineString","coordinates":[[-121.923965189691003,47.649243312526103],[-121.924028762440003,47.648353554151001],[-121.924152438663,47.647449844915101]]}},
{"type":"Feature","properties":{"WTR_NAME":"Snoqualmie River"},"geometry":{"type":"LineString","coordinates":[[-121.965428422024999,47.774056197344301],[-121.965284452732007,47.773884553241899],[-121.964659918829,47.772593296596],[-121.964584823573006,47.772355418665903]]}},
{"type":"Feature","properties":{"WTR_NAME":"Snoqualmie River"},"geometry":{"type":"LineString","coordinates":[[-121.871062951911,47.554336213167304],[-121.870897252310002,47.5543102229299]]}},
{"type":"Feature","properties":{"WTR_NAME":"Snoqualmie River"},"geometry":{"type":"LineString","coordinates":[[-121.942572798634004,47.681241087367198],[-121.942589169822995,47.681109699394497],[-121.942581559280001,47.6803563419368],[-121.942460255491994,47.679836530239797],[-121.942317798860998,47.6794617339906]]}},
{"type":"Feature","properties":{"WTR_NAME":"Snoqualmie River"},"geometry":{"type":"LineString","coordinates":[[-122.014296364507999,47.814537973785697],[-122.014264043135,47.814481624704698],[-122.013572996080995,47.813964230202103],[-122.012829850575997,47.813482415366302],[-122.012404154226004,47.8132858981553]]}},
{"type":"Feature","properties":{"WTR_NAME":"Tolt River"},"geometry":{"type":"LineString","coordinates":[[-121.845808839135998,47.680305061849701],[-121.845796458276993,47.6803445012591],[-121.845654428103998,47.680637680250399],[-121.845650536964001,47.680643812616601],[-121.845480431802997,47.681038257870597],[-121.845380944528998,47.681146966106397],[-121.84518761519,47.681315886219302],[-121.844762577262003,47.681531958137597]]}},
{"type":"Feature","properties":{"WTR_NAME":"Snoqualmie River"},"geometry":{"type":"LineString","coordinates":[[-121.874215805543002,47.554228813570298],[-121.873710002,47.554234778015399]]}},
{"type":"Feature","properties":{"WTR_NAME":"Snoqualmie River"},"geometry":{"type":"LineString","coordinates":[[-121.915102979270003,47.6044077350208],[-121.914679670338998,47.604255570527599],[-121.914324096670001,47.603951029839997],[-121.914100049333996,47.603658324219502],[-121.913875446793,47.603338819381101],[-121.913829981033004,47.603057820996199],[-121.913880547318001,47.6029909683662],[-121.913911015400998,47.602950685187999]]}},
{"type":"Feature","properties":{"WTR_NAME":"Snoqualmie River"},"geometry":{"type":"LineString","coordinates":[[-121.927641731422995,47.619256514881599],[-121.927674572078999,47.619237175002702],[-121.928390097017001,47.618947667446001],[-121.928932843365999,47.6188115429701],[-121.930022704888003,47.618744493926897],[-121.930133123028,47.618745005864803]]}},
{"type":"Feature","properties":{"WTR_NAME":"Snoqualmie River"},"geometry":{"type":"LineString","coordinates":[[-122.012404154226004,47.8132858981553],[-122.012090434320001,47.813141072499803],[-122.010827262687997,47.812700938963701],[-122.010552834612994,47.812603092446899]]}},
{"type":"Feature","properties":{"WTR_NAME":"Snoqualmie River"},"geometry":{"type":"LineString","coordinates":[[-121.992059988698003,47.793883618124603],[-121.991276780034994,47.793753449400398],[-121.990233101635994,47.793661558303903],[-121.989427009129997,47.793604035394701]]}},
{"type":"Feature","properties":{"WTR_NAME":"Snoqualmie River"},"geometry":{"type":"LineString","coordinates":[[-121.999238230461003,47.794329881774303],[-121.999207950652007,47.794248689704901],[-121.998991640713996,47.793970810560303],[-121.998517092897004,47.793766507795198],[-121.998049584303004,47.793807433661499],[-121.997946419860995,47.793833762657897]]}},
{"type":"Feature","properties":{"WTR_NAME":"Snoqualmie River"},"geometry":{"type":"LineString","coordinates":[[-121.926305118990996,47.672219461888801],[-121.925909661749003,47.672380400364602],[-121.925382332249001,47.672752300817798],[-121.924932134252003,47.6729939865237],[-121.924448404418001,47.673160463767303],[-121.924352607730995,47.673187189454701],[-121.924135771137998,47.673200545740599]]}},
{"type":"Feature","properties":{"WTR_NAME":"Snoqualmie River"},"geometry":{"type":"LineString","coordinates":[[-121.879819030389001,47.561466852553401],[-121.880190997924004,47.561151347331197],[-121.880304811307994,47.560736915408697],[-121.880593491189998,47.559907495060699],[-121.880600091442005,47.559831266418897],[-121.880603961416,47.559786596536298]]}},
{"type":"Feature","properties":{"WTR_NAME":"Snoqualmie River"},"geometry":{"type":"LineString","coordinates":[[-121.960594761069999,47.770240904922503],[-121.960360767221999,47.77001317141],[-121.960348033076002,47.769544200126603],[-121.960666760804003,47.768612009429503]]}},
{"type":"Feature","properties":{"WTR_NAME":"Snoqualmie River"},"geometry":{"type":"LineString","coordinates":[[-121.993380844165003,47.699567791269402],[-121.993334886385,47.699570130001099],[-121.992936134402996,47.699637565811898],[-121.992650848235002,47.699804469310003],[-121.992470089142998,47.699910217488998],[-121.991816160320994,47.700338926730602],[-121.991297752248997,47.700635325351797]]}},
{"type":"Feature","properties":{"WTR_NAME":"Snoqualmie River"},"geometry":{"type":"LineString","coordinates":[[-121.871078095895001,47.5543368197172],[-121.871062951911,47.554336213167304]]}},
{"type":"Feature","properties":{"WTR_NAME":"Tolt River"},"geometry":{"type":"LineString","coordinates":[[-121.925230119117003,47.639656275515797],[-121.925094546310007,47.6396619436752],[-121.924787300063002,47.639647603165599],[-121.924480049992994,47.639633261865299],[-121.924232717532007,47.639629868608203],[-121.923711506673996,47.639577234864497],[-121.923682238558001,47.639574224682299],[-121.923045017006004,47.639508703068799],[-121.922694065783006,47.639442912108102],[-121.922606075049998,47.639414222490302]]}},
{"type":"Feature","properties":{"WTR_NAME":"Snoqualmie River"},"geometry":{"type":"LineString","coordinates":[[-122.008594991151995,47.723718297451903],[-122.008579349285995,47.7232792565162],[-122.008451285557996,47.722639935123198]]}},
{"type":"Feature","properties":{"WTR_NAME":"Snoqualmie River"},"geometry":{"type":"LineString","coordinates":[[-121.984232092076994,47.793644269248702],[-121.984194723469997,47.793628921176399],[-121.983873400627999,47.793496617884898],[-121.983131612242005,47.793049896916699],[-121.982652219681,47.792669761112499],[-121.982349667796001,47.792389823755698]]}},
{"type":"Feature","properties":{"WTR_NAME":"Snoqualmie River"},"geometry":{"type":"LineString","coordinates":[[-121.921504856940999,47.673291866014203],[-121.921344675293,47.673325997295102],[-121.920899121538994,47.6733679422995],[-121.920591082067006,47.673392816358302],[-121.919419206786998,47.673294837995002],[-121.919130235976994,47.673226380527701],[-121.918921027086,47.673152847339701],[-121.918911479144995,47.673146970868402]]}},
{"type":"Feature","properties":{"WTR_NAME":"Snoqualmie River"},"geometry":{"type":"LineString","coordinates":[[-121.922426105601005,47.592008609445799],[-121.922526850061004,47.591951220203804],[-121.922589155254997,47.591915728244999],[-121.922806959336,47.591818628948303],[-121.922963793744003,47.5917262474929],[-121.923114438897002,47.591629792680699],[-121.923204027023999,47.591533923568697],[-121.923219406867005,47.591393323974302],[-121.923210125492005,47.591108349007399],[-121.923146270865004,47.590825292966699]]}},
{"type":"Feature","properties":{"WTR_NAME":"Snoqualmie River"},"geometry":{"type":"LineString","coordinates":[[-121.843994714182003,47.549426071086003],[-121.843894819319999,47.549310001608703],[-121.843845201763003,47.549146899169102]]}},
{"type":"Feature","properties":{"WTR_NAME":"Snoqualmie River"},"geometry":{"type":"LineString","coordinates":[[-121.896211092965999,47.575604490138701],[-121.895542769173005,47.575281457916901],[-121.895136539495994,47.575022518940997],[-121.894751430677005,47.574560490369301],[-121.894637988746993,47.574401227162198]]}},
{"type":"Feature","properties":{"WTR_NAME":"Tolt River"},"geometry":{"type":"LineString","coordinates":[[-121.856004603488998,47.670753715374502],[-121.856004209619002,47.670753934793602],[-121.855914974019996,47.670835012980298],[-121.854956337654997,47.671872717486004]]}},
{"type":"Feature","properties":{"WTR_NAME":"Snoqualmie River"},"geometry":{"type":"LineString","coordinates":[[-121.916160356741997,47.595133422512099],[-121.916337203846993,47.595054467948799],[-121.916527822907995,47.594969363242399],[-121.917059449231999,47.594691659819198],[-121.917075229827006,47.594681178423201],[-121.917348598887003,47.594499617510998],[-121.917589520011006,47.594339611113398],[-121.917722866383997,47.594210809700797],[-121.917930741084007,47.5940100136905],[-121.918057865937996,47.593897271067199]]}},
{"type":"Feature","properties":{"WTR_NAME":"Snoqualmie River"},"geometry":{"type":"LineString","coordinates":[[-122.001412354139006,47.712051872023601],[-122.001351710104998,47.712022456846803],[-122.001030206885005,47.711942761368398],[-122.000598620117998,47.711889088543401],[-122.000218266515006,47.711926174787699],[-121.999863988361994,47.712029391400897],[-121.999675239444997,47.7121140384087],[-121.999523112445004,47.712182260987099],[-121.999256193514,47.712342675107699],[-121.999044570170994,47.7124587544929]]}},
{"type":"Feature","properties":{"WTR_NAME":"Snoqualmie River"},"geometry":{"type":"LineString","coordinates":[[-121.856002843634997,47.554800608091703],[-121.855874463592002,47.554732038723202]]}},
{"type":"Feature","properties":{"WTR_NAME":"Snoqualmie River"},"geometry":{"type":"LineString","coordinates":[[-121.918022315212994,47.623359644735601],[-121.918319825300998,47.623241891115903],[-121.918716048706997,47.623137923383801]]}},
{"type":"Feature","properties":{"WTR_NAME":"Snoqualmie River"},"geometry":{"type":"LineString","coordinates":[[-121.963347441145999,47.687205639660299],[-121.963310522789001,47.687206450094102],[-121.963176833294995,47.687209388456701],[-121.962774696509996,47.687238558796601],[-121.962722483128999,47.687247019117997],[-121.962410503403007,47.6872975679589],[-121.962002220689996,47.687387230576498],[-121.961847143729997,47.687466406690298],[-121.961670256439007,47.687556718844],[-121.961272706954006,47.687797365028302],[-121.961051475551997,47.687967415961303]]}},
{"type":"Feature","properties":{"WTR_NAME":"Snoqualmie River"},"geometry":{"type":"LineString","coordinates":[[-121.995020402096998,47.700627779116097],[-121.995024542601001,47.700605151353002],[-121.994901144438003,47.700195135281803],[-121.994580280210002,47.699804157340097],[-121.994198486772007,47.6995557414348]]}},
{"type":"Feature","properties":{"WTR_NAME":"Snoqualmie River"},"geometry":{"type":"LineString","coordinates":[[-121.785937298481997,47.525319688598103],[-121.785889527912005,47.5253082201463],[-121.785114012395994,47.525038492981999],[-121.783985788566,47.524797624595102],[-121.783876153446997,47.524774217489899],[-121.783824424,47.524739820501502],[-121.783094711881006,47.524261543553997]]}},
{"type":"Feature","properties":{"WTR_NAME":"Snoqualmie River"},"geometry":{"type":"LineString","coordinates":[[-121.925013745868995,47.665789652398601],[-121.92528672956,47.665379968053003],[-121.925886098136004,47.664400056671901],[-121.925932091369006,47.664320752267599]]}},
{"type":"Feature","properties":{"WTR_NAME":"Snoqualmie River"},"geometry":{"type":"LineString","coordinates":[[-121.967444410324006,47.776068663248502],[-121.967388766203001,47.776023568599399],[-121.967288360832001,47.775930757839902]]}},
{"type":"Feature","properties":{"WTR_NAME":"Snoqualmie River"},"geometry":{"type":"LineString","coordinates":[[-121.879735183351002,47.567945413838302],[-121.877626920729995,47.5676227171245],[-121.877131746735998,47.567592430958598]]}},
{"type":"Feature","properties":{"WTR_NAME":"Snoqualmie River"},"geometry":{"type":"LineString","coordinates":[[-121.927308282455996,47.640623727308899],[-121.927346908857004,47.640547365016801]]}},
{"type":"Feature","properties":{"WTR_NAME":"Snoqualmie River"},"geometry":{"type":"LineString","coordinates":[[-121.960695667769997,47.768527464319597],[-121.960732803042006,47.7684188511383],[-121.961054428420994,47.7671998378569],[-121.961133973556002,47.766898339933903],[-121.961133649947996,47.766842454601999]]}},
{"type":"Feature","properties":{"WTR_NAME":"Snoqualmie River"},"geometry":{"type":"LineString","coordinates":[[-121.946435947850006,47.684625816355997],[-121.946046236585005,47.684306919003397],[-121.945779817358002,47.684146728780298],[-121.945339052378998,47.684032635636697],[-121.945162810534001,47.683989958170102],[-121.945058240422,47.683964635682798]]}},
{"type":"Feature","properties":{"WTR_NAME":"Tolt River"},"geometry":{"type":"LineString","coordinates":[[-121.880865370153003,47.646955183102001],[-121.880266967587005,47.647098143573601],[-121.879932187383005,47.647303658673202],[-121.879756120981,47.647509858886202]]}},
{"type":"Feature","properties":{"WTR_NAME":"Tolt River"},"geometry":{"type":"LineString","coordinates":[[-121.872687117683995,47.654640732849302],[-121.872692847834003,47.654642671190203],[-121.872741627283006,47.654644392965203],[-121.872762251032,47.654653594813603],[-121.872788273615001,47.654656086454501],[-121.873074050119996,47.654671338736499],[-121.873530108931007,47.654742182495099],[-121.873883465928003,47.654880053093002],[-121.873914335555995,47.654892098952402],[-121.873963841443,47.654968681365197],[-121.874005563161006,47.6550251092184]]}},
{"type":"Feature","properties":{"WTR_NAME":"Snoqualmie River"},"geometry":{"type":"LineString","coordinates":[[-121.984836977656002,47.689016082342],[-121.984756005665005,47.689009513464498],[-121.984318672732996,47.688888494499601],[-121.982785565384006,47.688662759145103]]}},
{"type":"Feature","properties":{"WTR_NAME":"Snoqualmie River"},"geometry":{"type":"LineString","coordinates":[[-121.987311118353006,47.757662241933502],[-121.987426888242993,47.757572122720603],[-121.987446246798996,47.757557054071903],[-121.987446982701996,47.757555234071702],[-121.987523027688994,47.757366358346999],[-121.987532344227006,47.757343208202002],[-121.987660721496994,47.757085170533401],[-121.987660614627998,47.756691310417203],[-121.987629015227995,47.756437813469098],[-121.987651477015007,47.756086317012603],[-121.987625272791007,47.755921764331902]]}},
{"type":"Feature","properties":{"WTR_NAME":"Snoqualmie River"},"geometry":{"type":"LineString","coordinates":[[-122.008238651,47.721939612014999],[-122.008200362657007,47.721772246240597],[-122.008222043241005,47.721161612547498]]}},
{"type":"Feature","properties":{"WTR_NAME":"Snoqualmie River"},"geometry":{"type":"LineString","coordinates":[[-121.873625007079994,47.564821922775103],[-121.874243837720996,47.564575009446699],[-121.874940297178995,47.5642792644],[-121.875726273742004,47.563879352937903],[-121.875834633243002,47.563825732065403]]}},
{"type":"Feature","properties":{"WTR_NAME":"Snoqualmie River"},"geometry":{"type":"LineString","coordinates":[[-121.954276932078002,47.6880480015557],[-121.954099777219,47.688111961700301],[-121.953583739761001,47.688213263555198],[-121.952937037420995,47.688263359225502],[-121.952856888148006,47.688270039414597]]}},
{"type":"Feature","properties":{"WTR_NAME":"Snoqualmie River"},"geometry":{"type":"LineString","coordinates":[[-121.965195658065994,47.7785387608386],[-121.965627106330004,47.778284410277998],[-121.966121163862994,47.778230585534303],[-121.966546832456004,47.778304757532901],[-121.966999313119004,47.778442321274198],[-121.967615974496994,47.778577483032898],[-121.967625893420006,47.778574586951102]]}},
{"type":"Feature","properties":{"WTR_NAME":"Tolt River"},"geometry":{"type":"LineString","coordinates":[[-121.829911096448001,47.694199294289703],[-121.829897895325999,47.694201702563497],[-121.829712621396993,47.694243974781003],[-121.829638300542001,47.694271574665102],[-121.829549590392006,47.694304521022801],[-121.829162550316994,47.694385500322497],[-121.828961901200998,47.694453764744701],[-121.828684730115,47.694555956446997],[-121.828499878396997,47.694620386004502],[-121.828320568026001,47.6946884647693],[-121.828124776056001,47.694752990111297],[-121.827786976221006,47.694833535824401],[-121.827469603772997,47.694903546309298]]}},
{"type":"Feature","properties":{"WTR_NAME":"Tolt River"},"geometry":{"type":"LineString","coordinates":[[-121.891510961183997,47.642332497738202],[-121.891470254658003,47.642303442791103],[-121.891182395887,47.642163424620698]]}},
{"type":"Feature","properties":{"WTR_NAME":"Snoqualmie River"},"geometry":{"type":"LineString","coordinates":[[-122.005278551504006,47.716659439881099],[-122.005276583718995,47.7165845304093],[-122.005118237337996,47.7164106471511],[-122.005050122986006,47.716196208264897]]}},
{"type":"Feature","properties":{"WTR_NAME":"Tolt River"},"geometry":{"type":"LineString","coordinates":[[-121.842821931879996,47.682369439241199],[-121.842426283432999,47.682661953220098],[-121.842389422322,47.682691942845302],[-121.842296236053997,47.682794857209601]]}},
{"type":"Feature","properties":{"WTR_NAME":"Snoqualmie River"},"geometry":{"type":"LineString","coordinates":[[-121.973999239758001,47.7845082477278],[-121.974027257228002,47.784039351311698],[-121.973489243009993,47.783414635279499],[-121.973066479690999,47.783174242138102],[-121.972771844256997,47.783049933880299]]}},
{"type":"Feature","properties":{"WTR_NAME":"Snoqualmie River"},"geometry":{"type":"LineString","coordinates":[[-121.926411807879006,47.658503430803002],[-121.925275828967003,47.657945538448097],[-121.925127331121999,47.6578282802896]]}},
{"type":"Feature","properties":{"WTR_NAME":"Snoqualmie River"},"geometry":{"type":"LineString","coordinates":[[-121.996649885432006,47.730746967473003],[-121.997088104227998,47.730684825143001],[-121.997155414722997,47.730667221671297],[-121.997255260268005,47.730641107575302],[-121.997318216671999,47.730610209224402],[-121.99750097562,47.730520517807001],[-121.997745918480007,47.730365654976097],[-121.997901063962999,47.7302345621166],[-121.998072025528998,47.730053788977997],[-121.998209634283995,47.729896209821703],[-121.998502294839,47.729603729094698],[-121.998530737975003,47.729585745548299]]}},
{"type":"Feature","properties":{"WTR_NAME":"Snoqualmie River"},"geometry":{"type":"LineString","coordinates":[[-121.992801255787995,47.732777883607397],[-121.992936653059999,47.732390314416698],[-121.993191872655999,47.731952859114003],[-121.993514011680006,47.731625850163297],[-121.993880730906994,47.731370865794098],[-121.994123977453995,47.731291244581499]]}},
{"type":"Feature","properties":{"WTR_NAME":"Snoqualmie River"},"geometry":{"type":"LineString","coordinates":[[-121.970208786897999,47.761693926717101],[-121.970314602478993,47.761569823283899],[-121.970782503053996,47.761095549002498],[-121.971129034604999,47.760729780459997]]}},
{"type":"Feature","properties":{"WTR_NAME":"Snoqualmie River"},"geometry":{"type":"LineString","coordinates":[[-121.942317798860998,47.6794617339906],[-121.942271634180997,47.679340275588601],[-121.941916920181995,47.679005941676301],[-121.941512345557996,47.678852335531701]]}},
{"type":"Feature","properties":{"WTR_NAME":"Snoqualmie River"},"geometry":{"type":"LineString","coordinates":[[-121.909113863467994,47.583673033605997],[-121.908041134179996,47.583150361968698],[-121.907686834917996,47.582941410543803],[-121.907380538864004,47.582760769746997],[-121.907265211595004,47.582692748268897],[-121.907088719094006,47.5825223040342]]}},
{"type":"Feature","properties":{"WTR_NAME":"Snoqualmie River"},"geometry":{"type":"LineString","coordinates":[[-121.869814825687001,47.554096945952701],[-121.869422320103993,47.554015762512499]]}},
{"type":"Feature","properties":{"WTR_NAME":"Snoqualmie River"},"geometry":{"type":"LineString","coordinates":[[-121.930133123028,47.618745005864803],[-121.931336793789001,47.618750588926098],[-121.932612744191005,47.618640568858602],[-121.932775127892,47.618603793671603]]}},
{"type":"Feature","properties":{"WTR_NAME":"Snoqualmie River"},"geometry":{"type":"LineString","coordinates":[[-121.987263851319,47.754140773216399],[-121.987251107316993,47.754036460960201],[-121.987266125087004,47.753913162182897],[-121.987295008321993,47.753675999773797],[-121.987360979415001,47.753322629451603],[-121.987380312184001,47.7531866314838]]}},
{"type":"Feature","properties":{"WTR_NAME":"Snoqualmie River"},"geometry":{"type":"LineString","coordinates":[[-121.987994157285002,47.743294738743998],[-121.988223891724004,47.742676868968999],[-121.988442589227006,47.742121321239502]]}},
{"type":"Feature","properties":{"WTR_NAME":"Snoqualmie River"},"geometry":{"type":"LineString","coordinates":[[-121.971241683317999,47.685306411709099],[-121.971234532561994,47.685308059993297],[-121.970987162192003,47.6853897066919],[-121.970805294753006,47.685450902124003],[-121.970609314079994,47.685536984263102],[-121.970435425733996,47.6856277885528],[-121.970312930733002,47.685723032653897],[-121.970219956473997,47.685827875179001],[-121.970163722901006,47.685937303942197],[-121.970137015784005,47.686056333899302],[-121.970148133322994,47.686229415471402],[-121.970254603875006,47.686406497724498],[-121.970471626974998,47.686612166792997],[-121.970529979125004,47.686660952690801]]}},
{"type":"Feature","properties":{"WTR_NAME":"Snoqualmie River"},"geometry":{"type":"LineString","coordinates":[[-121.782812638004003,47.522700081909299],[-121.782771869021005,47.5226553106043],[-121.782564690292006,47.522485828987797],[-121.782243908363,47.522289386991297],[-121.781796308484004,47.522146712227297],[-121.781235394201005,47.522065268859201],[-121.781203625648004,47.522066392059401],[-121.780917741028006,47.522076530774001],[-121.780664274120994,47.522121708547502],[-121.780423831183001,47.522183998213798],[-121.780107271987006,47.522255538111999],[-121.779905125620999,47.522326122066701],[-121.779639097325003,47.522380013167499],[-121.779439762511998,47.522409997960999],[-121.778951863944002,47.522395323483103],[-121.778688565281996,47.522275062430403],[-121.778580711412005,47.522186007528603],[-121.778362304425002,47.522005661222899],[-121.778136947085997,47.521732036022698]]}},
{"type":"Feature","properties":{"WTR_NAME":"Tolt River"},"geometry":{"type":"LineString","coordinates":[[-121.868105356301996,47.665018022800098],[-121.868116366855006,47.665020882193097],[-121.868232214702999,47.665050970167897],[-121.868504029790003,47.665130647932301],[-121.868667353155004,47.665190011486501],[-121.868763612815997,47.665274323534703],[-121.868860058609002,47.665367763010202],[-121.869092995963996,47.6657909936268],[-121.869086928092003,47.6659042170349],[-121.869065808591003,47.6659743815854],[-121.869049132623005,47.666041471660598],[-121.869036839266002,47.6661024285591],[-121.868989239496003,47.666200216938201],[-121.868936599514001,47.666270675214903],[-121.868870319338001,47.666335171327198],[-121.868724621395003,47.666427095008601]]}},
{"type":"Feature","properties":{"WTR_NAME":"Tolt River"},"geometry":{"type":"LineString","coordinates":[[-121.874542087055005,47.652133472364298],[-121.874437083122999,47.652251439860599],[-121.874190962962004,47.652367990409203],[-121.873995835580999,47.652391204610403],[-121.873844775315007,47.652414937878],[-121.873800636561,47.6524108471434],[-121.873403594007002,47.6523823277359],[-121.872765212442999,47.652445306831297],[-121.872065034263997,47.652547250897797]]}},
{"type":"Feature","properties":{"WTR_NAME":"Snoqualmie River"},"geometry":{"type":"LineString","coordinates":[[-121.976879509868994,47.7886066370192],[-121.976861629355,47.788601383834603],[-121.976122026466996,47.788224857861501],[-121.974962951064001,47.787712778400802],[-121.974673121278002,47.787596972258399]]}},
{"type":"Feature","properties":{"WTR_NAME":"Snoqualmie River"},"geometry":{"type":"LineString","coordinates":[[-122.002065762561003,47.712475754051503],[-122.002065625200004,47.712475572853499],[-122.001737021639002,47.712209184772597],[-122.001412354139006,47.712051872023601]]}},
{"type":"Feature","properties":{"WTR_NAME":"Snoqualmie River"},"geometry":{"type":"LineString","coordinates":[[-121.963474885433996,47.764387346948702],[-121.963687494718002,47.7643492657675],[-121.963750027843005,47.764328740775397],[-121.964138000909003,47.764201403957102],[-121.964461338590993,47.764073922014497],[-121.964727762457997,47.763937441362401],[-121.965036295312004,47.763781422165103],[-121.965302507708003,47.7636353856482],[-121.965521906359001,47.763497539850498],[-121.965596237797001,47.763450831156398],[-121.965671135167995,47.763398822174203]]}},
{"type":"Feature","properties":{"WTR_NAME":"Snoqualmie River"},"geometry":{"type":"LineString","coordinates":[[-121.914403213734005,47.596441051265202],[-121.914737928777001,47.596127216912599],[-121.915274503345003,47.595549652118599]]}},
{"type":"Feature","properties":{"WTR_NAME":"Snoqualmie River"},"geometry":{"type":"LineString","coordinates":[[-121.919540618091006,47.669886225137802],[-121.920580343348007,47.669237691089101],[-121.921565066815006,47.6687198781039]]}},
{"type":"Feature","properties":{"WTR_NAME":"Tolt River"},"geometry":{"type":"LineString","coordinates":[[-121.827469603772997,47.694903546309298],[-121.827203547698005,47.694962236085303],[-121.827176557694997,47.694968189605802],[-121.827156685375002,47.694973114087098],[-121.826604586602002,47.695109897220902],[-121.826444733279004,47.695138361755397],[-121.826320943645001,47.695160403321601],[-121.826189891572,47.6951763256859],[-121.825807016468005,47.6952465413532],[-121.825027085767999,47.695390050664599],[-121.824915016332,47.6954094727949]]}},
{"type":"Feature","properties":{"WTR_NAME":"Snoqualmie River"},"geometry":{"type":"LineString","coordinates":[[-121.952856888148006,47.688270039414597],[-121.952342145618999,47.688312942503202],[-121.950684427899006,47.6883631016794],[-121.950198455264996,47.688380195134997]]}},
{"type":"Feature","properties":{"WTR_NAME":"Snoqualmie River"},"geometry":{"type":"LineString","coordinates":[[-122.024150528315005,47.818517643728903],[-122.022245449683993,47.8184145870311],[-122.021486226446996,47.818394343176202]]}},
{"type":"Feature","properties":{"WTR_NAME":"Snoqualmie River"},"geometry":{"type":"LineString","coordinates":[[-121.988174756164995,47.6972438173337],[-121.988212683986006,47.697231583474398],[-121.988643317208997,47.697089403437602],[-121.989009977932,47.696939258229101],[-121.989261454274001,47.696773051179697],[-121.989462479609003,47.696633198961599],[-121.989582180151999,47.696446804512]]}},
{"type":"Feature","properties":{"WTR_NAME":"Snoqualmie River"},"geometry":{"type":"LineString","coordinates":[[-121.918348543617,47.671450790509702],[-121.918424279646999,47.6711669158883],[-121.918723996303001,47.670603004739],[-121.919083093964005,47.670205764695297],[-121.919255836524997,47.6700638553395],[-121.919540618091006,47.669886225137802]]}},
{"type":"Feature","properties":{"WTR_NAME":"Snoqualmie River"},"geometry":{"type":"LineString","coordinates":[[-121.845733383416999,47.550556589729901],[-121.844963959108995,47.550163038998399],[-121.844662930935996,47.550009064503698],[-121.844290967695002,47.549727486158602],[-121.844286993843994,47.549724478442897],[-121.844077278818006,47.549522005122],[-121.843994714182003,47.549426071086003]]}},
{"type":"Feature","properties":{"WTR_NAME":"Snoqualmie River"},"geometry":{"type":"LineString","coordinates":[[-121.987924522194007,47.743476277581202],[-121.987994157285002,47.743294738743998]]}},
{"type":"Feature","properties":{"WTR_NAME":"Tolt River"},"geometry":{"type":"LineString","coordinates":[[-121.878782863156999,47.649333194752899],[-121.878770980073,47.649353013204902],[-121.878721249704995,47.6494956468132],[-121.878536089888996,47.649782917583501],[-121.878427378050006,47.649933822833901],[-121.878017496325,47.650137882176502],[-121.877877000493001,47.650197118822099],[-121.877725725009,47.650276610569499],[-121.877598636271998,47.650347172986798],[-121.877492563969994,47.650389804103597],[-121.877375762811994,47.650422403098403],[-121.877183817120994,47.650426757750203]]}},
{"type":"Feature","properties":{"WTR_NAME":"Snoqualmie River"},"geometry":{"type":"LineString","coordinates":[[-121.983705764678007,47.754139420494297],[-121.983880269343004,47.754201791456801],[-121.984094797186998,47.754316325393198],[-121.984280670402001,47.7545040874123],[-121.984305849620995,47.754570556233297],[-121.984386366433,47.754783098679802],[-121.984496155865003,47.755441341847302],[-121.984524706458004,47.755618437940598],[-121.984545004153006,47.755744306180503]]}},
{"type":"Feature","properties":{"WTR_NAME":"Snoqualmie River"},"geometry":{"type":"LineString","coordinates":[[-121.967274765914993,47.692262792475098],[-121.966829934558007,47.692259861843702],[-121.966787845949995,47.692257802208204],[-121.966239693023994,47.692230990508897]]}},
{"type":"Feature","properties":{"WTR_NAME":"Snoqualmie River"},"geometry":{"type":"LineString","coordinates":[[-121.915274503345003,47.595549652118599],[-121.915922747633005,47.595239502763903],[-121.916160356741997,47.595133422512099]]}},
{"type":"Feature","properties":{"WTR_NAME":"Snoqualmie River"},"geometry":{"type":"LineString","coordinates":[[-121.986731105524996,47.757978670996899],[-121.986731286289,47.757978641284502],[-121.987020366560003,47.757861860856103],[-121.987233598596006,47.757722586541199],[-121.987311118353006,47.757662241933502]]}},
{"type":"Feature","properties":{"WTR_NAME":"Tolt River"},"geometry":{"type":"LineString","coordinates":[[-121.852222830518002,47.678072315466402],[-121.852174106405997,47.678063963797598],[-121.851888836935998,47.677900552996498],[-121.851606363483995,47.677725715170602],[-121.851399906517003,47.677520628665697],[-121.851339353414005,47.677472855898799],[-121.851209960199,47.677370768377401]]}},
{"type":"Feature","properties":{"WTR_NAME":"Snoqualmie River"},"geometry":{"type":"LineString","coordinates":[[-121.93636665951,47.6767536682055],[-121.936220086695002,47.676562581870797],[-121.935917443774997,47.676326803320599],[-121.935117538937007,47.675741991916503]]}},
{"type":"Feature","properties":{"WTR_NAME":"Snoqualmie River"},"geometry":{"type":"LineString","coordinates":[[-121.919539541285999,47.587866924777899],[-121.919411149531001,47.587462384936799],[-121.919284798044004,47.587139879442098],[-121.919084579059998,47.586628830177503],[-121.918904710838007,47.586342942152903],[-121.918720331158994,47.586171998883898]]}},
{"type":"Feature","properties":{"WTR_NAME":"Snoqualmie River"},"geometry":{"type":"LineString","coordinates":[[-121.805218695172996,47.528950860572998],[-121.804879211512997,47.528203643287],[-121.804867106274003,47.528154492361097],[-121.804737948926999,47.5278338017159],[-121.804501455506994,47.5274186777933],[-121.804243118143006,47.527230123200603],[-121.804162517099996,47.527171289630502],[-121.803822682388997,47.526876232349501],[-121.803556560169994,47.526759320287098],[-121.803041689940997,47.526513427535299],[-121.802971612473002,47.526471178420799],[-121.802632387402994,47.526266635472197],[-121.802329529169,47.526066606332598],[-121.802026678518999,47.525866573642404],[-121.801775722095996,47.525618428341303],[-121.801384907070002,47.525419143777398],[-121.801090592334006,47.525307448649599],[-121.800924165940998,47.525244293145199],[-121.800517528860993,47.525140491932],[-121.800256302568997,47.525100703952198],[-121.800158337026005,47.525085784590999],[-121.800146975757997,47.5250840525743],[-121.799935858908995,47.5250858489756],[-121.799602693009007,47.5251482764467],[-121.799455519316993,47.525219156353103],[-121.799375970368999,47.525257468238998],[-121.799281374025,47.525283041435799],[-121.798920756279003,47.525380522965399],[-121.798642962623006,47.525428184676599],[-121.798482250701994,47.525455758158799],[-121.798474795432,47.525456268548702],[-121.798113872618003,47.525480804448797],[-121.797632446319994,47.525513533848702],[-121.797530678895995,47.525520448573502],[-121.797480541951003,47.525523857737198],[-121.797464696784004,47.5255237475386],[-121.796742598844006,47.525518758847397],[-121.796706221416002,47.525518507825403],[-121.796648516627002,47.525510879062999],[-121.796564985480003,47.525499838824501],[-121.796051169658995,47.525431923000298]]}},
{"type":"Feature","properties":{"WTR_NAME":"Snoqualmie River"},"geometry":{"type":"LineString","coordinates":[[-121.865953844171997,47.553394299345399],[-121.865839480930006,47.553377446774903],[-121.864759179762004,47.553218242937398]]}},
{"type":"Feature","properties":{"WTR_NAME":"Snoqualmie River"},"geometry":{"type":"LineString","coordinates":[[-121.877131746735998,47.567592430958598],[-121.876746333062997,47.567568855130098],[-121.876252506710998,47.567538643629099],[-121.875406558459005,47.5674791427843],[-121.874486586336005,47.567411359698298]]}},
{"type":"Feature","properties":{"WTR_NAME":"Snoqualmie River"},"geometry":{"type":"LineString","coordinates":[[-121.903431683056994,47.577794334124498],[-121.903429176431999,47.577792097205801],[-121.903262237703004,47.577672032417198],[-121.902934046601999,47.5774359657674],[-121.902694876384999,47.5771702853568]]}},
{"type":"Feature","properties":{"WTR_NAME":"Snoqualmie River"},"geometry":{"type":"LineString","coordinates":[[-121.971563258795996,47.760155078651501],[-121.971751746612995,47.759986869263003],[-121.971897247474999,47.759857015291097],[-121.972139924822002,47.759705167649201],[-121.972413691521993,47.759533859080399],[-121.972787447475994,47.759320387244202],[-121.973037563817002,47.759177536918102],[-121.973510424577,47.758937897723499]]}},
{"type":"Feature","properties":{"WTR_NAME":"Snoqualmie River"},"geometry":{"type":"LineString","coordinates":[[-122.014834283431,47.816293592962701],[-122.014661480653999,47.8155998373703],[-122.014602470458996,47.815354892033]]}},
{"type":"Feature","properties":{"WTR_NAME":"Tolt River"},"geometry":{"type":"LineString","coordinates":[[-121.856569499106996,47.6704742956356],[-121.856521525963998,47.670493011835902],[-121.856381228805006,47.670547748830003],[-121.856175547711999,47.670658798530503],[-121.856004603488998,47.670753715374502]]}},
{"type":"Feature","properties":{"WTR_NAME":"Snoqualmie River"},"geometry":{"type":"LineString","coordinates":[[-121.987237155930003,47.699916419822799],[-121.986940206618996,47.699682077629902],[-121.986564340103001,47.699418863754197],[-121.986317569158999,47.699223250947703],[-121.986052315616007,47.698769416861403],[-121.986060100375994,47.698545392553399]]}},
{"type":"Feature","properties":{"WTR_NAME":"Snoqualmie River"},"geometry":{"type":"LineString","coordinates":[[-121.873710002,47.554234778015399],[-121.873597812255994,47.554236099811298],[-121.873488476109998,47.554236062296098]]}},
{"type":"Feature","properties":{"WTR_NAME":"Snoqualmie River"},"geometry":{"type":"LineString","coordinates":[[-121.926953048369995,47.662472708003001],[-121.927009050294004,47.662383477007701],[-121.927182565690998,47.662118991718799],[-121.927299550014993,47.661809156139498],[-121.927397572554995,47.661478647027302],[-121.927426448096995,47.661090397546602],[-121.927402049972997,47.660899783828]]}},
{"type":"Feature","properties":{"WTR_NAME":"Snoqualmie River"},"geometry":{"type":"LineString","coordinates":[[-121.971129034604999,47.760729780459997],[-121.971198931849003,47.760591084972802],[-121.971328597262996,47.760364493237198],[-121.971563258795996,47.760155078651501]]}},
{"type":"Feature","properties":{"WTR_NAME":"Snoqualmie River"},"geometry":{"type":"LineString","coordinates":[[-121.989099460581997,47.713115898518197],[-121.988867953790006,47.712551786176903],[-121.988807080453,47.712098292611699],[-121.988886204508006,47.711660512765697],[-121.988911828715999,47.711344276959998]]}},
{"type":"Feature","properties":{"WTR_NAME":"Snoqualmie River"},"geometry":{"type":"LineString","coordinates":[[-121.923552505866994,47.667526015240902],[-121.923579299715996,47.667508528402301],[-121.924093759303005,47.666975552329802],[-121.924404883445007,47.666620912243303],[-121.924633437981996,47.6663603917114],[-121.924889916528997,47.665975487426202]]}},
{"type":"Feature","properties":{"WTR_NAME":"Snoqualmie River"},"geometry":{"type":"LineString","coordinates":[[-121.929342351783006,47.627631656038901],[-121.929293345190004,47.627623873810997],[-121.929014500367998,47.627621962466002],[-121.928749063729001,47.627610726437403],[-121.928593759964002,47.627662786889999],[-121.928581895549996,47.627666939925298],[-121.928499419353003,47.6276958176066],[-121.928283244225995,47.627771501954797],[-121.927973210774994,47.627903197152598],[-121.927185976716999,47.628301504124103],[-121.927046671151999,47.628392450891297]]}},
{"type":"Feature","properties":{"WTR_NAME":"Tolt River"},"geometry":{"type":"LineString","coordinates":[[-121.845793477116999,47.676859314476403],[-121.845751963072999,47.676932170610499],[-121.845709289471003,47.676994529819801],[-121.845669897552995,47.677076376588303],[-121.845614635287006,47.677191213652499]]}},
{"type":"Feature","properties":{"WTR_NAME":"Snoqualmie River"},"geometry":{"type":"LineString","coordinates":[[-121.918057865937996,47.593897271067199],[-121.918404418638005,47.593589925991701],[-121.918699714387003,47.593401213631303],[-121.918910483440996,47.5932587503478],[-121.918988537146006,47.5932179729136],[-121.919127954139,47.593145140686701],[-121.919376383805997,47.593051886375797],[-121.919759389717001,47.592969742707197],[-121.920146821752994,47.592854697526199]]}},
{"type":"Feature","properties":{"WTR_NAME":"Tolt River"},"geometry":{"type":"LineString","coordinates":[[-121.834538786004003,47.693211559772898],[-121.834531221256995,47.693253459764499]]}},
{"type":"Feature","properties":{"WTR_NAME":"Snoqualmie River"},"geometry":{"type":"LineString","coordinates":[[-121.916915635410007,47.624891618588798],[-121.916916459871999,47.624825031429801]]}},
{"type":"Feature","properties":{"WTR_NAME":"Snoqualmie River"},"geometry":{"type":"LineString","coordinates":[[-121.964668737889994,47.6897536884725],[-121.964875483843002,47.689517329488403],[-121.965173233716001,47.689146716138602],[-121.965310864016004,47.6889590057513],[-121.965348500747993,47.688847720517799],[-121.965380938349,47.688751814040103],[-121.965450681784006,47.6885295224224],[-121.965446293251006,47.688328109519297],[-121.965388936463995,47.6880919701225],[-121.965383856253993,47.688080022628]]}},
{"type":"Feature","properties":{"WTR_NAME":"Snoqualmie River"},"geometry":{"type":"LineString","coordinates":[[-121.873488476109998,47.554236062296098],[-121.872411183766005,47.554390254566599],[-121.871078095895001,47.5543368197172]]}},
{"type":"Feature","properties":{"WTR_NAME":"Snoqualmie River"},"geometry":{"type":"LineString","coordinates":[[-122.010552834612994,47.812603092446899],[-122.010060411881994,47.812426866760703]]}},
{"type":"Feature","properties":{"WTR_NAME":"Snoqualmie River"},"geometry":{"type":"LineString","coordinates":[[-121.925163533347003,47.608245139471002],[-121.925560690588,47.608060925905598],[-121.925702152445993,47.607984939549603]]}},
{"type":"Feature","properties":{"WTR_NAME":"Snoqualmie River"},"geometry":{"type":"LineString","coordinates":[[-121.923146270865004,47.590825292966699],[-121.922790745900997,47.590604067656201],[-121.922291538767993,47.590329121697003],[-121.922091981514001,47.5901888004515],[-121.921882074142999,47.590079274285998],[-121.921721614787003,47.589998191725897],[-121.921512311995997,47.589917577112402],[-121.921455527896995,47.5899000749029],[-121.921174290286004,47.589813407620802],[-121.920928443503001,47.5897372711608],[-121.920864467594001,47.589713340137997],[-121.920752259919993,47.589685051409298],[-121.920444845844997,47.589530622035099]]}},
{"type":"Feature","properties":{"WTR_NAME":"Snoqualmie River"},"geometry":{"type":"LineString","coordinates":[[-122.002549578127002,47.803292689787703],[-122.00248167849,47.803191767400101],[-122.002101840883995,47.802634963949302],[-122.001358184240004,47.802118209884398],[-122.000990855276996,47.801980337202501]]}},
{"type":"Feature","properties":{"WTR_NAME":"Snoqualmie River"},"geometry":{"type":"LineString","coordinates":[[-121.995146835087994,47.708183498789502],[-121.995280110611006,47.708056864813898],[-121.995455873184994,47.707969392490199],[-121.995669711516996,47.707881530802602],[-121.995958924042,47.707758625936101],[-121.996500820942003,47.707581733138397],[-121.997027284902998,47.707426882783203],[-121.997401862076003,47.707260452181302]]}},
{"type":"Feature","properties":{"WTR_NAME":"Snoqualmie River"},"geometry":{"type":"LineString","coordinates":[[-121.880884950305003,47.5569145121422],[-121.880674313217995,47.556226001332]]}},
{"type":"Feature","properties":{"WTR_NAME":"Snoqualmie River"},"geometry":{"type":"LineString","coordinates":[[-121.881445028063993,47.568208425029901],[-121.880546922023001,47.5680696501488],[-121.879735183351002,47.567945413838302]]}},
{"type":"Feature","properties":{"WTR_NAME":"Snoqualmie River"},"geometry":{"type":"LineString","coordinates":[[-121.973775051575998,47.685355843637403],[-121.973549087986001,47.6852552323003],[-121.973312901143998,47.685178421003698],[-121.973274187331995,47.685170854596898],[-121.973047949196001,47.6851266385831],[-121.972761449784997,47.685094864334701],[-121.972519348448998,47.685082440680397],[-121.972343835635996,47.685099039175498],[-121.972138394002997,47.685129747924002],[-121.972095492199998,47.685136162138797],[-121.971906787093999,47.685164497564202],[-121.971883670815004,47.685167969539698],[-121.971526188677004,47.685240819933298],[-121.971241683317999,47.685306411709099]]}},
{"type":"Feature","properties":{"WTR_NAME":"Snoqualmie River"},"geometry":{"type":"LineString","coordinates":[[-121.926100934304998,47.603284462527299],[-121.926367862796994,47.602765164725596],[-121.926776937328,47.602361152832501],[-121.927323179536998,47.601861681361797],[-121.927418237889,47.601739716904703]]}},
{"type":"Feature","properties":{"WTR_NAME":"Tolt River"},"geometry":{"type":"LineString","coordinates":[[-121.881614525177,47.646172933847502],[-121.881634254578003,47.646539587126],[-121.881362930578007,47.646754052748001],[-121.880865370153003,47.646955183102001]]}},
{"type":"Feature","properties":{"WTR_NAME":"Snoqualmie River"},"geometry":{"type":"LineString","coordinates":[[-121.925922809501003,47.643947281652302],[-121.926270074298998,47.643164740981199]]}},
{"type":"Feature","properties":{"WTR_NAME":"Tolt River"},"geometry":{"type":"LineString","coordinates":[[-121.831319205835001,47.694075589259697],[-121.830952111965004,47.694092714716099],[-121.830613191463996,47.694114157497403],[-121.830312365229005,47.694124181402103],[-121.830110601407995,47.694162896125299],[-121.829911096448001,47.694199294289703]]}},
{"type":"Feature","properties":{"WTR_NAME":"Tolt River"},"geometry":{"type":"LineString","coordinates":[[-121.844762577262003,47.681531958137597],[-121.844440826603005,47.6817685707774],[-121.844428506720007,47.681775068431001]]}},
{"type":"Feature","properties":{"WTR_NAME":"Tolt River"},"geometry":{"type":"LineString","coordinates":[[-121.893442908455995,47.643515697104696],[-121.893272457205995,47.643513444728399],[-121.892882789281998,47.6433066750199],[-121.892577698330001,47.6430561929918]]}},
{"type":"Feature","properties":{"WTR_NAME":"Tolt River"},"geometry":{"type":"LineString","coordinates":[[-121.874767688999,47.6518662261552],[-121.874599558819995,47.652068724901],[-121.874597352880002,47.652071381558201],[-121.874542087055005,47.652133472364298]]}},
{"type":"Feature","properties":{"WTR_NAME":"Snoqualmie River"},"geometry":{"type":"LineString","coordinates":[[-121.925702152445993,47.607984939549603],[-121.925742478542006,47.607963278582801],[-121.926457564599005,47.607579146602497],[-121.927096073089999,47.607134893073003],[-121.927185536918998,47.606979663281003],[-121.927378969697997,47.6066440490292]]}},
{"type":"Feature","properties":{"WTR_NAME":"Snoqualmie River"},"geometry":{"type":"LineString","coordinates":[[-121.927402049972997,47.660899783828],[-121.927374715433999,47.660686235192699],[-121.926943943994999,47.659554722287602]]}},
{"type":"Feature","properties":{"WTR_NAME":"Snoqualmie River"},"geometry":{"type":"LineString","coordinates":[[-121.783094711881006,47.524261543553997],[-121.783063771217996,47.524022254704597],[-121.783022027960996,47.523824515295502],[-121.783063778439995,47.523324647972302],[-121.783057531037002,47.522981762544902],[-121.782927551949001,47.522826260336501],[-121.782812638004003,47.522700081909299]]}},
{"type":"Feature","properties":{"WTR_NAME":"Snoqualmie River"},"geometry":{"type":"LineString","coordinates":[[-121.934589387721005,47.675427754068899],[-121.934038328461995,47.675099878824],[-121.933705647150006,47.674854933420903],[-121.933332813345004,47.674599584910602],[-121.933072698814001,47.674386306568501],[-121.932884684474004,47.674183118979997],[-121.932836920330999,47.674092881515698]]}},
{"type":"Feature","properties":{"WTR_NAME":"Snoqualmie River"},"geometry":{"type":"LineString","coordinates":[[-121.991028209348997,47.711334727743598],[-121.991842418835006,47.711651479449898],[-121.992533105226997,47.711811992443998],[-121.993514882990993,47.711922752082998]]}},
{"type":"Feature","properties":{"WTR_NAME":"Snoqualmie River"},"geometry":{"type":"LineString","coordinates":[[-122.000990855276996,47.801980337202501],[-122.000952692876993,47.801965983116801]]}},
{"type":"Feature","properties":{"WTR_NAME":"Snoqualmie River"},"geometry":{"type":"LineString","coordinates":[[-121.959755632688001,47.689205354099201],[-121.959700986626999,47.6892086404644],[-121.959367792121,47.6892696181636]]}},
{"type":"Feature","properties":{"WTR_NAME":"Snoqualmie River"},"geometry":{"type":"LineString","coordinates":[[-121.925932091369006,47.664320752267599],[-121.926489975267003,47.663358777003403],[-121.926764075818994,47.662773802698602],[-121.926851747561997,47.662634111981902]]}},
{"type":"Feature","properties":{"WTR_NAME":"Snoqualmie River"},"geometry":{"type":"LineString","coordinates":[[-121.966239693023994,47.692230990508897],[-121.966187725547002,47.692228448650702],[-121.965788676073998,47.692139792260299],[-121.965139303092002,47.692039954008699],[-121.964711136399004,47.691903188212898],[-121.964327171311993,47.691740797118698],[-121.964085672937998,47.691612247627397],[-121.963963277256994,47.691472444109699],[-121.963957855591005,47.691437826345599]]}},
{"type":"Feature","properties":{"WTR_NAME":"Tolt River"},"geometry":{"type":"LineString","coordinates":[[-121.848081866076001,47.676089097734597],[-121.847825631263007,47.6760999554444],[-121.847788484796993,47.676106127622397],[-121.847520231222006,47.6761507082633],[-121.846083510187995,47.676572891081399]]}},
{"type":"Feature","properties":{"WTR_NAME":"Tolt River"},"geometry":{"type":"LineString","coordinates":[[-121.853809961108993,47.677394964248499],[-121.853741315172002,47.677503375911201],[-121.853639327482995,47.677604060629498],[-121.853531663200002,47.677693705968402],[-121.853520885611999,47.677701180281304],[-121.853408019474998,47.677805669081799],[-121.853120624076993,47.677937571064298],[-121.852857681629999,47.678011036066103]]}},
{"type":"Feature","properties":{"WTR_NAME":"Snoqualmie River"},"geometry":{"type":"LineString","coordinates":[[-121.963957855591005,47.691437826345599],[-121.963928628594005,47.6912511864045],[-121.963947001093999,47.6910094915863],[-121.963927706986993,47.690912569546299]]}},
{"type":"Feature","properties":{"WTR_NAME":"Snoqualmie River"},"geometry":{"type":"LineString","coordinates":[[-122.003833095697004,47.715188230184403],[-122.003693473254003,47.715076722849503],[-122.003636422542996,47.715010902757598],[-122.003495622501006,47.714848453871397],[-122.003341497508003,47.714600771842498],[-122.003340468578998,47.714597284099199],[-122.003302386190001,47.714468409526603],[-122.003149969274006,47.714118298283402],[-122.002907836749998,47.713706242978603],[-122.002822531321996,47.7135396052118]]}},
{"type":"Feature","properties":{"WTR_NAME":"Snoqualmie River"},"geometry":{"type":"LineString","coordinates":[[-122.005651394647003,47.721464843478302],[-122.005464308010005,47.721619102390299],[-122.005023991920993,47.721844791203097],[-122.004716004741994,47.721976115918302],[-122.004381330043003,47.722041934272198],[-122.004297745130003,47.722042793466699],[-122.004078855613997,47.722045040852102],[-122.003783120232995,47.721974355888598],[-122.003511568882004,47.721858055650003],[-122.003509604623005,47.721856371182902],[-122.003408463518994,47.721769563774799]]}},
{"type":"Feature","properties":{"WTR_NAME":"Snoqualmie River"},"geometry":{"type":"LineString","coordinates":[[-122.007978049048006,47.811313520319899],[-122.007655118768994,47.811092560937503],[-122.006485816329004,47.8103002099393],[-122.006146783366006,47.810007283684698]]}},
{"type":"Feature","properties":{"WTR_NAME":"Snoqualmie River"},"geometry":{"type":"LineString","coordinates":[[-122.014602470458996,47.815354892033],[-122.014483940171004,47.814864997545598],[-122.014296364507999,47.814537973785697]]}},
{"type":"Feature","properties":{"WTR_NAME":"Snoqualmie River"},"geometry":{"type":"LineString","coordinates":[[-121.987380312184001,47.7531866314838],[-121.987420129914995,47.752347724883997]]}},
{"type":"Feature","properties":{"WTR_NAME":"Tolt River"},"geometry":{"type":"LineString","coordinates":[[-121.850446123135001,47.676749248469001],[-121.850272129491998,47.6766471955331],[-121.850089065513998,47.676519497186099],[-121.849961593434003,47.676435642275003],[-121.849812522804001,47.676366769714903],[-121.849630634215004,47.676298184293799],[-121.849384649919003,47.676216656782202],[-121.849326648005004,47.6761974269753],[-121.848854472111,47.676112952428802],[-121.848566472741993,47.6760909703289],[-121.848411749533994,47.6760791556895],[-121.848377765589007,47.676076561112602],[-121.848081866076001,47.676089097734597]]}},
{"type":"Feature","properties":{"WTR_NAME":"Snoqualmie River"},"geometry":{"type":"LineString","coordinates":[[-121.964584823573006,47.772355418665903],[-121.964368183751006,47.771669167800603],[-121.964178423649003,47.771446674230901],[-121.964013292060002,47.771373144628797],[-121.963453416107996,47.771188647705401],[-121.963443666540002,47.771185971887597],[-121.963059141523999,47.771080507231801]]}},
{"type":"Feature","properties":{"WTR_NAME":"Tolt River"},"geometry":{"type":"LineString","coordinates":[[-121.874824320818007,47.650416174822404],[-121.874665069507003,47.650614754274699],[-121.874676846452004,47.650885275694002],[-121.874681724953007,47.650895490092601],[-121.874785091657003,47.651151691991601],[-121.874803951998999,47.651301538497101],[-121.874827954753002,47.6514441930969],[-121.874804676506997,47.651601569832501],[-121.874767688999,47.6518662261552]]}},
{"type":"Feature","properties":{"WTR_NAME":"Snoqualmie River"},"geometry":{"type":"LineString","coordinates":[[-121.961051475551997,47.687967415961303],[-121.960993926822994,47.6880116522617],[-121.960679056436007,47.688281696131398],[-121.960489643455006,47.688490063343203],[-121.960314600426997,47.688673103049403],[-121.960115859208997,47.688967175624903],[-121.959755632688001,47.689205354099201]]}},
{"type":"Feature","properties":{"WTR_NAME":"Tolt River"},"geometry":{"type":"LineString","coordinates":[[-121.892577698330001,47.6430561929918],[-121.892232082418005,47.642866852414102],[-121.891963933810999,47.642679181534199],[-121.891773090586,47.642519601339202],[-121.891510961183997,47.642332497738202]]}},
{"type":"Feature","properties":{"WTR_NAME":"Snoqualmie River"},"geometry":{"type":"LineString","coordinates":[[-121.999516840118005,47.729053910133601],[-121.999582103204006,47.729045716390303],[-121.999815136172003,47.728984663741102],[-122.000349983080994,47.728918247864499],[-122.000614499191997,47.728881258749603],[-122.000680297214004,47.728881337331899],[-122.000884253782999,47.728881582132402]]}},
{"type":"Feature","properties":{"WTR_NAME":"Snoqualmie River"},"geometry":{"type":"LineString","coordinates":[[-122.004769209068002,47.718375283010801],[-122.004801568432001,47.718314055480498],[-122.005081390347996,47.717921561890897],[-122.005159798852006,47.717820261598298],[-122.005252807968006,47.717700099009399],[-122.005271762936999,47.7176454102054],[-122.005303796790002,47.7175529728055],[-122.005335620384002,47.717461146543101],[-122.005280205247999,47.716722441800897]]}},
{"type":"Feature","properties":{"WTR_NAME":"Snoqualmie River"},"geometry":{"type":"LineString","coordinates":[[-121.994249401759006,47.703971777079701],[-121.994143092244997,47.703758654843902],[-121.994059866857995,47.703442476867998],[-121.994151623589005,47.703004567561003],[-121.994259946577998,47.702698481128898],[-121.994376260162994,47.702369817583602]]}},
{"type":"Feature","properties":{"WTR_NAME":"Snoqualmie River"},"geometry":{"type":"LineString","coordinates":[[-121.926518788592006,47.642338482017898],[-121.926583497026996,47.642123504347097]]}},
{"type":"Feature","properties":{"WTR_NAME":"Snoqualmie River"},"geometry":{"type":"LineString","coordinates":[[-121.850537361798004,47.550770976526003],[-121.850327988781999,47.550664406156997],[-121.849691756767996,47.550400741319997],[-121.849002656547,47.550239717843802],[-121.848191200442002,47.550135508677002],[-121.848096546194,47.550131611520399]]}},
{"type":"Feature","properties":{"WTR_NAME":"Tolt River"},"geometry":{"type":"LineString","coordinates":[[-121.889023002778998,47.642066269956103],[-121.888980196625994,47.642072840236899],[-121.888502450540003,47.642224273565802],[-121.888275729027995,47.642334689241899],[-121.888074810804994,47.642433876896199],[-121.887924352617006,47.6425081550735],[-121.887528789838996,47.642644283208298],[-121.886669481243999,47.642888193397901]]}},
{"type":"Feature","properties":{"WTR_NAME":"Snoqualmie River"},"geometry":{"type":"LineString","coordinates":[[-121.959367792121,47.6892696181636],[-121.959229929429995,47.689294848369201],[-121.958814856813007,47.6892727043683],[-121.958411229283001,47.689180461477797],[-121.958044944069997,47.689017868759599],[-121.957740965903,47.6887409334024],[-121.957324356485998,47.688336139746397]]}},
{"type":"Feature","properties":{"WTR_NAME":"Snoqualmie River"},"geometry":{"type":"LineString","coordinates":[[-121.986713118194004,47.689752947160301],[-121.986539600952995,47.689380811969698],[-121.986057473849002,47.689178204420699],[-121.985369269917996,47.6890807739669]]}},
{"type":"Feature","properties":{"WTR_NAME":"Tolt River"},"geometry":{"type":"LineString","coordinates":[[-121.833407047229002,47.688844658979598],[-121.833106747518002,47.689001740604702],[-121.832927600020994,47.689144556766102],[-121.832793795086005,47.689280833150598]]}},
{"type":"Feature","properties":{"WTR_NAME":"Snoqualmie River"},"geometry":{"type":"LineString","coordinates":[[-121.960666760804003,47.768612009429503],[-121.960695667769997,47.768527464319597]]}},
{"type":"Feature","properties":{"WTR_NAME":"Snoqualmie River"},"geometry":{"type":"LineString","coordinates":[[-122.006146783366006,47.810007283684698],[-122.005525310791995,47.809470319100598],[-122.004988743747006,47.808915562001701],[-122.004685969573998,47.8085080919342]]}},
{"type":"Feature","properties":{"WTR_NAME":"Snoqualmie River"},"geometry":{"type":"LineString","coordinates":[[-121.991217331906,47.738065404775199],[-121.991218478392,47.7380470975124]]}},
{"type":"Feature","properties":{"WTR_NAME":"Snoqualmie River"},"geometry":{"type":"LineString","coordinates":[[-121.843845201763003,47.549146899169102],[-121.843821553919994,47.549069163709497],[-121.843773950235999,47.548815253461001]]}},
{"type":"Feature","properties":{"WTR_NAME":"Tolt River"},"geometry":{"type":"LineString","coordinates":[[-121.872065034263997,47.652547250897797],[-121.872006192930996,47.652555817552901],[-121.871703996093004,47.652776457158403],[-121.871587424767,47.6530275517162]]}},
{"type":"Feature","properties":{"WTR_NAME":"Snoqualmie River"},"geometry":{"type":"LineString","coordinates":[[-122.003868175944007,47.806807012504201],[-122.003830778600999,47.8066841562419],[-122.003596572277999,47.805774660768101],[-122.003380037140005,47.805038951523599]]}},
{"type":"Feature","properties":{"WTR_NAME":"Snoqualmie River"},"geometry":{"type":"LineString","coordinates":[[-121.860997942794,47.554196261938102],[-121.860635134445005,47.5543017562768],[-121.860359992327005,47.554362509675599],[-121.859504690009999,47.554551364554101],[-121.858595813457995,47.554710768310599],[-121.858463651036004,47.554729904730799]]}},
{"type":"Feature","properties":{"WTR_NAME":"Tolt River"},"geometry":{"type":"LineString","coordinates":[[-121.910026183381007,47.637808695906898],[-121.909786548119001,47.637898011500603],[-121.90943015341,47.638062730003398],[-121.909270218706993,47.638162206903303],[-121.909043035440007,47.638308416879802],[-121.908874528406997,47.638490992193198],[-121.908768205848006,47.638714486643103],[-121.908712053916005,47.638868118734699],[-121.908703831032994,47.638992136444003],[-121.908696441103004,47.639128762111802]]}},
{"type":"Feature","properties":{"WTR_NAME":"Snoqualmie River"},"geometry":{"type":"LineString","coordinates":[[-121.968358619691003,47.781033351551102],[-121.968033066263999,47.780861675383498],[-121.967603921104995,47.780676157457499],[-121.967173073698007,47.780459210071101],[-121.966642323442002,47.780207784481]]}},
{"type":"Feature","properties":{"WTR_NAME":"Tolt River"},"geometry":{"type":"LineString","coordinates":[[-121.834473261911995,47.693417728382599],[-121.834456879586995,47.6934599594803],[-121.834279726098003,47.6937071591177],[-121.833992729417005,47.693918474417998],[-121.833686005006996,47.694050128764303],[-121.833405354956994,47.694118916084904],[-121.832860166084004,47.694148262186197],[-121.832556122358,47.694110970007998]]}},
{"type":"Feature","properties":{"WTR_NAME":"Snoqualmie River"},"geometry":{"type":"LineString","coordinates":[[-121.777741582610005,47.521003996749499],[-121.777754272573006,47.520595718157601],[-121.777639822785005,47.520191164431999],[-121.777355103307002,47.520002969718703],[-121.777141509738996,47.519938636262303],[-121.776905457930994,47.519901700789198],[-121.775072293170993,47.520118452135598]]}},
{"type":"Feature","properties":{"WTR_NAME":"Snoqualmie River"},"geometry":{"type":"LineString","coordinates":[[-121.835734567131993,47.540516374118802],[-121.834081518326997,47.539730008723197],[-121.833522886793006,47.539520746262802],[-121.832991815941,47.539317188039597],[-121.832540192235996,47.539246790854598],[-121.832034090704994,47.539199183098702],[-121.831573337387994,47.539225542930097],[-121.831134682756996,47.539259140435703],[-121.830707011401003,47.539292645244998],[-121.830201053267004,47.539252460756202],[-121.829671992513994,47.5391529863738],[-121.829109005297994,47.539001746615497],[-121.828589369352997,47.538820380237098],[-121.828101546900996,47.538579234748198],[-121.827892984133001,47.5383596334785],[-121.827831684676994,47.538249913961501],[-121.827675124180004,47.538102548636701],[-121.827551219262006,47.5379400230592],[-121.827469252236995,47.537673013662598],[-121.827484261603004,47.537308480711403],[-121.827563588453003,47.5368615770454],[-121.827554883309006,47.536326979178597]]}},
{"type":"Feature","properties":{"WTR_NAME":"Snoqualmie River"},"geometry":{"type":"LineString","coordinates":[[-121.932051959746005,47.6323448571207],[-121.932224590225005,47.632149312863802],[-121.932423775638995,47.6319968935099],[-121.932492290236993,47.631944462355897],[-121.932748813879996,47.631854642878203],[-121.933046422006996,47.631778218410901],[-121.933310035534006,47.631702120732399],[-121.933599683235997,47.631570606333199],[-121.933677201538998,47.631526366688199],[-121.933801267666993,47.631455576310898],[-121.934038651463993,47.631294922016302],[-121.934096299854005,47.631263516171501],[-121.934099017841007,47.631262036251897]]}},
{"type":"Feature","properties":{"WTR_NAME":"Snoqualmie River"},"geometry":{"type":"LineString","coordinates":[[-121.921495715271007,47.619979955141901],[-121.921702156916993,47.619966799194302],[-121.921876742734995,47.619982980677598],[-121.922168144352995,47.620030172816797],[-121.922444004198994,47.620091792027303],[-121.92274150726,47.620178195873002],[-121.923041143842994,47.620269036579501]]}},
{"type":"Feature","properties":{"WTR_NAME":"Snoqualmie River"},"geometry":{"type":"LineString","coordinates":[[-121.992505535117004,47.733930452302999],[-121.992511539605005,47.733908608152298],[-121.992513431150002,47.733901717384498],[-121.992680855374005,47.733122517409797],[-121.992801255787995,47.732777883607397]]}},
{"type":"Feature","properties":{"WTR_NAME":"Snoqualmie River"},"geometry":{"type":"LineString","coordinates":[[-121.931337805747006,47.634049504099799],[-121.931392676022,47.633814986036299],[-121.931449610094006,47.633290390694697],[-121.931546160093006,47.633032026094902],[-121.931872578764995,47.632548047466003],[-121.932051959746005,47.6323448571207]]}},
{"type":"Feature","properties":{"WTR_NAME":"Snoqualmie River"},"geometry":{"type":"LineString","coordinates":[[-121.925010194196005,47.629437738950202],[-121.924495548574001,47.629480109710499]]}},
{"type":"Feature","properties":{"WTR_NAME":"Snoqualmie River"},"geometry":{"type":"LineString","coordinates":[[-121.968901691827995,47.6922482979802],[-121.968866252442993,47.6922547004298],[-121.967963598620003,47.692259292321502],[-121.967274765914993,47.692262792475098]]}},
{"type":"Feature","properties":{"WTR_NAME":"Snoqualmie River"},"geometry":{"type":"LineString","coordinates":[[-121.947582138168002,47.688100594104199],[-121.947413579979994,47.688060305959802],[-121.946852029194005,47.687894110040702],[-121.946678868966004,47.687846271964297]]}},
{"type":"Feature","properties":{"WTR_NAME":"Snoqualmie River"},"geometry":{"type":"LineString","coordinates":[[-121.918720331158994,47.586171998883898],[-121.918569745558997,47.586032388143998],[-121.918376217005999,47.585905098414301],[-121.918197505780995,47.5857875528365],[-121.917924857062999,47.585685567768202],[-121.917691461497995,47.585642850059699],[-121.917517523857001,47.585611015207299],[-121.916993192416996,47.585485282879802],[-121.916402502517002,47.5854377138592]]}},
{"type":"Feature","properties":{"WTR_NAME":"Snoqualmie River"},"geometry":{"type":"LineString","coordinates":[[-121.994123977453995,47.731291244581499],[-121.994307318582997,47.7312312326004],[-121.995217877198996,47.730956214517498],[-121.995559668357004,47.7309051720204],[-121.995986373104003,47.730841444857298]]}},
{"type":"Feature","properties":{"WTR_NAME":"Snoqualmie River"},"geometry":{"type":"LineString","coordinates":[[-121.827554883309006,47.536326979178597],[-121.827612559372,47.536027991885497],[-121.827673441280993,47.535712369698203],[-121.827757222871995,47.534923334039902],[-121.827722209564001,47.534239454772603],[-121.827699597044997,47.534138763293903],[-121.827602199262998,47.533705052827997],[-121.827538903228003,47.533430968304302]]}},
{"type":"Feature","properties":{"WTR_NAME":"Snoqualmie River"},"geometry":{"type":"LineString","coordinates":[[-121.919141251127002,47.602610097636102],[-121.918817507637002,47.602790388108602],[-121.918605615594004,47.602948341490404],[-121.918337811594,47.603147977405598],[-121.918099187796997,47.6033855931339],[-121.917826258806997,47.603647066939502],[-121.917586650014002,47.603837624112302],[-121.917425788439999,47.6039744861651]]}},
{"type":"Feature","properties":{"WTR_NAME":"Snoqualmie River"},"geometry":{"type":"LineString","coordinates":[[-121.932677140056001,47.616157351093399],[-121.932420454335997,47.616115738124101],[-121.931530493614005,47.616079241464902],[-121.930585603886996,47.616073326103802],[-121.930026139796993,47.616048881379101]]}},
{"type":"Feature","properties":{"WTR_NAME":"Snoqualmie River"},"geometry":{"type":"LineString","coordinates":[[-121.880948274386995,47.558008834627699],[-121.880920270664006,47.557445039913098],[-121.880884950305003,47.5569145121422]]}},
{"type":"Feature","properties":{"WTR_NAME":"Snoqualmie River"},"geometry":{"type":"LineString","coordinates":[[-121.925127331121999,47.6578282802896],[-121.92456688787,47.657385730246702],[-121.924287531198999,47.657068295578298],[-121.924285959938999,47.657066508877499],[-121.924152854130995,47.656915254684399],[-121.924093237560001,47.6567782691871],[-121.923898517443007,47.656487039401597],[-121.923782139096005,47.656296114739]]}},
{"type":"Feature","properties":{"WTR_NAME":"Snoqualmie River"},"geometry":{"type":"LineString","coordinates":[[-121.981257563460005,47.754463492484099],[-121.981304722469005,47.754431955441902],[-121.981741002068006,47.754205836397098],[-121.982067272983002,47.754091687732398],[-121.982450998291995,47.754032393191302],[-121.982880916487005,47.7540076408863],[-121.983179622785997,47.754016299120899],[-121.983570649114,47.754091128394997],[-121.983705764678007,47.754139420494297]]}},
{"type":"Feature","properties":{"WTR_NAME":"Snoqualmie River"},"geometry":{"type":"LineString","coordinates":[[-121.931632603533004,47.611157213049502],[-121.931170235601002,47.611091287437901],[-121.930298028381998,47.610970605535698],[-121.930104591865998,47.610943840769302],[-121.929142225101998,47.6107778650941],[-121.929042535031996,47.610750895581297]]}},
{"type":"Feature","properties":{"WTR_NAME":"Snoqualmie River"},"geometry":{"type":"LineString","coordinates":[[-122.002575580734998,47.803331531659197],[-122.002549578127002,47.803292689787703]]}},
{"type":"Feature","properties":{"WTR_NAME":"Snoqualmie River"},"geometry":{"type":"LineString","coordinates":[[-121.996689822329998,47.704945535661601],[-121.996184837704007,47.704808866862898],[-121.995751247127998,47.704719037192802],[-121.995380728388994,47.704611430416499],[-121.995073468906995,47.704494606127597],[-121.994740449700998,47.704360909991401],[-121.994482235115996,47.704166471704497],[-121.994396033059999,47.704094389192697]]}},
{"type":"Feature","properties":{"WTR_NAME":"Tolt River"},"geometry":{"type":"LineString","coordinates":[[-121.884206281846005,47.643204134485401],[-121.884151927491004,47.643264984013499]]}},
{"type":"Feature","properties":{"WTR_NAME":"Tolt River"},"geometry":{"type":"LineString","coordinates":[[-121.866360739808997,47.662442504256902],[-121.866344081473997,47.662506981567198],[-121.866318661522001,47.6625875335355],[-121.866249457115003,47.662731155462801],[-121.866197840306995,47.662853320914998],[-121.866177565659001,47.662966074765002],[-121.866126610571996,47.663121701596999],[-121.866088323181998,47.6632346196415],[-121.866081949917003,47.663245049750003],[-121.866035981690999,47.663320282898503],[-121.866015037834003,47.663399577162998],[-121.866013497614006,47.663548668916498],[-121.866017002503,47.663725101615],[-121.866010774485005,47.663865108469103],[-121.866087923218004,47.664121191358802],[-121.866135758606006,47.6641982141414]]}},
{"type":"Feature","properties":{"WTR_NAME":"Snoqualmie River"},"geometry":{"type":"LineString","coordinates":[[-121.933493894079007,47.612262362058601],[-121.933385292552998,47.612087446079002],[-121.933375055997004,47.612077175263003]]}},
{"type":"Feature","properties":{"WTR_NAME":"Snoqualmie River"},"geometry":{"type":"LineString","coordinates":[[-122.031415115171001,47.820735308847098],[-122.030318911292994,47.820332117741302]]}},
{"type":"Feature","properties":{"WTR_NAME":"Snoqualmie River"},"geometry":{"type":"LineString","coordinates":[[-121.868530590394002,47.553831725329999],[-121.867524404213,47.553690327155998],[-121.867062878531996,47.553603038757998],[-121.865978287212002,47.5533979020476],[-121.865953844171997,47.553394299345399]]}},
{"type":"Feature","properties":{"WTR_NAME":"Snoqualmie River"},"geometry":{"type":"LineString","coordinates":[[-121.905570835538995,47.580701358783799],[-121.905176304980003,47.579998750173601],[-121.905030397649,47.579524181253298],[-121.904873443533006,47.579298922385902]]}},
{"type":"Feature","properties":{"WTR_NAME":"Tolt River"},"geometry":{"type":"LineString","coordinates":[[-121.822285325105995,47.695524132170299],[-121.822198688719993,47.6954933434534],[-121.822023454239996,47.695454758090598],[-121.821836988019001,47.695411257805603],[-121.821729812271002,47.695437252038097],[-121.821656094106004,47.695465463898103],[-121.821636342543002,47.695500796050503],[-121.821560501668998,47.695542099710302],[-121.821512099779,47.695586861518599],[-121.821452947050005,47.6956786312738]]}},
{"type":"Feature","properties":{"WTR_NAME":"Snoqualmie River"},"geometry":{"type":"LineString","coordinates":[[-121.995986373104003,47.730841444857298],[-121.995986387727001,47.730841442909202],[-121.996602721667998,47.730753656199099],[-121.996649885432006,47.730746967473003]]}},
{"type":"Feature","properties":{"WTR_NAME":"Snoqualmie River"},"geometry":{"type":"LineString","coordinates":[[-121.863347927115996,47.5533955390868],[-121.863107859243996,47.553425698199398],[-121.862807841464004,47.5534864598634],[-121.862707300089994,47.553531984690103]]}},
{"type":"Feature","properties":{"WTR_NAME":"Snoqualmie River"},"geometry":{"type":"LineString","coordinates":[[-122.005169615943004,47.730356198975002],[-122.005541702063994,47.730262383999097]]}},
{"type":"Feature","properties":{"WTR_NAME":"Tolt River"},"geometry":{"type":"LineString","coordinates":[[-121.926906641100999,47.6400613674098],[-121.926781042830996,47.639985747746501],[-121.926574878687006,47.639912817540598],[-121.926266900092998,47.639863912015301],[-121.926095924034001,47.639842500011397],[-121.925821926808993,47.639787505677702],[-121.925564613202994,47.639715060839599],[-121.925447461885994,47.639690681210404],[-121.925273440807999,47.639654463988499],[-121.925230119117003,47.639656275515797]]}},
{"type":"Feature","properties":{"WTR_NAME":"Snoqualmie River"},"geometry":{"type":"LineString","coordinates":[[-121.961103367857007,47.765063464466699],[-121.961108037797999,47.7650535361145],[-121.961192307697999,47.764967827590198],[-121.961288378678006,47.764870118716701],[-121.961512495958999,47.764743622179203],[-121.962034517888995,47.764623743265503],[-121.962515045475001,47.764552068878103],[-121.963009545413996,47.7644706957756],[-121.963474885433996,47.764387346948702]]}},
{"type":"Feature","properties":{"WTR_NAME":"Snoqualmie River"},"geometry":{"type":"LineString","coordinates":[[-121.938325017628003,47.677505928195203],[-121.938154523837994,47.677569415044097],[-121.937861408222005,47.677639721417101],[-121.937564090756993,47.6776551695718],[-121.937077310277004,47.6775091224861],[-121.936773593742004,47.677223098121402],[-121.936468803454005,47.676886831263701],[-121.93636665951,47.6767536682055]]}},
{"type":"Feature","properties":{"WTR_NAME":"Snoqualmie River"},"geometry":{"type":"LineString","coordinates":[[-122.003380037140005,47.805038951523599],[-122.003308399907993,47.804795545124001],[-122.002971261990993,47.803922575769299],[-122.002575580734998,47.803331531659197]]}},
{"type":"Feature","properties":{"WTR_NAME":"Snoqualmie River"},"geometry":{"type":"LineString","coordinates":[[-122.007285722820995,47.720481193772798],[-122.006561147894999,47.720694809514299],[-122.006000577804997,47.721176930119903],[-122.005651394647003,47.721464843478302]]}},
{"type":"Feature","properties":{"WTR_NAME":"Snoqualmie River"},"geometry":{"type":"LineString","coordinates":[[-121.924776391703006,47.645719301041602],[-121.925785102698995,47.644256652177802]]}},
{"type":"Feature","properties":{"WTR_NAME":"Tolt River"},"geometry":{"type":"LineString","coordinates":[[-121.876959002031995,47.650397269366003],[-121.876766115115004,47.650334284071803],[-121.876683064274005,47.650241777484403],[-121.876575220836003,47.650127550602399],[-121.876408100795004,47.650026668518798],[-121.876310613149997,47.650023904850102],[-121.876232469775005,47.650041078986497],[-121.876075780894993,47.650055315743103],[-121.875994601585006,47.650056059020798],[-121.875867328789994,47.650062288503598],[-121.875856708189005,47.650062807603803],[-121.875735835569998,47.650063248415897],[-121.875671109801999,47.650059999911903],[-121.875259926072999,47.650050782599898],[-121.874956578625003,47.6502512528483],[-121.874824320818007,47.650416174822404]]}},
{"type":"Feature","properties":{"WTR_NAME":"Tolt River"},"geometry":{"type":"LineString","coordinates":[[-121.871641657349002,47.653972816648697],[-121.871662065690003,47.654020320326197]]}},
{"type":"Feature","properties":{"WTR_NAME":"Snoqualmie River"},"geometry":{"type":"LineString","coordinates":[[-121.997741410879996,47.799509971370597],[-121.997733183386998,47.799216567809701],[-121.998028166300998,47.798580898716601],[-121.998544007779998,47.797817180593697]]}},
{"type":"Feature","properties":{"WTR_NAME":"Snoqualmie River"},"geometry":{"type":"LineString","coordinates":[[-121.966003249566,47.774741505996403],[-121.965428422024999,47.774056197344301]]}},
{"type":"Feature","properties":{"WTR_NAME":"Snoqualmie River"},"geometry":{"type":"LineString","coordinates":[[-121.995946090562995,47.711598456866597],[-121.996042359764004,47.711484933276402],[-121.996164490026004,47.711269485641097],[-121.996221428926006,47.710977586442503],[-121.996202592586002,47.710703595362197],[-121.996108191393006,47.710456082811803],[-121.995865332872995,47.709865715416299]]}},
{"type":"Feature","properties":{"WTR_NAME":"Snoqualmie River"},"geometry":{"type":"LineString","coordinates":[[-121.990125599205996,47.740893943503899],[-121.990409209373993,47.740930791607099],[-121.990499855165993,47.740938961071599]]}},
{"type":"Feature","properties":{"WTR_NAME":"Snoqualmie River"},"geometry":{"type":"LineString","coordinates":[[-122.029017552032997,47.819947304562803],[-122.028644073972004,47.819840368984401],[-122.027798845728995,47.819465187885399],[-122.026661539911998,47.819111285260803]]}},
{"type":"Feature","properties":{"WTR_NAME":"Tolt River"},"geometry":{"type":"LineString","coordinates":[[-121.874005563161006,47.6550251092184],[-121.874209197791004,47.655300526647302],[-121.874354747932998,47.6554399673674],[-121.874472937579995,47.655561418490798],[-121.874529966395997,47.655712094478801],[-121.874560002050998,47.655863021713301],[-121.874625899077998,47.656070971664803],[-121.874647905605997,47.656206335959602],[-121.874681036121004,47.656512081535297],[-121.874683791834002,47.656649598972599],[-121.874685271014002,47.656723449387002]]}},
{"type":"Feature","properties":{"WTR_NAME":"Tolt River"},"geometry":{"type":"LineString","coordinates":[[-121.864239090555003,47.669976998471398],[-121.863879072437996,47.6702206063731],[-121.863800652769001,47.670260504025002]]}},
{"type":"Feature","properties":{"WTR_NAME":"Snoqualmie River"},"geometry":{"type":"LineString","coordinates":[[-121.870897252310002,47.5543102229299],[-121.870231613773001,47.554205813239903],[-121.869814825687001,47.554096945952701]]}},
{"type":"Feature","properties":{"WTR_NAME":"Snoqualmie River"},"geometry":{"type":"LineString","coordinates":[[-121.927817023353995,47.639619111591102],[-121.928048958711003,47.639161123686598],[-121.928149163724996,47.638917830202701]]}},
{"type":"Feature","properties":{"WTR_NAME":"Snoqualmie River"},"geometry":{"type":"LineString","coordinates":[[-121.978990703245998,47.789615557244502],[-121.978864844135998,47.789453695769602],[-121.978439171418998,47.789108136785401],[-121.978121867921004,47.788971658444503],[-121.976879509868994,47.7886066370192]]}},
{"type":"Feature","properties":{"WTR_NAME":"Snoqualmie River"},"geometry":{"type":"LineString","coordinates":[[-121.987345408460996,47.750551381496201],[-121.987254395448005,47.749417254362498],[-121.987212979348001,47.748755179853603]]}},
{"type":"Feature","properties":{"WTR_NAME":"Snoqualmie River"},"geometry":{"type":"LineString","coordinates":[[-121.930146764759002,47.6143344772699],[-121.930631968352003,47.614356377386102],[-121.931255018768994,47.614326267095997],[-121.931769638554997,47.614224905809003],[-121.932211720056003,47.614063998495403],[-121.932643780424996,47.613878408721]]}},
{"type":"Feature","properties":{"WTR_NAME":"Snoqualmie River"},"geometry":{"type":"LineString","coordinates":[[-122.026661539911998,47.819111285260803],[-122.025958851737002,47.818892618754298],[-122.024333314493006,47.818527530437699]]}},
{"type":"Feature","properties":{"WTR_NAME":"Snoqualmie River"},"geometry":{"type":"LineString","coordinates":[[-121.991723106162993,47.736271124925999],[-121.991744244982996,47.7362214565564],[-121.991931066366007,47.7357830178263],[-121.992324548899006,47.734588828419099],[-121.992335845407993,47.734547735341302]]}},
{"type":"Feature","properties":{"WTR_NAME":"Snoqualmie River"},"geometry":{"type":"LineString","coordinates":[[-121.999304430829,47.796112571379801],[-121.999402175149001,47.795579890588499],[-121.999377365325998,47.794702951706398],[-121.999287498114001,47.794461990488401]]}},
{"type":"Feature","properties":{"WTR_NAME":"Tolt River"},"geometry":{"type":"LineString","coordinates":[[-121.871587424767,47.6530275517162],[-121.871563352897994,47.653145643080897],[-121.871562556775999,47.653150642662503],[-121.871497709351004,47.653299831450703],[-121.871538051201995,47.6537316613286],[-121.871641657349002,47.653972816648697]]}},
{"type":"Feature","properties":{"WTR_NAME":"Snoqualmie River"},"geometry":{"type":"LineString","coordinates":[[-122.005541702063994,47.730262383999097],[-122.005773637226994,47.730203904023597],[-122.006120201610003,47.730058721445502],[-122.006164058615994,47.730032330519002],[-122.006439466035999,47.729866613568298],[-122.006792503772999,47.7296210486113],[-122.007030931022996,47.729335359740702],[-122.007279302984003,47.729102672176097],[-122.007361117044994,47.729006196610399]]}},
{"type":"Feature","properties":{"WTR_NAME":"Snoqualmie River"},"geometry":{"type":"LineString","coordinates":[[-121.877889224792,47.562688446186598],[-121.877900952174997,47.562681249316697],[-121.879230213632994,47.561966282437503],[-121.879819030389001,47.561466852553401]]}},
{"type":"Feature","properties":{"WTR_NAME":"Snoqualmie River"},"geometry":{"type":"LineString","coordinates":[[-121.927346908857004,47.640547365016801],[-121.927817023353995,47.639619111591102]]}},
{"type":"Feature","properties":{"WTR_NAME":"Snoqualmie River"},"geometry":{"type":"LineString","coordinates":[[-121.982466546669997,47.688615784068404],[-121.981097034407,47.688394509500398],[-121.980181393920006,47.688284862049599]]}},
{"type":"Feature","properties":{"WTR_NAME":"Tolt River"},"geometry":{"type":"LineString","coordinates":[[-121.891182395887,47.642163424620698],[-121.890879912995004,47.6420397392423],[-121.890431791763007,47.641958794024497],[-121.889996219216002,47.641931888970603],[-121.889516588175994,47.641990500024498],[-121.889023002778998,47.642066269956103]]}},
{"type":"Feature","properties":{"WTR_NAME":"Tolt River"},"geometry":{"type":"LineString","coordinates":[[-121.917826707548997,47.637903536208],[-121.917811317230004,47.6379019530156],[-121.917460859784995,47.637859188132801],[-121.917066326181995,47.637828944844998],[-121.91693519479,47.6378232477174],[-121.916631106596995,47.637810036344298],[-121.916503122975001,47.637805493444702],[-121.916333234790002,47.637835920474899],[-121.915958763277004,47.637868295483599],[-121.915850145416996,47.637891177734602],[-121.915729568326,47.637916571710697],[-121.915195819678999,47.637948043082702]]}},
{"type":"Feature","properties":{"WTR_NAME":"Snoqualmie River"},"geometry":{"type":"LineString","coordinates":[[-121.918911479144995,47.673146970868402],[-121.918791563973002,47.673073160491299],[-121.918661428137,47.672961111408597],[-121.918570657092005,47.6728217104775],[-121.918488436174997,47.672709204788198],[-121.918437255453995,47.672553245114798],[-121.918410707365993,47.672429416620297],[-121.918391813463003,47.672289334571801],[-121.918372122101999,47.672111494468197],[-121.918354033946997,47.672012168502903],[-121.918327014612998,47.671863764965003],[-121.918313172083003,47.671583368305001],[-121.918348543617,47.671450790509702]]}},
{"type":"Feature","properties":{"WTR_NAME":"Snoqualmie River"},"geometry":{"type":"LineString","coordinates":[[-121.970509801163004,47.782097298360299],[-121.969921628910001,47.781792989910102],[-121.969563971374001,47.781621763550703],[-121.969158196373002,47.781435934219502],[-121.968774791249999,47.7812498819005],[-121.968415792710005,47.781063501112598],[-121.968358619691003,47.781033351551102]]}},
{"type":"Feature","properties":{"WTR_NAME":"Snoqualmie River"},"geometry":{"type":"LineString","coordinates":[[-121.932923279820997,47.629491985362399],[-121.932455316624996,47.629229884442097],[-121.931808064745994,47.6288499915457],[-121.931487427269005,47.628649149518999]]}},
{"type":"Feature","properties":{"WTR_NAME":"Snoqualmie River"},"geometry":{"type":"LineString","coordinates":[[-121.930387271336997,47.635696312216901],[-121.930725168536995,47.635377936710199],[-121.931043408760999,47.6349887265565],[-121.931205538213007,47.634614815268797],[-121.931337805747006,47.634049504099799]]}},
{"type":"Feature","properties":{"WTR_NAME":"Snoqualmie River"},"geometry":{"type":"LineString","coordinates":[[-121.872477611498994,47.566388215680597],[-121.872478336626997,47.566384258363001]]}},
{"type":"Feature","properties":{"WTR_NAME":"Snoqualmie River"},"geometry":{"type":"LineString","coordinates":[[-122.004685969573998,47.8085080919342],[-122.004446187636006,47.808185389462402],[-122.004118177931005,47.807628318238599],[-122.003868175944007,47.806807012504201]]}},
{"type":"Feature","properties":{"WTR_NAME":"Tolt River"},"geometry":{"type":"LineString","coordinates":[[-121.920308789366999,47.6385388370608],[-121.91983377375,47.638395531206903],[-121.919233217325996,47.6382168613817],[-121.918821761009994,47.6381112937298],[-121.918487386658995,47.638022284245899],[-121.918290242699001,47.637972299999902],[-121.918067652366005,47.6379283211174],[-121.918048560821006,47.6379263567393],[-121.917826707548997,47.637903536208]]}},
{"type":"Feature","properties":{"WTR_NAME":"Tolt River"},"geometry":{"type":"LineString","coordinates":[[-121.907280359821002,47.640463594299497],[-121.907143536923996,47.6405848092787],[-121.907045300774001,47.640673458163299],[-121.906946523770998,47.640806135657598],[-121.906579282029,47.640993165465098],[-121.906237453879001,47.641172955402297],[-121.905687202265995,47.641462926402298],[-121.905470939720999,47.6416016608554],[-121.905112443367997,47.641775300423902]]}},
{"type":"Feature","properties":{"WTR_NAME":"Snoqualmie River"},"geometry":{"type":"LineString","coordinates":[[-121.973333311624998,47.7862264705226],[-121.973375938599006,47.785966597612202],[-121.973548511106998,47.785554583404597],[-121.97399157724,47.7846364674906],[-121.973999239758001,47.7845082477278]]}},
{"type":"Feature","properties":{"WTR_NAME":"Snoqualmie River"},"geometry":{"type":"LineString","coordinates":[[-121.879594873562993,47.555308482381903],[-121.879071399034004,47.554999052558998],[-121.878872038165994,47.554959109055801]]}},
{"type":"Feature","properties":{"WTR_NAME":"Snoqualmie River"},"geometry":{"type":"LineString","coordinates":[[-122.005050122986006,47.716196208264897],[-122.004249485480997,47.715520774267802],[-122.003833095697004,47.715188230184403]]}},
{"type":"Feature","properties":{"WTR_NAME":"Snoqualmie River"},"geometry":{"type":"LineString","coordinates":[[-122.024333314493006,47.818527530437699],[-122.024150528315005,47.818517643728903]]}},
{"type":"Feature","properties":{"WTR_NAME":"Tolt River"},"geometry":{"type":"LineString","coordinates":[[-121.902582113386003,47.641918875841398],[-121.902541090613994,47.6419176500169],[-121.901662651641999,47.641908609254997],[-121.900535465879997,47.641826981145101],[-121.899929951299995,47.6417822104763]]}},
{"type":"Feature","properties":{"WTR_NAME":"Snoqualmie River"},"geometry":{"type":"LineString","coordinates":[[-121.998792164083994,47.705841530763998],[-121.998795733071006,47.7056607439877]]}},
{"type":"Feature","properties":{"WTR_NAME":"Snoqualmie River"},"geometry":{"type":"LineString","coordinates":[[-121.980591906981999,47.791040256753],[-121.980097236003999,47.790701593799],[-121.979351124391997,47.790079077600602],[-121.978990703245998,47.789615557244502]]}},
{"type":"Feature","properties":{"WTR_NAME":"Tolt River"},"geometry":{"type":"LineString","coordinates":[[-121.871662065690003,47.654020320326197],[-121.871717874978998,47.654065563680597],[-121.871771766421006,47.654106497814197],[-121.871850066644996,47.654148255492899]]}},
{"type":"Feature","properties":{"WTR_NAME":"Snoqualmie River"},"geometry":{"type":"LineString","coordinates":[[-121.823901476106002,47.530979775815098],[-121.823685387127995,47.530364572500801],[-121.823449570381996,47.529693179100398],[-121.822518186538005,47.528341075599002],[-121.821744563590002,47.5277562254768],[-121.821419533674003,47.527510502226299],[-121.820366346982993,47.526999575224998],[-121.818767048883998,47.526760081892199],[-121.817070585870994,47.526588089207998],[-121.815494008803,47.526508382613102],[-121.813960566492,47.526628311490903],[-121.812900321624994,47.526784147342497],[-121.811627782030001,47.527168505971602],[-121.811316854462007,47.527252875480997],[-121.810511207811004,47.527471492031701],[-121.809955989854998,47.527758472929797],[-121.809308523358993,47.528093127792097],[-121.808851294834994,47.528476504731103],[-121.808740763575003,47.528559318108798],[-121.808537280592006,47.528711776835998],[-121.808419569663997,47.528799967620998],[-121.807502498437998,47.529384663059602]]}},
{"type":"Feature","properties":{"WTR_NAME":"Snoqualmie River"},"geometry":{"type":"LineString","coordinates":[[-121.87621393581,47.554406984287503],[-121.875511855293993,47.554265701397597],[-121.874215805543002,47.554228813570298]]}},
{"type":"Feature","properties":{"WTR_NAME":"Tolt River"},"geometry":{"type":"LineString","coordinates":[[-121.861579439205997,47.670917689477498],[-121.861460976274003,47.6709391838953],[-121.861362960109005,47.670957212256297]]}},
{"type":"Feature","properties":{"WTR_NAME":"Snoqualmie River"},"geometry":{"type":"LineString","coordinates":[[-121.945058240422,47.683964635682798],[-121.944810333023,47.683904601467702],[-121.944457218565006,47.683789650906299],[-121.944379777658995,47.683755256890002],[-121.943837688990996,47.683514503648098],[-121.943417347858997,47.683199625462997],[-121.943045559045004,47.683072695389598]]}},
{"type":"Feature","properties":{"WTR_NAME":"Snoqualmie River"},"geometry":{"type":"LineString","coordinates":[[-121.927046671151999,47.628392450891297],[-121.926956359708001,47.628451410053202]]}},
{"type":"Feature","properties":{"WTR_NAME":"Snoqualmie River"},"geometry":{"type":"LineString","coordinates":[[-121.917766516952,47.600838157763398],[-121.917767411925993,47.600823536424201],[-121.917621395671006,47.600495450412197],[-121.917483421040998,47.600389630762102],[-121.917197074851003,47.600170016773603],[-121.916632631452998,47.5997988454805],[-121.916086684340002,47.599499832639502]]}},
{"type":"Feature","properties":{"WTR_NAME":"Tolt River"},"geometry":{"type":"LineString","coordinates":[[-121.879756120981,47.647509858886202],[-121.879551627008993,47.647631526805]]}},
{"type":"Feature","properties":{"WTR_NAME":"Snoqualmie River"},"geometry":{"type":"LineString","coordinates":[[-121.984545004153006,47.755744306180503],[-121.984606527782006,47.756125833672698],[-121.984646089750001,47.756280810693603],[-121.984781851856994,47.756812589007502],[-121.984847948669,47.756937075741199],[-121.985079860113999,47.757373822999803],[-121.985169896136,47.7574793504808]]}},
{"type":"Feature","properties":{"WTR_NAME":"Snoqualmie River"},"geometry":{"type":"LineString","coordinates":[[-121.994396033059999,47.704094389192697],[-121.994249401759006,47.703971777079701]]}},
{"type":"Feature","properties":{"WTR_NAME":"Snoqualmie River"},"geometry":{"type":"LineString","coordinates":[[-121.991711002242994,47.7362952555143],[-121.991723106162993,47.736271124925999]]}},
{"type":"Feature","properties":{"WTR_NAME":"Snoqualmie River"},"geometry":{"type":"LineString","coordinates":[[-121.914368535579996,47.598162857762603],[-121.914187339573004,47.597595438468502]]}},
{"type":"Feature","properties":{"WTR_NAME":"Snoqualmie River"},"geometry":{"type":"LineString","coordinates":[[-121.966642323442002,47.780207784481],[-121.966551383601995,47.780164734476401],[-121.966187915201004,47.779988127674102]]}},
{"type":"Feature","properties":{"WTR_NAME":"Snoqualmie River"},"geometry":{"type":"LineString","coordinates":[[-121.963059141523999,47.771080507231801],[-121.961987098514996,47.770786466761699],[-121.960800647408007,47.7704404797583],[-121.960675773890003,47.770319629319502]]}},
{"type":"Feature","properties":{"WTR_NAME":"Snoqualmie River"},"geometry":{"type":"LineString","coordinates":[[-121.970529979125004,47.686660952690801],[-121.971038973773005,47.687086502250899],[-121.972324311207004,47.687885206820603],[-121.972386532344004,47.687944069279801]]}},
{"type":"Feature","properties":{"WTR_NAME":"Snoqualmie River"},"geometry":{"type":"LineString","coordinates":[[-121.894029154112005,47.572659089504],[-121.893407397377004,47.570910650408699]]}},
{"type":"Feature","properties":{"WTR_NAME":"Snoqualmie River"},"geometry":{"type":"LineString","coordinates":[[-121.848096546194,47.550131611520399],[-121.847449771692993,47.550104974383203],[-121.847204315759996,47.5501814713013],[-121.847014271427,47.5502853342253],[-121.846798055007994,47.550454447184798],[-121.846663412146995,47.550585682514701],[-121.846473548519,47.550698831299897],[-121.846200653512994,47.550775566986502],[-121.845953027883994,47.550740623310297],[-121.845873066360994,47.550673625506398]]}},
{"type":"Feature","properties":{"WTR_NAME":"Snoqualmie River"},"geometry":{"type":"LineString","coordinates":[[-121.920706628781005,47.6203790345496],[-121.920841477672994,47.620200771478302],[-121.921029260725007,47.620108893057399],[-121.921197000039001,47.620050170859201],[-121.921438498488001,47.6199836010341],[-121.921495715271007,47.619979955141901]]}},
{"type":"Feature","properties":{"WTR_NAME":"Snoqualmie River"},"geometry":{"type":"LineString","coordinates":[[-121.880674313217995,47.556226001332],[-121.880642633267001,47.556122442604],[-121.880540761424001,47.556038219860802],[-121.880075045360002,47.555653176729102],[-121.879816802294997,47.555439664871201],[-121.879594873562993,47.555308482381903]]}},
{"type":"Feature","properties":{"WTR_NAME":"Snoqualmie River"},"geometry":{"type":"LineString","coordinates":[[-121.993514882990993,47.711922752082998],[-121.993856748184001,47.711961318099803],[-121.994758671046995,47.711986405660397],[-121.995266367271995,47.711981232886899],[-121.995578607593998,47.711875819038298],[-121.995606569461998,47.711866378519602],[-121.995844464379999,47.711718293064997],[-121.995940247158998,47.7116053475306],[-121.995946090562995,47.711598456866597]]}},
{"type":"Feature","properties":{"WTR_NAME":"Snoqualmie River"},"geometry":{"type":"LineString","coordinates":[[-121.852626053910001,47.552237991572603],[-121.852363597419,47.552066361185503]]}},
{"type":"Feature","properties":{"WTR_NAME":"Snoqualmie River"},"geometry":{"type":"LineString","coordinates":[[-121.991610123857996,47.739823884382702],[-121.991493369967998,47.7390344143381],[-121.991432131845002,47.738814202205702],[-121.991217331906,47.738065404775199]]}},
{"type":"Feature","properties":{"WTR_NAME":"Snoqualmie River"},"geometry":{"type":"LineString","coordinates":[[-121.973730382569002,47.690758895092401],[-121.973169422853005,47.690957118410303],[-121.973165660356003,47.690958447769297],[-121.972017512342006,47.691387213658402],[-121.971381758684998,47.691608221029497]]}},
{"type":"Feature","properties":{"WTR_NAME":"Snoqualmie River"},"geometry":{"type":"LineString","coordinates":[[-121.923903575243997,47.649813727390203],[-121.923941547338003,47.6495742255496],[-121.923965189691003,47.649243312526103]]}},
{"type":"Feature","properties":{"WTR_NAME":"Snoqualmie River"},"geometry":{"type":"LineString","coordinates":[[-121.790384290402997,47.5261752947061],[-121.789897079362007,47.5261014429583],[-121.789446637283007,47.526033166979602],[-121.789163167634001,47.525988552950601]]}},
{"type":"Feature","properties":{"WTR_NAME":"Snoqualmie River"},"geometry":{"type":"LineString","coordinates":[[-121.992335845407993,47.734547735341302],[-121.992505535117004,47.733930452302999]]}},
{"type":"Feature","properties":{"WTR_NAME":"Snoqualmie River"},"geometry":{"type":"LineString","coordinates":[[-121.923704377424002,47.651032434908899],[-121.923725649868004,47.6509359045574],[-121.923903575243997,47.649813727390203]]}},
{"type":"Feature","properties":{"WTR_NAME":"Snoqualmie River"},"geometry":{"type":"LineString","coordinates":[[-121.928458321340003,47.637768555845199],[-121.928567122337995,47.637616097202098]]}},
{"type":"Feature","properties":{"WTR_NAME":"Snoqualmie River"},"geometry":{"type":"LineString","coordinates":[[-121.973355265517,47.786526917704997],[-121.973333311624998,47.7862264705226]]}},
{"type":"Feature","properties":{"WTR_NAME":"Snoqualmie River"},"geometry":{"type":"LineString","coordinates":[[-121.917633496023001,47.628369531869502],[-121.917579713527005,47.6283046117344],[-121.917479954485998,47.628085700650701],[-121.917422214333001,47.627973876377503],[-121.917202795307006,47.6272133819297],[-121.917174233398995,47.627039161150698]]}},
{"type":"Feature","properties":{"WTR_NAME":"Tolt River"},"geometry":{"type":"LineString","coordinates":[[-121.854127486986002,47.673564309568903],[-121.854104947432006,47.6736213320372],[-121.854020543163998,47.673780979334701],[-121.853984140142998,47.673877381679901],[-121.853914629968003,47.673959296159197],[-121.853834168655993,47.674041308682597],[-121.853753573966003,47.674115930132302],[-121.853684057871007,47.674197849014703],[-121.853592817960006,47.674287352794899],[-121.853539412228997,47.674354333907303],[-121.853468521270003,47.674477655212598],[-121.853399952082995,47.674607595897697],[-121.853366888024993,47.674873943045498],[-121.853327033084,47.6752415679113]]}},
{"type":"Feature","properties":{"WTR_NAME":"Snoqualmie River"},"geometry":{"type":"LineString","coordinates":[[-121.973376744765005,47.786820880422297],[-121.973355265517,47.786526917704997]]}},
{"type":"Feature","properties":{"WTR_NAME":"Tolt River"},"geometry":{"type":"LineString","coordinates":[[-121.879551627008993,47.647631526805],[-121.879493814761005,47.647806105011],[-121.879426080491001,47.647925205628098],[-121.879305989486994,47.648056642777703],[-121.879254825602999,47.648128203512499],[-121.879153458287007,47.648318703658603],[-121.879103485095996,47.648449493019903],[-121.879049972790995,47.648889441809601]]}},
{"type":"Feature","properties":{"WTR_NAME":"Snoqualmie River"},"geometry":{"type":"LineString","coordinates":[[-122.008086760587005,47.727278194334801],[-122.008213495492996,47.726973146430602],[-122.008317467032995,47.726683705088497],[-122.008449273066006,47.726321392231497],[-122.008517933158998,47.725739002189002]]}},
{"type":"Feature","properties":{"WTR_NAME":"Snoqualmie River"},"geometry":{"type":"LineString","coordinates":[[-121.869422320103993,47.554015762512499],[-121.868536763692006,47.553832592016697],[-121.868530590394002,47.553831725329999]]}},
{"type":"Feature","properties":{"WTR_NAME":"Snoqualmie River"},"geometry":{"type":"LineString","coordinates":[[-121.876330787705001,47.554431968583899],[-121.87621393581,47.554406984287503]]}},
{"type":"Feature","properties":{"WTR_NAME":"Snoqualmie River"},"geometry":{"type":"LineString","coordinates":[[-121.986192456845998,47.698417820403897],[-121.986205570365001,47.698405181534802],[-121.987289926599004,47.697619922252898],[-121.987743968545999,47.6973827606082],[-121.988174756164995,47.6972438173337]]}},
{"type":"Feature","properties":{"WTR_NAME":"Tolt River"},"geometry":{"type":"LineString","coordinates":[[-121.845614635287006,47.677191213652499],[-121.845507490463007,47.677308190075102],[-121.845433206051993,47.677427095409698],[-121.845373753855995,47.677547256901498],[-121.845354250011994,47.677586681279003],[-121.845285427424002,47.677705539797003],[-121.845249369079994,47.677820409402003],[-121.845250953031993,47.677901689711902],[-121.845285646698002,47.6779974540705],[-121.845326034929997,47.678104256138397],[-121.845333125322,47.678117693054297],[-121.845399878218998,47.678244010640299],[-121.845563965539,47.678477952009501]]}},
{"type":"Feature","properties":{"WTR_NAME":"Snoqualmie River"},"geometry":{"type":"LineString","coordinates":[[-121.837877959131006,47.541720321466201],[-121.837400313090001,47.541426016196397]]}},
{"type":"Feature","properties":{"WTR_NAME":"Snoqualmie River"},"geometry":{"type":"LineString","coordinates":[[-121.858463651036004,47.554729904730799],[-121.857760628438996,47.554831696647497],[-121.857299646971995,47.554876989503697],[-121.857054705596994,47.554901056625297],[-121.856002843634997,47.554800608091703]]}},
{"type":"Feature","properties":{"WTR_NAME":"Snoqualmie River"},"geometry":{"type":"LineString","coordinates":[[-121.926923756839997,47.604922162418603],[-121.926579877058003,47.604575258302901],[-121.926553157715006,47.604549936950399],[-121.926260332761004,47.604272388801903],[-121.926205057835006,47.604066183939601],[-121.926184824217998,47.603990698304401],[-121.926117442329002,47.6038290742529],[-121.926038248175999,47.603639101646003],[-121.926083001436993,47.603384538124203],[-121.926100411755996,47.603285483112998],[-121.926100934304998,47.603284462527299]]}},
{"type":"Feature","properties":{"WTR_NAME":"Tolt River"},"geometry":{"type":"LineString","coordinates":[[-121.914845504810003,47.637982249284001],[-121.914007743056004,47.638040188949503],[-121.913740663195995,47.638032559937997],[-121.913472739273999,47.637984284275099],[-121.913188474980004,47.637900366371397],[-121.912922778592005,47.637833739578298]]}},
{"type":"Feature","properties":{"WTR_NAME":"Snoqualmie River"},"geometry":{"type":"LineString","coordinates":[[-121.925785102698995,47.644256652177802],[-121.925922809501003,47.643947281652302]]}},
{"type":"Feature","properties":{"WTR_NAME":"Snoqualmie River"},"geometry":{"type":"LineString","coordinates":[[-121.968095303593998,47.762703183944303],[-121.968244758579004,47.762669291414603],[-121.968358729412003,47.762638426787298],[-121.968611230307005,47.762570047344603],[-121.969076303982007,47.762441141208797],[-121.969539907523995,47.762245327329303],[-121.969704458270002,47.762134619313997],[-121.969981757528998,47.761948047215498],[-121.970003893089,47.761934232170198],[-121.970208786897999,47.761693926717101]]}},
{"type":"Feature","properties":{"WTR_NAME":"Tolt River"},"geometry":{"type":"LineString","coordinates":[[-121.824915016332,47.6954094727949],[-121.824443383984004,47.6954912005898],[-121.823880859927996,47.695555213438297],[-121.823618469188006,47.695572274134001],[-121.823263459063995,47.6955827509884],[-121.823033688704996,47.695588438779801],[-121.822902819652995,47.695578191745597],[-121.822880250905996,47.6955786863168],[-121.822600807932005,47.695562636067997],[-121.822337717455994,47.695542750765902],[-121.822285325105995,47.695524132170299]]}},
{"type":"Feature","properties":{"WTR_NAME":"Snoqualmie River"},"geometry":{"type":"LineString","coordinates":[[-121.843365529706006,47.5481149868179],[-121.843197772853998,47.547722265824099]]}},
{"type":"Feature","properties":{"WTR_NAME":"Snoqualmie River"},"geometry":{"type":"LineString","coordinates":[[-121.841686590538998,47.5427990941632],[-121.841452485391997,47.542684888952898],[-121.841285476200994,47.542642043103598]]}},
{"type":"Feature","properties":{"WTR_NAME":"Snoqualmie River"},"geometry":{"type":"LineString","coordinates":[[-121.913911015400998,47.602950685187999],[-121.913992528387993,47.6028429160041],[-121.914003549533007,47.602828346049101],[-121.914020850724,47.602820746238699],[-121.914533717745002,47.602595481793898],[-121.915156285685995,47.602406592264202],[-121.915467413954005,47.602328086839897],[-121.915848142358996,47.602230329665097],[-121.916221419272006,47.602127419474201]]}},
{"type":"Feature","properties":{"WTR_NAME":"Snoqualmie River"},"geometry":{"type":"LineString","coordinates":[[-121.985169896136,47.7574793504808],[-121.985257549430003,47.757582087309999],[-121.985434525106001,47.757758265955196],[-121.985623069008994,47.757877252218201],[-121.985701826162,47.757910193899498],[-121.985802328228999,47.757954574764099],[-121.985850387360998,47.7579757951167],[-121.986089138156999,47.758011310608197],[-121.986366435177004,47.758028930347699],[-121.986507754163,47.758013327561301],[-121.986543894291998,47.758009336340798],[-121.986731105524996,47.757978670996899]]}},
{"type":"Feature","properties":{"WTR_NAME":"Tolt River"},"geometry":{"type":"LineString","coordinates":[[-121.868724621395003,47.666427095008601],[-121.868674609573006,47.666458648550801],[-121.868420715910005,47.666600907113398],[-121.868262393308001,47.666679623953002],[-121.868115664837006,47.666775269403601],[-121.867945998259003,47.666849831423399],[-121.867793980415996,47.666905978131098],[-121.867664177422,47.666946706709197],[-121.867485075096994,47.667000055845001],[-121.867333110074,47.6670592391174],[-121.867207935538005,47.667106013986299],[-121.867051170034003,47.667150032315099],[-121.866740357064998,47.6672083092406],[-121.866710317181003,47.667218121113201],[-121.866696748774999,47.667220182651199],[-121.866530909619996,47.667261233202098],[-121.866419083880004,47.667280080269201]]}},
{"type":"Feature","properties":{"WTR_NAME":"Tolt River"},"geometry":{"type":"LineString","coordinates":[[-121.866419083880004,47.667280080269201],[-121.866378288434007,47.667286955520801],[-121.866239297852999,47.6673186437732],[-121.866114174116007,47.667368457330603],[-121.866007002366999,47.667415067651],[-121.865900191598996,47.667479926685701],[-121.865784619305998,47.667557038179098],[-121.865770068936996,47.667571482253202],[-121.865630027245004,47.667710558151299],[-121.865507379921993,47.6678850926222],[-121.865377535053995,47.668150956188299],[-121.865270630213999,47.6684379132437],[-121.865186026887002,47.668713719279403],[-121.865172378400999,47.668756514154097]]}},
{"type":"Feature","properties":{"WTR_NAME":"Tolt River"},"geometry":{"type":"LineString","coordinates":[[-121.853877835258999,47.6769715513637],[-121.853878928854002,47.676988513603597],[-121.853881976047006,47.677143690298301],[-121.853867303160996,47.677232505727801],[-121.853809961108993,47.677394964248499]]}},
{"type":"Feature","properties":{"WTR_NAME":"Snoqualmie River"},"geometry":{"type":"LineString","coordinates":[[-121.997401862076003,47.707260452181302],[-121.997847452480002,47.7070624651491],[-121.998110700973001,47.706914114761098],[-121.998311261770993,47.706800679409596],[-121.998485284175004,47.706636105486702],[-121.998558739225999,47.7065153978727],[-121.998619118790003,47.706377691275598],[-121.998716610781997,47.706196761220497],[-121.998788719279005,47.706016093271003],[-121.998792164083994,47.705841530763998]]}},
{"type":"Feature","properties":{"WTR_NAME":"Snoqualmie River"},"geometry":{"type":"LineString","coordinates":[[-122.002822531321996,47.7135396052118],[-122.002714674122998,47.713328912650297],[-122.002065762561003,47.712475754051503]]}},
{"type":"Feature","properties":{"WTR_NAME":"Tolt River"},"geometry":{"type":"LineString","coordinates":[[-121.836732776952999,47.685910550808998],[-121.836326041120003,47.6860191843069]]}},
{"type":"Feature","properties":{"WTR_NAME":"Tolt River"},"geometry":{"type":"LineString","coordinates":[[-121.879049972790995,47.648889441809601],[-121.878906699715998,47.649126650844103],[-121.878782863156999,47.649333194752899]]}},
{"type":"Feature","properties":{"WTR_NAME":"Snoqualmie River"},"geometry":{"type":"LineString","coordinates":[[-121.928947473484996,47.672052171925898],[-121.928801146561995,47.672007367626797],[-121.928579725727005,47.671953061056698],[-121.928335484686002,47.671893159754802],[-121.927951726493006,47.671875267872799],[-121.927520850460994,47.671895591147603],[-121.927098749747998,47.671953595150804],[-121.926797323393004,47.672051481223697],[-121.926773504780002,47.672059218170602],[-121.926384822074994,47.6721870258256],[-121.926305118990996,47.672219461888801]]}},
{"type":"Feature","properties":{"WTR_NAME":"Snoqualmie River"},"geometry":{"type":"LineString","coordinates":[[-121.990499855165993,47.740938961071599],[-121.990906564208998,47.740975610784801],[-121.991269229533003,47.740979055446203],[-121.991489682654006,47.740919827610199],[-121.991592622989003,47.7408000574924],[-121.991624842356003,47.740666755834603],[-121.991629414127999,47.740398388284703],[-121.991634326986002,47.739987541853303],[-121.991610123857996,47.739823884382702]]}},
{"type":"Feature","properties":{"WTR_NAME":"Snoqualmie River"},"geometry":{"type":"LineString","coordinates":[[-121.928567122337995,47.637616097202098],[-121.928834856910996,47.637209756728701]]}},
{"type":"Feature","properties":{"WTR_NAME":"Snoqualmie River"},"geometry":{"type":"LineString","coordinates":[[-121.987625272791007,47.755921764331902],[-121.987555925459006,47.755486285154198],[-121.987436429469,47.754976935291097],[-121.987373057656001,47.754656651776401],[-121.987288131086999,47.754339506088797],[-121.987263851319,47.754140773216399]]}},
{"type":"Feature","properties":{"WTR_NAME":"Tolt River"},"geometry":{"type":"LineString","coordinates":[[-121.840833711977993,47.684839270321497],[-121.840552417724993,47.685073695118199],[-121.840193433457003,47.685258514824802],[-121.839857371498994,47.685419436883699],[-121.839590558726997,47.685532361112301],[-121.839284451469993,47.685606676420299]]}},
{"type":"Feature","properties":{"WTR_NAME":"Snoqualmie River"},"geometry":{"type":"LineString","coordinates":[[-121.986060100375994,47.698545392553399],[-121.986141836947994,47.698466608618098],[-121.986192456845998,47.698417820403897]]}},
{"type":"Feature","properties":{"WTR_NAME":"Snoqualmie River"},"geometry":{"type":"LineString","coordinates":[[-121.836231940133004,47.540759643719902],[-121.835734567131993,47.540516374118802]]}},
{"type":"Feature","properties":{"WTR_NAME":"Snoqualmie River"},"geometry":{"type":"LineString","coordinates":[[-121.852363597419,47.552066361185503],[-121.851519965552001,47.551514667525502],[-121.850938289127001,47.550995347802903],[-121.850827433201999,47.550918621087298],[-121.850537361798004,47.550770976526003]]}},
{"type":"Feature","properties":{"WTR_NAME":"Tolt River"},"geometry":{"type":"LineString","coordinates":[[-121.876965306718006,47.650399328157],[-121.876959002031995,47.650397269366003]]}},
{"type":"Feature","properties":{"WTR_NAME":"Snoqualmie River"},"geometry":{"type":"LineString","coordinates":[[-121.986803765687,47.793845169433098],[-121.986800552418003,47.7938457047266],[-121.985865793222999,47.793962756953398],[-121.985239329533997,47.793900446386999],[-121.984613555235995,47.793768767220797]]}},
{"type":"Feature","properties":{"WTR_NAME":"Snoqualmie River"},"geometry":{"type":"LineString","coordinates":[[-122.008517933158998,47.725739002189002],[-122.008541998962002,47.7255348802342],[-122.008546143380997,47.725513304388897]]}},
{"type":"Feature","properties":{"WTR_NAME":"Snoqualmie River"},"geometry":{"type":"LineString","coordinates":[[-121.932836920330999,47.674092881515698],[-121.932768205632996,47.673963058321803],[-121.932643394815997,47.673726890956097],[-121.932594185438006,47.673669725859902],[-121.932489696524996,47.673457718756197],[-121.932280342309994,47.673233592708698],[-121.931960198453993,47.673048225756098],[-121.931492873251997,47.672939658824099],[-121.931160150807003,47.672864423940098]]}},
{"type":"Feature","properties":{"WTR_NAME":"Snoqualmie River"},"geometry":{"type":"LineString","coordinates":[[-121.89003538675,47.568426111225101],[-121.889650149869993,47.568351469216601],[-121.889122081845997,47.5682907968501],[-121.888607363937993,47.568291480484604],[-121.888459086821001,47.568303519483202],[-121.888275933716997,47.568318387943997],[-121.887436692988004,47.568483193749302]]}},
{"type":"Feature","properties":{"WTR_NAME":"Snoqualmie River"},"geometry":{"type":"LineString","coordinates":[[-121.912491057097,47.584984664581199],[-121.911586061953997,47.584737084253099],[-121.911451588323999,47.584677009544599],[-121.911387628279996,47.584648577310702]]}},
{"type":"Feature","properties":{"WTR_NAME":"Snoqualmie River"},"geometry":{"type":"LineString","coordinates":[[-121.946879382385006,47.685123531066203],[-121.946916011816,47.685008789023499],[-121.946841365668007,47.684919479177999],[-121.946781055743998,47.684847316359502],[-121.946564421881007,47.684708275144402]]}},
{"type":"Feature","properties":{"WTR_NAME":"Snoqualmie River"},"geometry":{"type":"LineString","coordinates":[[-121.986010015456998,47.692016533709797],[-121.986311348382998,47.691471207939401],[-121.986604645602995,47.690891141584999],[-121.98677345259,47.690450140553303],[-121.986760666997995,47.690302397981597]]}},
{"type":"Feature","properties":{"WTR_NAME":"Snoqualmie River"},"geometry":{"type":"LineString","coordinates":[[-121.941512345557996,47.678852335531701],[-121.941290471152001,47.678708110243399],[-121.940785538528004,47.678363069176299],[-121.940507944271999,47.678189357698102]]}},
{"type":"Feature","properties":{"WTR_NAME":"Snoqualmie River"},"geometry":{"type":"LineString","coordinates":[[-121.927322679225,47.614217747543698],[-121.92735957104,47.614212238600203],[-121.927512068791003,47.614189466262701]]}},
{"type":"Feature","properties":{"WTR_NAME":"Snoqualmie River"},"geometry":{"type":"LineString","coordinates":[[-121.934287279087997,47.617290032221199],[-121.934305067382994,47.617196279443696],[-121.934287756258996,47.616903344385904],[-121.934194876641996,47.616716357328201],[-121.934074817511004,47.616558192227203],[-121.933558866595007,47.6163377188957],[-121.932989268281005,47.616207947502403],[-121.932812317209994,47.616179264772299],[-121.932677140056001,47.616157351093399]]}},
{"type":"Feature","properties":{"WTR_NAME":"Snoqualmie River"},"geometry":{"type":"LineString","coordinates":[[-121.855874463592002,47.554732038723202],[-121.855795636005993,47.554689933466598],[-121.854428938108995,47.5538997475985],[-121.853993561272006,47.553478419191698]]}},
{"type":"Feature","properties":{"WTR_NAME":"Snoqualmie River"},"geometry":{"type":"LineString","coordinates":[[-121.987420129914995,47.752347724883997],[-121.987445936995002,47.751804019261002],[-121.987345408460996,47.750551381496201]]}},
{"type":"Feature","properties":{"WTR_NAME":"Snoqualmie River"},"geometry":{"type":"LineString","coordinates":[[-121.924387967241003,47.609403252290399],[-121.924369439917001,47.609334132133398],[-121.924413172453995,47.608948169936902],[-121.924612729040007,47.608578237121797],[-121.924711812734003,47.608518318310402],[-121.925163533347003,47.608245139471002]]}},
{"type":"Feature","properties":{"WTR_NAME":"Snoqualmie River"},"geometry":{"type":"LineString","coordinates":[[-121.872478336626997,47.566384258363001],[-121.872508280161995,47.5662207803394],[-121.872560831103996,47.565933895656002],[-121.872633203234003,47.565806474716403],[-121.872733875502007,47.565629226981997],[-121.872737844113004,47.565622238313601],[-121.872748031187001,47.565609182205598],[-121.872916503748996,47.565393248575099],[-121.873215640661996,47.565080477338398],[-121.873607614500997,47.564828862493499],[-121.873625007079994,47.564821922775103]]}},
{"type":"Feature","properties":{"WTR_NAME":"Snoqualmie River"},"geometry":{"type":"LineString","coordinates":[[-121.923012517979998,47.654594127403598],[-121.923004432694,47.654208407007197],[-121.923181214292995,47.6534063224926],[-121.923312377995003,47.652811200056497]]}},
{"type":"Feature","properties":{"WTR_NAME":"Tolt River"},"geometry":{"type":"LineString","coordinates":[[-121.886669481243999,47.642888193397901],[-121.886628481792997,47.6428998301622]]}},
{"type":"Feature","properties":{"WTR_NAME":"Snoqualmie River"},"geometry":{"type":"LineString","coordinates":[[-121.924889916528997,47.665975487426202],[-121.925013745868995,47.665789652398601]]}},
{"type":"Feature","properties":{"WTR_NAME":"Tolt River"},"geometry":{"type":"LineString","coordinates":[[-121.899929951299995,47.6417822104763],[-121.899843751521999,47.641775837016397],[-121.899593029949997,47.641732085508103],[-121.899360612855006,47.641624773620599],[-121.899171646834006,47.641557395431697],[-121.898991321191005,47.641495688514297],[-121.898836925756996,47.641451039185398],[-121.898597524973994,47.641418704251301],[-121.898341654366007,47.641415333672597],[-121.898094667753995,47.641429170962297],[-121.897847794872007,47.641448765394003],[-121.897810388267004,47.641451734515499],[-121.897600927162998,47.6414683610395],[-121.897439426736,47.641492917120601],[-121.897399750835007,47.641499403757599]]}},
{"type":"Feature","properties":{"WTR_NAME":"Snoqualmie River"},"geometry":{"type":"LineString","coordinates":[[-121.974151813120002,47.689273409341098],[-121.974388679479006,47.689449048529099],[-121.974546031073999,47.6896058196849],[-121.974615343422002,47.689758527562503],[-121.974610405779998,47.689867442159297],[-121.974569920565997,47.690026196062398],[-121.974470819407998,47.6901855404668],[-121.974327857871003,47.690350266828801],[-121.974169699360999,47.690490408853698],[-121.974003779615003,47.6906108322964],[-121.973782511064002,47.690740474560599],[-121.973730382569002,47.690758895092401]]}},
{"type":"Feature","properties":{"WTR_NAME":"Snoqualmie River"},"geometry":{"type":"LineString","coordinates":[[-121.928292103182002,47.638570765447298],[-121.928252266235006,47.638137473776098],[-121.928458321340003,47.637768555845199]]}},
{"type":"Feature","properties":{"WTR_NAME":"Snoqualmie River"},"geometry":{"type":"LineString","coordinates":[[-121.965383856253993,47.688080022628],[-121.965323233104996,47.687937484970497],[-121.965278872758006,47.687833184077903],[-121.965011058837007,47.687554875910401],[-121.964981242272998,47.687523885369203],[-121.964931141220006,47.687502835470703],[-121.964644024804002,47.6873821964966],[-121.964559692167001,47.687346762711897],[-121.96410995958,47.687245461749299],[-121.963594320957,47.6872002112597],[-121.963399067718996,47.687204506158899],[-121.963347441145999,47.687205639660299]]}},
{"type":"Feature","properties":{"WTR_NAME":"Snoqualmie River"},"geometry":{"type":"LineString","coordinates":[[-121.927512068791003,47.614189466262701],[-121.927740988891003,47.614155281415201],[-121.928240335704999,47.614174575690598],[-121.928883227642004,47.614240685410103],[-121.928944557435997,47.614250425167803],[-121.929312327432996,47.614308844346098],[-121.929972022639006,47.614326589392],[-121.930146764759002,47.6143344772699]]}},
{"type":"Feature","properties":{"WTR_NAME":"Tolt River"},"geometry":{"type":"LineString","coordinates":[[-121.846083510187995,47.676572891081399],[-121.845942630677996,47.6766491023104],[-121.845798880912,47.676849828768702],[-121.845793477116999,47.676859314476403]]}},
{"type":"Feature","properties":{"WTR_NAME":"Tolt River"},"geometry":{"type":"LineString","coordinates":[[-121.912611834431999,47.637763880038897],[-121.912383360321996,47.637723598843301],[-121.912015379992994,47.637657941997098],[-121.911810319593997,47.637636834282802],[-121.911553984964002,47.6376104467356],[-121.911298026227001,47.637601347517197],[-121.911076398478997,47.637603445662599],[-121.910761710334995,47.637640997295101],[-121.910455675769995,47.637684229439799],[-121.910167274648998,47.637756108449402],[-121.910026183381007,47.637808695906898]]}},
{"type":"Feature","properties":{"WTR_NAME":"Snoqualmie River"},"geometry":{"type":"LineString","coordinates":[[-121.887436692988004,47.568483193749302],[-121.887240517763999,47.568521716350197],[-121.886820856661004,47.568592966984902],[-121.886581979690007,47.5686335248026],[-121.886190479014004,47.568763581137397],[-121.885450386217997,47.568892663237698],[-121.884130269085006,47.568653758553701]]}},
{"type":"Feature","properties":{"WTR_NAME":"Tolt River"},"geometry":{"type":"LineString","coordinates":[[-121.863800652769001,47.670260504025002],[-121.863740793771001,47.670290959741102],[-121.863495068511995,47.670390532956297],[-121.863195344486996,47.6704945246614],[-121.862784037875002,47.670650364524199],[-121.862403221403994,47.670754202618298],[-121.861579439205997,47.670917689477498]]}},
{"type":"Feature","properties":{"WTR_NAME":"Snoqualmie River"},"geometry":{"type":"LineString","coordinates":[[-122.008629836774006,47.724696395493901],[-122.008594991151995,47.723718297451903]]}},
{"type":"Feature","properties":{"WTR_NAME":"Snoqualmie River"},"geometry":{"type":"LineString","coordinates":[[-121.931160150807003,47.672864423940098],[-121.930919367065002,47.672809977411099]]}},
{"type":"Feature","properties":{"WTR_NAME":"Snoqualmie River"},"geometry":{"type":"LineString","coordinates":[[-121.916221419272006,47.602127419474201],[-121.916643887909999,47.602010945274699],[-121.917056948880997,47.601795205505802],[-121.917341943674003,47.601627384261199],[-121.917503815380996,47.6015320734505],[-121.917633828722998,47.601376325498101],[-121.917741452879,47.601247398782803],[-121.917766516952,47.600838157763398]]}},
{"type":"Feature","properties":{"WTR_NAME":"Tolt River"},"geometry":{"type":"LineString","coordinates":[[-121.832429062990997,47.690054665129601],[-121.832467265439007,47.690273018310499],[-121.832544384266001,47.690499558555999],[-121.832712444381002,47.690725306753002],[-121.832953372242002,47.690956554791299],[-121.833085770270998,47.691058454003503],[-121.833387284975998,47.691290504548697],[-121.833682781180002,47.691521271368998],[-121.833723850875003,47.6915762883608]]}},
{"type":"Feature","properties":{"WTR_NAME":"Snoqualmie River"},"geometry":{"type":"LineString","coordinates":[[-121.926772218566001,47.609836636086499],[-121.926425116344006,47.609734995072799],[-121.926220337475002,47.609728311232701],[-121.926010193078,47.6097214554635],[-121.925492369034004,47.609743952105497],[-121.924713609703005,47.6096813254238],[-121.924575509733998,47.609615408369798],[-121.924431912065998,47.609546870470702],[-121.924425666873006,47.609543889050101],[-121.924387967241003,47.609403252290399]]}},
{"type":"Feature","properties":{"WTR_NAME":"Snoqualmie River"},"geometry":{"type":"LineString","coordinates":[[-121.984613555235995,47.793768767220797],[-121.984452907839,47.793734960509198],[-121.984232092076994,47.793644269248702]]}},
{"type":"Feature","properties":{"WTR_NAME":"Snoqualmie River"},"geometry":{"type":"LineString","coordinates":[[-121.942893631001994,47.682962690854502],[-121.942650407567996,47.682786581631802],[-121.942550564932006,47.682478394635901],[-121.942480599866002,47.681980984305198]]}},
{"type":"Feature","properties":{"WTR_NAME":"Snoqualmie River"},"geometry":{"type":"LineString","coordinates":[[-122.010060411881994,47.812426866760703],[-122.009879830613002,47.812362240467699],[-122.008611711361993,47.811747086521599],[-122.007978049048006,47.811313520319899]]}},
{"type":"Feature","properties":{"WTR_NAME":"Snoqualmie River"},"geometry":{"type":"LineString","coordinates":[[-121.920146821752994,47.592854697526199],[-121.920414844270994,47.592775108242797],[-121.920882807905002,47.5926673614726],[-121.921460924787993,47.592570952826499],[-121.92153209141,47.592536154787702],[-121.921865928111004,47.592372923157299],[-121.922197404789998,47.592163205750701],[-121.922390013343005,47.592029170970903],[-121.922426105601005,47.592008609445799]]}},
{"type":"Feature","properties":{"WTR_NAME":"Snoqualmie River"},"geometry":{"type":"LineString","coordinates":[[-121.922064768547997,47.595595158413602],[-121.921834722632994,47.595654249485797],[-121.921385965138995,47.595823282731601],[-121.921216957259006,47.596060240541497],[-121.921053809062002,47.596312436719202],[-121.921048439520007,47.596320726827898],[-121.921018570624,47.596556353896702],[-121.921039667586001,47.596591939876902],[-121.921198894154998,47.596860570588099],[-121.921366953554994,47.596991126444003]]}},
{"type":"Feature","properties":{"WTR_NAME":"Snoqualmie River"},"geometry":{"type":"LineString","coordinates":[[-121.942480599866002,47.681980984305198],[-121.942572798634004,47.681241087367198]]}},
{"type":"Feature","properties":{"WTR_NAME":"Snoqualmie River"},"geometry":{"type":"LineString","coordinates":[[-121.987692856021994,47.700338990789298],[-121.987446700066002,47.700081783833397],[-121.987237155930003,47.699916419822799]]}},
{"type":"Feature","properties":{"WTR_NAME":"Tolt River"},"geometry":{"type":"LineString","coordinates":[[-121.845704544849994,47.678713625792703],[-121.845731712290004,47.678783297257603],[-121.845813912753002,47.678994145815999],[-121.845886898794006,47.679370393185103],[-121.845921594914998,47.679746991573097],[-121.845904637084004,47.679999890103304],[-121.845808839135998,47.680305061849701]]}},
{"type":"Feature","properties":{"WTR_NAME":"Tolt River"},"geometry":{"type":"LineString","coordinates":[[-121.845563965539,47.678477952009501],[-121.845601394834006,47.678540699641403]]}},
{"type":"Feature","properties":{"WTR_NAME":"Snoqualmie River"},"geometry":{"type":"LineString","coordinates":[[-121.988911828715999,47.711344276959998],[-121.988916083766995,47.711291777443002],[-121.989138634167006,47.711023907749301],[-121.989364421093001,47.710901665616703],[-121.989655577934997,47.710864440799902],[-121.989861737224004,47.710908506712798],[-121.990038250406002,47.710946238955302],[-121.99030707627,47.711046328216803],[-121.990781082579005,47.711238585621601],[-121.991028209348997,47.711334727743598]]}},
{"type":"Feature","properties":{"WTR_NAME":"Tolt River"},"geometry":{"type":"LineString","coordinates":[[-121.852857681629999,47.678011036066103],[-121.852718132139003,47.678059418253603],[-121.852647378623999,47.6780785308367],[-121.852505365366,47.678090882279399],[-121.852417982613005,47.678099053350401],[-121.852319297875994,47.678088851209097],[-121.852222830518002,47.678072315466402]]}},
{"type":"Feature","properties":{"WTR_NAME":"Tolt River"},"geometry":{"type":"LineString","coordinates":[[-121.872919660354995,47.659999499799298],[-121.872750637823998,47.660105097643601],[-121.872550030263,47.660207331362201],[-121.872389576847993,47.660290939123001],[-121.872210388707003,47.660338211499599],[-121.871990305034998,47.660367599900397],[-121.871765720236994,47.660397028909202],[-121.871477795146006,47.660411821242498],[-121.871127076646999,47.6604393626478],[-121.870944453210001,47.660450153800802],[-121.870661632774997,47.660495321944602],[-121.870451678666996,47.660534248040499]]}},
{"type":"Feature","properties":{"WTR_NAME":"Snoqualmie River"},"geometry":{"type":"LineString","coordinates":[[-121.917425788439999,47.6039744861651],[-121.917409027752001,47.603988745935602],[-121.917359589917993,47.6040149730986],[-121.916971158829995,47.604246198454],[-121.916677912167998,47.604420759073903],[-121.916297161629998,47.604526907176101],[-121.915835572025998,47.604582560012098],[-121.915347079601005,47.604495478137203],[-121.915102979270003,47.6044077350208]]}},
{"type":"Feature","properties":{"WTR_NAME":"Snoqualmie River"},"geometry":{"type":"LineString","coordinates":[[-121.960675773890003,47.770319629319502],[-121.960654204779999,47.770298754731002],[-121.960594761069999,47.770240904922503]]}},
{"type":"Feature","properties":{"WTR_NAME":"Snoqualmie River"},"geometry":{"type":"LineString","coordinates":[[-121.916086684340002,47.599499832639502],[-121.915787937587993,47.599336205493302],[-121.915259764122993,47.599035285379799],[-121.914799214609005,47.598639584664497],[-121.914409226239002,47.598290279364697],[-121.914368535579996,47.598162857762603]]}},
{"type":"Feature","properties":{"WTR_NAME":"Snoqualmie River"},"geometry":{"type":"LineString","coordinates":[[-122.008451285557996,47.722639935123198],[-122.008295087611998,47.722186306356903]]}},
{"type":"Feature","properties":{"WTR_NAME":"Snoqualmie River"},"geometry":{"type":"LineString","coordinates":[[-121.919930776257999,47.629080949043001],[-121.919721734776004,47.629072486333101],[-121.919292433915999,47.629028319384098],[-121.918886483297001,47.628962477153301],[-121.918392732946998,47.628870659140297],[-121.918127506478001,47.6287715333007],[-121.918056935327996,47.628745161541602],[-121.917791287129006,47.628560000189403],[-121.91766321355,47.628405402544601]]}},
{"type":"Feature","properties":{"WTR_NAME":"Snoqualmie River"},"geometry":{"type":"LineString","coordinates":[[-121.986932796936998,47.6951257269669],[-121.986717264714997,47.695043452608402],[-121.986580864974997,47.694991378797098],[-121.986128692164002,47.694737553387398],[-121.985739726255005,47.694457243521697],[-121.985514680639994,47.694089135935997],[-121.985431500806001,47.693747305991302]]}},
{"type":"Feature","properties":{"WTR_NAME":"Tolt River"},"geometry":{"type":"LineString","coordinates":[[-121.915195819678999,47.637948043082702],[-121.914845504810003,47.637982249284001]]}},
{"type":"Feature","properties":{"WTR_NAME":"Tolt River"},"geometry":{"type":"LineString","coordinates":[[-121.871850066644996,47.654148255492899],[-121.871901943916995,47.654175922054002],[-121.871938879845004,47.654213780557697],[-121.872046873676993,47.6543270956168],[-121.872240435481004,47.654489636965501],[-121.872687117683995,47.654640732849302]]}},
{"type":"Feature","properties":{"WTR_NAME":"Snoqualmie River"},"geometry":{"type":"LineString","coordinates":[[-121.926208503786,47.620244914448101],[-121.926364605201002,47.620135125804701],[-121.926499862968001,47.620038626166703],[-121.926624512599005,47.619939848113397],[-121.926783955510004,47.619821697152702],[-121.926918861570996,47.6197085402273],[-121.927025164295998,47.619619576443398]]}},
{"type":"Feature","properties":{"WTR_NAME":"Snoqualmie River"},"geometry":{"type":"LineString","coordinates":[[-121.994315891956006,47.714017266610099],[-121.993911945763998,47.714206392796697],[-121.993341162071005,47.714527564004598],[-121.993177494817004,47.7146414019685],[-121.993038437625003,47.714738120394003],[-121.992833697712001,47.714931080456502],[-121.992630726410994,47.715203693119797],[-121.992514332119001,47.715306830724202]]}},
{"type":"Feature","properties":{"WTR_NAME":"Tolt River"},"geometry":{"type":"LineString","coordinates":[[-121.874685271014002,47.656723449387002],[-121.874686885803001,47.656804003570102],[-121.874672463647002,47.657239493246898],[-121.874657457712004,47.657347784911302],[-121.874634563054997,47.657512904694201],[-121.874615145697007,47.657652954591597],[-121.874550513634006,47.6578933812808],[-121.874436763823994,47.658186397467603],[-121.874366752369994,47.658351275003703],[-121.874350269090996,47.658381313046497],[-121.874311255132,47.658494383733]]}},
{"type":"Feature","properties":{"WTR_NAME":"Snoqualmie River"},"geometry":{"type":"LineString","coordinates":[[-121.924135771137998,47.673200545740599],[-121.923927901919001,47.673213349820202],[-121.923555948783005,47.673216909670302],[-121.923052496595005,47.673158913158296],[-121.922531501983002,47.6731513269308],[-121.921900238586005,47.673207616589004],[-121.921504856940999,47.673291866014203]]}},
{"type":"Feature","properties":{"WTR_NAME":"Snoqualmie River"},"geometry":{"type":"LineString","coordinates":[[-121.902694876384999,47.5771702853568],[-121.902188071216003,47.5768272946653],[-121.901535184777998,47.576570495581898]]}},
{"type":"Feature","properties":{"WTR_NAME":"Snoqualmie River"},"geometry":{"type":"LineString","coordinates":[[-121.968217437188002,47.777102300498797],[-121.968012936948995,47.776712400013899],[-121.967769649817001,47.7764450980766],[-121.9676500705,47.776282654113601]]}},
{"type":"Feature","properties":{"WTR_NAME":"Tolt River"},"geometry":{"type":"LineString","coordinates":[[-121.832556122358,47.694110970007998],[-121.832509756023995,47.694105283196201],[-121.832490103156005,47.694102871184597],[-121.832486350495003,47.6941024120487],[-121.832122222668005,47.694087181479702],[-121.831319205835001,47.694075589259697]]}},
{"type":"Feature","properties":{"WTR_NAME":"Snoqualmie River"},"geometry":{"type":"LineString","coordinates":[[-121.827538903228003,47.533430968304302],[-121.827331461810999,47.533328145538697],[-121.827000238389004,47.533234363830502],[-121.826614122451005,47.533141058330898],[-121.826161564071995,47.533018590615299],[-121.825807536932999,47.532880383494302],[-121.825563872393005,47.532770958486203],[-121.825285997402005,47.532594901600703],[-121.825073851341003,47.532410832309097],[-121.824929625989,47.532258935555603],[-121.824905773330997,47.532233816141797],[-121.824824959197002,47.532026290525799],[-121.824720911078003,47.531752039360001],[-121.824407843496004,47.5314572936649],[-121.823901476106002,47.530979775815098]]}},
{"type":"Feature","properties":{"WTR_NAME":"Snoqualmie River"},"geometry":{"type":"LineString","coordinates":[[-121.966886690145998,47.775558990912003],[-121.966003249566,47.774741505996403]]}},
{"type":"Feature","properties":{"WTR_NAME":"Snoqualmie River"},"geometry":{"type":"LineString","coordinates":[[-121.965671135167995,47.763398822174203],[-121.965819705985993,47.7632956563614],[-121.966058195542999,47.763178570979399],[-121.96641008025,47.763060360254698],[-121.966762802462995,47.762980376368297],[-121.967073410715003,47.762919931020797],[-121.967510973887002,47.762829546278702],[-121.967892040707,47.762749277184398],[-121.968095303593998,47.762703183944303]]}},
{"type":"Feature","properties":{"WTR_NAME":"Tolt River"},"geometry":{"type":"LineString","coordinates":[[-121.886628481792997,47.6428998301622],[-121.886248983531004,47.6428795584821],[-121.885952483541999,47.642936454551901],[-121.885678250257001,47.642962201456498],[-121.885289392024006,47.642981269947398],[-121.884878114621998,47.6430237517717],[-121.884626918143994,47.643057020163504],[-121.884353304973999,47.643113708829901],[-121.884206281846005,47.643204134485401]]}},
{"type":"Feature","properties":{"WTR_NAME":"Tolt River"},"geometry":{"type":"LineString","coordinates":[[-121.861362960109005,47.670957212256297],[-121.861321855065995,47.670964772089597],[-121.861146748902996,47.670993731419799],[-121.860998374036001,47.671007240348601],[-121.860840998087994,47.6710208275653],[-121.860570419883004,47.671005017296103],[-121.860412549670002,47.670994270186],[-121.860191391273005,47.670971924660599],[-121.860133911790996,47.6709691423994],[-121.859979490241997,47.670961661232603],[-121.859758512347,47.670948438826997],[-121.859560600237003,47.6709623984692],[-121.859276147621998,47.6709284490477],[-121.859013989575004,47.670882129563097],[-121.858851131616007,47.670847093312197],[-121.858743831609004,47.670819912389298]]}},
{"type":"Feature","properties":{"WTR_NAME":"Snoqualmie River"},"geometry":{"type":"LineString","coordinates":[[-121.921478313288006,47.601760433014697],[-121.921054644197,47.601963455076401],[-121.920993031254994,47.601992984576697],[-121.920632745453005,47.602112654302303],[-121.920336460157003,47.602211065495297],[-121.919645093794998,47.602429476592299],[-121.919161478218996,47.602598834125999],[-121.919141251127002,47.602610097636102]]}},
{"type":"Feature","properties":{"WTR_NAME":"Snoqualmie River"},"geometry":{"type":"LineString","coordinates":[[-121.924152438663,47.647449844915101],[-121.924208108870999,47.647043052170503],[-121.924379336119998,47.646384954347901],[-121.924416909176003,47.646240535161603],[-121.924776391703006,47.645719301041602]]}},
{"type":"Feature","properties":{"WTR_NAME":"Snoqualmie River"},"geometry":{"type":"LineString","coordinates":[[-121.845873066360994,47.550673625506398],[-121.845733383416999,47.550556589729901]]}},
{"type":"Feature","properties":{"WTR_NAME":"Snoqualmie River"},"geometry":{"type":"LineString","coordinates":[[-121.994376260162994,47.702369817583602],[-121.994393174945998,47.702322022043802],[-121.994462031929999,47.702127449894299],[-121.994800301648993,47.701361434282603],[-121.994967994126,47.700914182348797],[-121.995020402096998,47.700627779116097]]}},
{"type":"Feature","properties":{"WTR_NAME":"Snoqualmie River"},"geometry":{"type":"LineString","coordinates":[[-121.843773950235999,47.548815253461001],[-121.843627525676993,47.548599657657597],[-121.843365529706006,47.5481149868179]]}},
{"type":"Feature","properties":{"WTR_NAME":"Snoqualmie River"},"geometry":{"type":"LineString","coordinates":[[-121.927571179180006,47.615531995623002],[-121.927505563435005,47.615486716394699],[-121.927235072941002,47.615308946958201],[-121.927181428603006,47.615266287941701],[-121.926987185946004,47.615148998810703],[-121.926907185353997,47.615044549816901],[-121.926780842680998,47.614850363884202],[-121.926800386042004,47.614722412578402],[-121.926808497058005,47.614579542705101],[-121.926872797981005,47.6144661924329],[-121.927081090673994,47.6143289152553],[-121.927322679225,47.614217747543698]]}},
{"type":"Feature","properties":{"WTR_NAME":"Tolt River"},"geometry":{"type":"LineString","coordinates":[[-121.833851884818003,47.688633210520997],[-121.833407047229002,47.688844658979598]]}},
{"type":"Feature","properties":{"WTR_NAME":"Snoqualmie River"},"geometry":{"type":"LineString","coordinates":[[-121.875834633243002,47.563825732065403],[-121.876875306936,47.563310743509398],[-121.877889224792,47.562688446186598]]}},
{"type":"Feature","properties":{"WTR_NAME":"Snoqualmie River"},"geometry":{"type":"LineString","coordinates":[[-121.911387628279996,47.584648577310702],[-121.911359231464999,47.584636483381601]]}},
{"type":"Feature","properties":{"WTR_NAME":"Snoqualmie River"},"geometry":{"type":"LineString","coordinates":[[-121.924648307748001,47.595796455242201],[-121.924639166096995,47.595793201191398]]}},
{"type":"Feature","properties":{"WTR_NAME":"Snoqualmie River"},"geometry":{"type":"LineString","coordinates":[[-121.922777012172006,47.600222967761503],[-121.922632865053004,47.600541711122297],[-121.922494396895999,47.600735848664399],[-121.922224460148996,47.601114289153898],[-121.922058203974004,47.601347372650103],[-121.921605670275,47.601683247136698],[-121.921544244852996,47.601728838904002],[-121.921478313288006,47.601760433014697]]}},
{"type":"Feature","properties":{"WTR_NAME":"Snoqualmie River"},"geometry":{"type":"LineString","coordinates":[[-121.928205375005007,47.600043745642601],[-121.928390472464997,47.599164059656403],[-121.928444107687994,47.598909126193597],[-121.928496609942997,47.598557455732298],[-121.928409985952996,47.598264434342298]]}},
{"type":"Feature","properties":{"WTR_NAME":"Snoqualmie River"},"geometry":{"type":"LineString","coordinates":[[-121.955270537391996,47.687603667386199],[-121.955216288258001,47.6876198406759],[-121.955154808464997,47.687650660205797],[-121.954895869961007,47.6877804599767],[-121.954498297347001,47.687968077613199],[-121.954276932078002,47.6880480015557]]}},
{"type":"Feature","properties":{"WTR_NAME":"Snoqualmie River"},"geometry":{"type":"LineString","coordinates":[[-121.919642982427007,47.6220253400733],[-121.919957815874,47.621565358281202],[-121.920345830960997,47.6208746227435],[-121.920386508459003,47.620802209151897],[-121.920706628781005,47.6203790345496]]}},
{"type":"Feature","properties":{"WTR_NAME":"Snoqualmie River"},"geometry":{"type":"LineString","coordinates":[[-121.940507944271999,47.678189357698102],[-121.939911166244997,47.677815903145301],[-121.938919419550004,47.677368517170102],[-121.938863184314997,47.677343148314201]]}},
{"type":"Feature","properties":{"WTR_NAME":"Snoqualmie River"},"geometry":{"type":"LineString","coordinates":[[-121.914187339573004,47.597595438468502],[-121.914154126181998,47.597536334922403],[-121.914140490563,47.597026197542398],[-121.914132097318998,47.596695251707601],[-121.914403213734005,47.596441051265202]]}},
{"type":"Feature","properties":{"WTR_NAME":"Snoqualmie River"},"geometry":{"type":"LineString","coordinates":[[-121.972771844256997,47.783049933880299],[-121.971854167537998,47.782662747440199],[-121.970748150922006,47.782220613325201],[-121.970509801163004,47.782097298360299]]}},
{"type":"Feature","properties":{"WTR_NAME":"Snoqualmie River"},"geometry":{"type":"LineString","coordinates":[[-121.995865332872995,47.709865715416299],[-121.995415583036007,47.708988407608103]]}},
{"type":"Feature","properties":{"WTR_NAME":"Snoqualmie River"},"geometry":{"type":"LineString","coordinates":[[-121.842477424975002,47.545993633292802],[-121.842456156265001,47.545949589381102],[-121.842301378936,47.545713658852101],[-121.842299190925004,47.545600671297699],[-121.842245846894002,47.545431641129198],[-121.842173629396996,47.545149766996502],[-121.842018418340999,47.544891243247001],[-121.841897667016994,47.544688900347197],[-121.841891323301994,47.544361244432203],[-121.841884756395999,47.544264396156201]]}},
{"type":"Feature","properties":{"WTR_NAME":"Snoqualmie River"},"geometry":{"type":"LineString","coordinates":[[-121.934391309313,47.630498082395299],[-121.934385569434994,47.630466185753697],[-121.934349628313001,47.630374597045503],[-121.934300091463001,47.630283136218999],[-121.934132633377004,47.630082492131898],[-121.933886332030994,47.629915289953601],[-121.933559741799996,47.6297717409848]]}},
{"type":"Feature","properties":{"WTR_NAME":"Snoqualmie River"},"geometry":{"type":"LineString","coordinates":[[-121.853993561272006,47.553478419191698],[-121.852889629071001,47.552410070988103],[-121.852626053910001,47.552237991572603]]}},
{"type":"Feature","properties":{"WTR_NAME":"Snoqualmie River"},"geometry":{"type":"LineString","coordinates":[[-121.989582180151999,47.696446804512],[-121.989478404729994,47.696202362136603],[-121.989256770172005,47.695989276424797],[-121.989249169838999,47.695984533789101]]}},
{"type":"Feature","properties":{"WTR_NAME":"Snoqualmie River"},"geometry":{"type":"LineString","coordinates":[[-121.926583497026996,47.642123504347097],[-121.926634118058999,47.641955340158802],[-121.926757319946006,47.641712922843801],[-121.926985435858001,47.641269516648499],[-121.927090022765995,47.641055362772398]]}},
{"type":"Feature","properties":{"WTR_NAME":"Snoqualmie River"},"geometry":{"type":"LineString","coordinates":[[-121.904873443533006,47.579298922385902],[-121.904823540817006,47.579227300152702],[-121.904621233027001,47.578936952270503],[-121.904030123198993,47.578328403599699],[-121.903431683056994,47.577794334124498]]}},
{"type":"Feature","properties":{"WTR_NAME":"Snoqualmie River"},"geometry":{"type":"LineString","coordinates":[[-122.000952692876993,47.801965983116801],[-122.000725617590007,47.801880574744899],[-121.999674199550995,47.801543198642698],[-121.998620419915994,47.801100192507],[-121.998618028627007,47.801098643624101]]}},
{"type":"Feature","properties":{"WTR_NAME":"Snoqualmie River"},"geometry":{"type":"LineString","coordinates":[[-121.987212979348001,47.748755179853603],[-121.987210385080999,47.748713723231504],[-121.987164893932004,47.747986487255801],[-121.986995370781003,47.7471074166478],[-121.986966785375998,47.746966124600199]]}},
{"type":"Feature","properties":{"WTR_NAME":"Tolt River"},"geometry":{"type":"LineString","coordinates":[[-121.895269813664996,47.642446063210798],[-121.895252400776002,47.642463049365702],[-121.895075458041006,47.642509785256102],[-121.894902195520999,47.642736826300698],[-121.894787092990995,47.642908219308403],[-121.894606825593002,47.643155362023599],[-121.894580286609994,47.6431818673138]]}},
{"type":"Feature","properties":{"WTR_NAME":"Snoqualmie River"},"geometry":{"type":"LineString","coordinates":[[-121.998618028627007,47.801098643624101],[-121.997930264082996,47.800652957758601],[-121.997758764218005,47.8001287998298],[-121.997741410879996,47.799509971370597]]}},
{"type":"Feature","properties":{"WTR_NAME":"Snoqualmie River"},"geometry":{"type":"LineString","coordinates":[[-122.016365107780999,47.817696214991003],[-122.016177992945998,47.817615714637398],[-122.015382890916001,47.817134623684403],[-122.014896722318994,47.816544261535498],[-122.014834283431,47.816293592962701]]}},
{"type":"Feature","properties":{"WTR_NAME":"Snoqualmie River"},"geometry":{"type":"LineString","coordinates":[[-121.935117538937007,47.675741991916503],[-121.934589387721005,47.675427754068899]]}},
{"type":"Feature","properties":{"WTR_NAME":"Snoqualmie River"},"geometry":{"type":"LineString","coordinates":[[-121.929042535031996,47.610750895581297],[-121.928993358937007,47.610737591003698],[-121.928516691639004,47.610608639185102],[-121.927939987309998,47.610397479143899],[-121.927863778388996,47.6103695784089],[-121.927422163214999,47.6101306882194],[-121.927418152260003,47.610128517542599],[-121.926946622114002,47.609887706622999],[-121.926772218566001,47.609836636086499]]}},
{"type":"Feature","properties":{"WTR_NAME":"Snoqualmie River"},"geometry":{"type":"LineString","coordinates":[[-121.928834856910996,47.637209756728701],[-121.929668457353003,47.6363643668425],[-121.929753169346995,47.636293764809302],[-121.930387271336997,47.635696312216901]]}},
{"type":"Feature","properties":{"WTR_NAME":"Tolt River"},"geometry":{"type":"LineString","coordinates":[[-121.851209960199,47.677370768377401],[-121.851038687596997,47.677235638740598],[-121.850766216614005,47.677012298612702],[-121.850734747115993,47.6769856490709],[-121.850476911403007,47.676767305717703],[-121.850446123135001,47.676749248469001]]}},
{"type":"Feature","properties":{"WTR_NAME":"Tolt River"},"geometry":{"type":"LineString","coordinates":[[-121.835694265808996,47.687423312637499],[-121.835642484955002,47.687498792676301],[-121.835625800867007,47.687522816930802],[-121.835491858889,47.687715712120301],[-121.835402292457999,47.687837359788901],[-121.835254928918005,47.687972585411401],[-121.835190216292006,47.6880316621003],[-121.835164601901994,47.6880550442797],[-121.835102858249996,47.688114385359903],[-121.835057919115997,47.688139554699397],[-121.835040795615001,47.6881573949901],[-121.834897260586999,47.6882403213],[-121.834575455098999,47.688360743805298],[-121.834037171209005,47.688545133559501],[-121.833851884818003,47.688633210520997]]}},
{"type":"Feature","properties":{"WTR_NAME":"Snoqualmie River"},"geometry":{"type":"LineString","coordinates":[[-121.913812222705005,47.585312888227101],[-121.913268612151001,47.585201790862598],[-121.912968210933997,47.585142678876501],[-121.912491057097,47.584984664581199]]}},
{"type":"Feature","properties":{"WTR_NAME":"Snoqualmie River"},"geometry":{"type":"LineString","coordinates":[[-121.884130269085006,47.568653758553701],[-121.883946462734997,47.568600651016702],[-121.883228759131995,47.568473082499501],[-121.882354048337007,47.568344951306798],[-121.882328737673006,47.5683412431178]]}},
{"type":"Feature","properties":{"WTR_NAME":"Snoqualmie River"},"geometry":{"type":"LineString","coordinates":[[-121.946173573798006,47.68685556826],[-121.946201298668001,47.686747085103498],[-121.946227788163995,47.686643437276302],[-121.946646694478005,47.685736588314398],[-121.946792789469995,47.6853947764955],[-121.946879382385006,47.685123531066203]]}},
{"type":"Feature","properties":{"WTR_NAME":"Snoqualmie River"},"geometry":{"type":"LineString","coordinates":[[-121.985431500806001,47.693747305991302],[-121.985416411974995,47.693685303321701],[-121.985415389058005,47.693639174697203],[-121.985406479241007,47.693237501708801],[-121.985411458429994,47.6932264572579],[-121.985722626641007,47.692536616982103],[-121.986010015456998,47.692016533709797]]}},
{"type":"Feature","properties":{"WTR_NAME":"Snoqualmie River"},"geometry":{"type":"LineString","coordinates":[[-121.924495548574001,47.629480109710499],[-121.924069711895996,47.629486721990602],[-121.923779673504995,47.629440649155697],[-121.923655818331,47.629420971882197],[-121.923448142412994,47.629353252879397],[-121.923240353153005,47.629280161714199],[-121.923166139623007,47.629242693621599],[-121.923031892075997,47.629174908627398],[-121.922711720505006,47.6290385463954],[-121.922532426906002,47.6289989890711]]}},
{"type":"Feature","properties":{"WTR_NAME":"Snoqualmie River"},"geometry":{"type":"LineString","coordinates":[[-122.018816064647993,47.818356806589399],[-122.018648564638994,47.818355743323998],[-122.017128187419999,47.818024507067697],[-122.016365107780999,47.817696214991003]]}},
{"type":"Feature","properties":{"WTR_NAME":"Snoqualmie River"},"geometry":{"type":"LineString","coordinates":[[-121.938863184314997,47.677343148314201],[-121.938371277987002,47.677488701563099],[-121.938325017628003,47.677505928195203]]}},
{"type":"Feature","properties":{"WTR_NAME":"Snoqualmie River"},"geometry":{"type":"LineString","coordinates":[[-121.917601933854002,47.6235115375219],[-121.917668948661003,47.6234810726394],[-121.917989064146994,47.623372804135798],[-121.918022315212994,47.623359644735601]]}},
{"type":"Feature","properties":{"WTR_NAME":"Snoqualmie River"},"geometry":{"type":"LineString","coordinates":[[-122.021486226446996,47.818394343176202],[-122.020472548818006,47.818367307796699],[-122.018816064647993,47.818356806589399]]}},
{"type":"Feature","properties":{"WTR_NAME":"Snoqualmie River"},"geometry":{"type":"LineString","coordinates":[[-121.972386532344004,47.687944069279801],[-121.973121689281001,47.688639545218599],[-121.973140055496998,47.688656925821498],[-121.973266675616998,47.688746830684998],[-121.973586744071,47.688974103625299],[-121.974127924932006,47.689255696471903],[-121.974151813120002,47.689273409341098]]}},
{"type":"Feature","properties":{"WTR_NAME":"Snoqualmie River"},"geometry":{"type":"LineString","coordinates":[[-121.789163167634001,47.525988552950601],[-121.788043418802005,47.525799513399299],[-121.787489624082994,47.525707293360099],[-121.786438982795005,47.5254450674854]]}},
{"type":"Feature","properties":{"WTR_NAME":"Snoqualmie River"},"geometry":{"type":"LineString","coordinates":[[-121.862707300089994,47.553531984690103],[-121.862558469733997,47.553599374987897],[-121.861708496488006,47.553989649947297],[-121.861678708208999,47.553998311937796],[-121.860997942794,47.554196261938102]]}},
{"type":"Feature","properties":{"WTR_NAME":"Snoqualmie River"},"geometry":{"type":"LineString","coordinates":[[-121.917174233398995,47.627039161150698],[-121.917104758820997,47.626615391229599]]}},
{"type":"Feature","properties":{"WTR_NAME":"Snoqualmie River"},"geometry":{"type":"LineString","coordinates":[[-121.923782139096005,47.656296114739],[-121.923330670102999,47.655555436161301],[-121.923236297055993,47.6554006097452],[-121.923020144377006,47.654957946926402],[-121.923012517979998,47.654594127403598]]}},
{"type":"Feature","properties":{"WTR_NAME":"Tolt River"},"geometry":{"type":"LineString","coordinates":[[-121.865172378400999,47.668756514154097],[-121.865126665025997,47.668899841537602],[-121.865082092131004,47.668986854248303],[-121.865039530428007,47.669069933132],[-121.865013916777997,47.669119921832099],[-121.864874042175998,47.669334160599902],[-121.864631846037994,47.6696132163271],[-121.864425274913998,47.669826231340402],[-121.864239090555003,47.669976998471398]]}},
{"type":"Feature","properties":{"WTR_NAME":"Snoqualmie River"},"geometry":{"type":"LineString","coordinates":[[-122.008222043241005,47.721161612547498],[-122.008009559249999,47.720904483598098],[-122.00788094136,47.720705548760698],[-122.007695078591993,47.720586616337798]]}},
{"type":"Feature","properties":{"WTR_NAME":"Tolt River"},"geometry":{"type":"LineString","coordinates":[[-121.833723850875003,47.6915762883608],[-121.833869511436006,47.691771415189102],[-121.833981831637004,47.6919362395044],[-121.834103484254996,47.692113260989302],[-121.834121849745998,47.692138926476098],[-121.834355860982001,47.692465997881399],[-121.834534922355004,47.692789898623801],[-121.834567291013997,47.693053679128298],[-121.834538786004003,47.693211559772898]]}},
{"type":"Feature","properties":{"WTR_NAME":"Snoqualmie River"},"geometry":{"type":"LineString","coordinates":[[-122.003138623042005,47.7297355979209],[-122.003457629836007,47.729921623206202],[-122.003989291067995,47.730145391104898],[-122.005169615943004,47.730356198975002]]}},
{"type":"Feature","properties":{"WTR_NAME":"Snoqualmie River"},"geometry":{"type":"LineString","coordinates":[[-121.971381758684998,47.691608221029497],[-121.971018106158994,47.691734635187203],[-121.969899036884001,47.692068129038603],[-121.968901691827995,47.6922482979802]]}},
{"type":"Feature","properties":{"WTR_NAME":"Snoqualmie River"},"geometry":{"type":"LineString","coordinates":[[-121.998795733071006,47.7056607439877],[-121.998547788972004,47.705461622963298],[-121.998010548482,47.705278614862699],[-121.997512543324007,47.705146609439197],[-121.997193350507004,47.705064187701502],[-121.996733991301994,47.7049574895291],[-121.996689822329998,47.704945535661601]]}},
{"type":"Feature","properties":{"WTR_NAME":"Tolt River"},"geometry":{"type":"LineString","coordinates":[[-121.866135758606006,47.6641982141414],[-121.866151242019001,47.664223144186401],[-121.866196147324999,47.664354476641101],[-121.866234586844996,47.664475829102102],[-121.866290984293997,47.664593971149699],[-121.866346713094003,47.664678653617798],[-121.866397271893007,47.664729918227899],[-121.866461161144002,47.664771931824802],[-121.866561438047995,47.664831871039198],[-121.866638234557001,47.664863030835598],[-121.866656786668997,47.664870558814698],[-121.866752198507996,47.664912285405002],[-121.866910890333997,47.664965610938097],[-121.867170791628993,47.664990509646103],[-121.867366059432001,47.664979734954102],[-121.867744373712,47.664979340637601],[-121.868096396346999,47.665015696182799],[-121.868105356301996,47.665018022800098]]}},
{"type":"Feature","properties":{"WTR_NAME":"Tolt River"},"geometry":{"type":"LineString","coordinates":[[-121.905112443367997,47.641775300423902],[-121.904482044919007,47.641872973128301],[-121.904195670077002,47.641881362565996],[-121.903858971887999,47.641901615089303],[-121.903614962603996,47.6419209963057],[-121.903274006925997,47.6418992380001],[-121.902968109925993,47.641929368460801],[-121.902966248154002,47.641930353837203],[-121.902582113386003,47.641918875841398]]}},
{"type":"Feature","properties":{"WTR_NAME":"Snoqualmie River"},"geometry":{"type":"LineString","coordinates":[[-121.928149163724996,47.638917830202701],[-121.928292103182002,47.638570765447298]]}},
{"type":"Feature","properties":{"WTR_NAME":"Tolt River"},"geometry":{"type":"LineString","coordinates":[[-121.842296236053997,47.682794857209601],[-121.842207287703005,47.682893092491398],[-121.842020031160999,47.68311276315],[-121.841940548829001,47.683246491028797],[-121.841867617291996,47.683435958510202],[-121.841736079277993,47.683706866475397],[-121.841587122833005,47.683926201045303],[-121.841412900693996,47.684146202373],[-121.841330744857004,47.684249943922097],[-121.841193074071001,47.6844231024129]]}},
{"type":"Feature","properties":{"WTR_NAME":"Snoqualmie River"},"geometry":{"type":"LineString","coordinates":[[-121.926746528538999,47.659161222567],[-121.926727211778001,47.659118233422802],[-121.926411807879006,47.658503430803002]]}},
{"type":"Feature","properties":{"WTR_NAME":"Snoqualmie River"},"geometry":{"type":"LineString","coordinates":[[-121.979902319573995,47.755995236074099],[-121.979930097874004,47.755951776769301],[-121.980189575010996,47.7555553122234],[-121.980743001841006,47.754854803259803],[-121.980963666562999,47.754660033214499],[-121.981257563460005,47.754463492484099]]}},
{"type":"Feature","properties":{"WTR_NAME":"Tolt River"},"geometry":{"type":"LineString","coordinates":[[-121.867971625758997,47.6611024708412],[-121.867918924304007,47.661123284010898],[-121.867494498976001,47.661294470821701],[-121.867164504982,47.661458716462398],[-121.866956748923997,47.661609988247797],[-121.866775224500998,47.661766797452998],[-121.866642618951005,47.661892744544701],[-121.866589954985002,47.661950346083202],[-121.866550058151006,47.661993982831198],[-121.866484871235002,47.662113228452803],[-121.866398446919007,47.662296558416699],[-121.866360739808997,47.662442504256902]]}},
{"type":"Feature","properties":{"WTR_NAME":"Tolt River"},"geometry":{"type":"LineString","coordinates":[[-121.832793795086005,47.689280833150598],[-121.832678297016002,47.6894230880065],[-121.832562678955,47.689559205531303],[-121.832484732959998,47.689762544111503],[-121.832426392873998,47.690039404954497],[-121.832429062990997,47.690054665129601]]}},
{"type":"Feature","properties":{"WTR_NAME":"Snoqualmie River"},"geometry":{"type":"LineString","coordinates":[[-121.924639166096995,47.595793201191398],[-121.923467646093997,47.595544474414801],[-121.922666610153001,47.5955050807326],[-121.922215391540007,47.595556468283299],[-121.922064768547997,47.595595158413602]]}},
{"type":"Feature","properties":{"WTR_NAME":"Snoqualmie River"},"geometry":{"type":"LineString","coordinates":[[-121.793831027405005,47.526013632753902],[-121.793588330435,47.526117642614999],[-121.792170045481996,47.526211685969997],[-121.790940903657997,47.526259965178198],[-121.790384290402997,47.5261752947061]]}},
{"type":"Feature","properties":{"WTR_NAME":"Snoqualmie River"},"geometry":{"type":"LineString","coordinates":[[-121.946678868966004,47.687846271964297],[-121.946336679362005,47.687633928078498],[-121.946135018250999,47.687428708022402],[-121.946106452768007,47.687118202449199],[-121.946173573798006,47.68685556826]]}},
{"type":"Feature","properties":{"WTR_NAME":"Snoqualmie River"},"geometry":{"type":"LineString","coordinates":[[-121.974673121278002,47.787596972258399],[-121.973856289843994,47.787270589710197],[-121.973431948379002,47.786960041236597],[-121.973376744765005,47.786820880422297]]}},
{"type":"Feature","properties":{"WTR_NAME":"Snoqualmie River"},"geometry":{"type":"LineString","coordinates":[[-122.003408463518994,47.721769563774799],[-122.003374453532999,47.7217403728256],[-122.003277814675997,47.721554227300601],[-122.003216059316003,47.721424431562703],[-122.003229732845995,47.721381191763697],[-122.003283833262003,47.721210114173999]]}},
{"type":"Feature","properties":{"WTR_NAME":"Tolt River"},"geometry":{"type":"LineString","coordinates":[[-121.844428506720007,47.681775068431001],[-121.844197700682003,47.681896789091098],[-121.844069341749005,47.681964480819502],[-121.843482979344003,47.682175813410602],[-121.842821931879996,47.682369439241199]]}},
{"type":"Feature","properties":{"WTR_NAME":"Snoqualmie River"},"geometry":{"type":"LineString","coordinates":[[-121.882328737673006,47.5683412431178],[-121.881863488464006,47.568273082513002],[-121.881445028063993,47.568208425029901]]}},
{"type":"Feature","properties":{"WTR_NAME":"Snoqualmie River"},"geometry":{"type":"LineString","coordinates":[[-121.991137414085003,47.715235919522001],[-121.990689880535996,47.715000325706001],[-121.990310451580001,47.714709526406899]]}},
{"type":"Feature","properties":{"WTR_NAME":"Snoqualmie River"},"geometry":{"type":"LineString","coordinates":[[-121.999287498114001,47.794461990488401],[-121.999238230461003,47.794329881774303]]}},
{"type":"Feature","properties":{"WTR_NAME":"Snoqualmie River"},"geometry":{"type":"LineString","coordinates":[[-121.932643780424996,47.613878408721],[-121.932670861532003,47.613866775275],[-121.932968890319998,47.613634961309401],[-121.933012869508005,47.613566974528098],[-121.933120479821994,47.613477073762603],[-121.933151888829997,47.6134401144162],[-121.933326521628999,47.613234590611697],[-121.933336004270004,47.613217872060098],[-121.933476530750994,47.612970097579499],[-121.933527326716998,47.612744145873997],[-121.933535635729996,47.612496769745],[-121.933540967843001,47.612338180714801],[-121.933493894079007,47.612262362058601]]}},
{"type":"Feature","properties":{"WTR_NAME":"Tolt River"},"geometry":{"type":"LineString","coordinates":[[-121.841193074071001,47.6844231024129],[-121.841138434372994,47.684491827119601],[-121.840833711977993,47.684839270321497]]}},
{"type":"Feature","properties":{"WTR_NAME":"Tolt River"},"geometry":{"type":"LineString","coordinates":[[-121.927346908857004,47.640547365016801],[-121.927091932,47.6401729271413],[-121.926906641100999,47.6400613674098]]}},
{"type":"Feature","properties":{"WTR_NAME":"Snoqualmie River"},"geometry":{"type":"LineString","coordinates":[[-121.929530855384002,47.672341391811699],[-121.929195406581002,47.672227611184098],[-121.928947473484996,47.672052171925898]]}},
{"type":"Feature","properties":{"WTR_NAME":"Snoqualmie River"},"geometry":{"type":"LineString","coordinates":[[-121.989427009129997,47.793604035394701],[-121.989397148883995,47.7936019044582],[-121.988511649176999,47.793578222301697],[-121.987941195445003,47.793655705571403],[-121.986803765687,47.793845169433098]]}},
{"type":"Feature","properties":{"WTR_NAME":"Snoqualmie River"},"geometry":{"type":"LineString","coordinates":[[-121.996762804785007,47.713339619966298],[-121.99665974218,47.713356783146502],[-121.995741220975006,47.7135238352244],[-121.995380612549994,47.713630819115998],[-121.994727307526006,47.7138246338477],[-121.994465451607994,47.7139472422013],[-121.994315891956006,47.714017266610099]]}},
{"type":"Feature","properties":{"WTR_NAME":"Snoqualmie River"},"geometry":{"type":"LineString","coordinates":[[-121.989249169838999,47.695984533789101],[-121.988985068920996,47.695819762314599],[-121.988482244592007,47.695583681218302],[-121.987925987257,47.695420952140097],[-121.987108416884993,47.695192767424203],[-121.987019173679002,47.695158698626599],[-121.986932796936998,47.6951257269669]]}},
{"type":"Feature","properties":{"WTR_NAME":"Snoqualmie River"},"geometry":{"type":"LineString","coordinates":[[-121.874486586336005,47.567411359698298],[-121.874442366086996,47.567408101766802],[-121.873612619073995,47.567226524642599],[-121.873143238514004,47.567050053378402],[-121.872916648726004,47.566900786561703],[-121.872733537016003,47.566751122752102],[-121.872580542566993,47.5665549399722],[-121.872476989507007,47.566391613454002]]}},
{"type":"Feature","properties":{"WTR_NAME":"Snoqualmie River"},"geometry":{"type":"LineString","coordinates":[[-122.003283833262003,47.721210114173999],[-122.003321358609,47.721114433108099],[-122.003873838781004,47.720069247318499]]}},
{"type":"Feature","properties":{"WTR_NAME":"Tolt River"},"geometry":{"type":"LineString","coordinates":[[-121.870451678666996,47.660534248040499],[-121.870437293378004,47.660536914759099],[-121.870293814435001,47.660568649019297],[-121.870114015420995,47.660585497457802],[-121.869848234784996,47.660581831987997],[-121.869614461465005,47.660602212047699],[-121.869389815041998,47.660628595643303],[-121.869341570130004,47.660638537858098],[-121.869314488350994,47.660645106880203],[-121.869023206305002,47.660717726497097],[-121.868768438214005,47.660814359775799],[-121.868324377701001,47.660963356327002],[-121.868321081695996,47.660964463897102],[-121.867971625758997,47.6611024708412]]}},
{"type":"Feature","properties":{"WTR_NAME":"Snoqualmie River"},"geometry":{"type":"LineString","coordinates":[[-121.901535184777998,47.576570495581898],[-121.90150638771,47.576559168509597],[-121.900963938657,47.576485827512997],[-121.900325183090999,47.576426455874902],[-121.899848697926998,47.576410141144997],[-121.899725862881994,47.576405932813003],[-121.899299844040002,47.576357634913897],[-121.898935350215993,47.576253164759699]]}},
{"type":"Feature","properties":{"WTR_NAME":"Snoqualmie River"},"geometry":{"type":"LineString","coordinates":[[-121.928409985952996,47.598264434342298],[-121.928403935172994,47.5982439653474],[-121.928182862802004,47.597896666793702],[-121.927766135881996,47.597563300287398],[-121.926846178234001,47.597017882548599],[-121.926705794680998,47.596920858542703]]}},
{"type":"Feature","properties":{"WTR_NAME":"Snoqualmie River"},"geometry":{"type":"LineString","coordinates":[[-121.922403853234997,47.668275604386103],[-121.922844214129,47.6679882392704],[-121.923552505866994,47.667526015240902]]}},
{"type":"Feature","properties":{"WTR_NAME":"Snoqualmie River"},"geometry":{"type":"LineString","coordinates":[[-121.998530737975003,47.729585745548299],[-121.998992167140003,47.729293998561502],[-121.999516840118005,47.729053910133601]]}},
{"type":"Feature","properties":{"WTR_NAME":"Snoqualmie River"},"geometry":{"type":"LineString","coordinates":[[-121.982349667796001,47.792389823755698],[-121.981903995655998,47.791977456397902],[-121.981053614355005,47.791356344226699],[-121.980591906981999,47.791040256753]]}},
{"type":"Feature","properties":{"WTR_NAME":"Snoqualmie River"},"geometry":{"type":"LineString","coordinates":[[-121.988442589227006,47.742121321239502],[-121.988611324141999,47.741738721370197]]}},
{"type":"Feature","properties":{"WTR_NAME":"Snoqualmie River"},"geometry":{"type":"LineString","coordinates":[[-121.926943943994999,47.659554722287602],[-121.926843832223994,47.6593777705843],[-121.926746528538999,47.659161222567]]}},
{"type":"Feature","properties":{"WTR_NAME":"Snoqualmie River"},"geometry":{"type":"LineString","coordinates":[[-121.978212581950004,47.757327064534998],[-121.978453327766999,47.757257882207199],[-121.978812881953004,47.757082141191702],[-121.979132015728993,47.756839706157599],[-121.979421131196005,47.7566092377022],[-121.979691737311995,47.756324691110599],[-121.979902319573995,47.755995236074099]]}},
{"type":"Feature","properties":{"WTR_NAME":"Tolt River"},"geometry":{"type":"LineString","coordinates":[[-121.908696441103004,47.639128762111802],[-121.908702168107993,47.639141442585398],[-121.908692147875996,47.639481522291803],[-121.908670633772999,47.639672151157797],[-121.908612705512994,47.6397629133252],[-121.908471617711996,47.639885152507397],[-121.908133668827006,47.640015503482999],[-121.907996709990002,47.640084062663199],[-121.907760701496997,47.640222943876402],[-121.907280359821002,47.640463594299497]]}},
{"type":"Feature","properties":{"WTR_NAME":"Snoqualmie River"},"geometry":{"type":"LineString","coordinates":[[-121.992514332119001,47.715306830724202],[-121.992498088041003,47.715321224716298],[-121.992254785452005,47.715439887276503],[-121.991935502993996,47.715459730196102],[-121.991639134715001,47.715404649225498],[-121.991477271717997,47.715315004040697],[-121.991137414085003,47.715235919522001]]}},
{"type":"Feature","properties":{"WTR_NAME":"Snoqualmie River"},"geometry":{"type":"LineString","coordinates":[[-121.957324356485998,47.688336139746397],[-121.957304242364003,47.688316595223803],[-121.956779835448998,47.687741849383301],[-121.956472514583993,47.687598720102898],[-121.956121087834006,47.687523451565497],[-121.955641083448995,47.6874931888267],[-121.955270537391996,47.687603667386199]]}},
{"type":"Feature","properties":{"WTR_NAME":"Snoqualmie River"},"geometry":{"type":"LineString","coordinates":[[-122.003873838781004,47.720069247318499],[-122.004676874628998,47.718549982606199],[-122.004769209068002,47.718375283010801]]}},
{"type":"Feature","properties":{"WTR_NAME":"Snoqualmie River"},"geometry":{"type":"LineString","coordinates":[[-121.864759179762004,47.553218242937398],[-121.863347927115996,47.5533955390868]]}},
{"type":"Feature","properties":{"WTR_NAME":"Tolt River"},"geometry":{"type":"LineString","coordinates":[[-121.858743831609004,47.670819912389298],[-121.858739766829004,47.670818883048902],[-121.858662382955998,47.670776983872699],[-121.858553333412004,47.6707292834854],[-121.858435051320001,47.670669502824403],[-121.858390300685002,47.670647461671997],[-121.858362272399006,47.670633649032801],[-121.858262051018997,47.670576741561703],[-121.858202419102994,47.670522514633497],[-121.858165253506996,47.670465046119297],[-121.858141830438996,47.670419620817697],[-121.858086593731997,47.670359258280698],[-121.858036097829995,47.670311042406901],[-121.857988996892004,47.670283716900201],[-121.857958632668996,47.670266100435299],[-121.857854279861002,47.670227489029401],[-121.857700622544996,47.6702014877023],[-121.857682451499002,47.670199539923701],[-121.857494401305999,47.6701945507914],[-121.857195287492999,47.670251836300203],[-121.856897253425998,47.670363714573803],[-121.856667722373004,47.670435975588298],[-121.856569499106996,47.6704742956356]]}},
{"type":"Feature","properties":{"WTR_NAME":"Snoqualmie River"},"geometry":{"type":"LineString","coordinates":[[-121.991297752248997,47.700635325351797],[-121.991110624388995,47.700742314401701],[-121.990695218016995,47.7009963231271],[-121.990265514287998,47.701181566460399],[-121.989885305409004,47.701297399749002],[-121.989528686675001,47.701326858347201],[-121.988973179583994,47.701231916059598]]}},
{"type":"Feature","properties":{"WTR_NAME":"Snoqualmie River"},"geometry":{"type":"LineString","coordinates":[[-121.931487427269005,47.628649149518999],[-121.931215410898005,47.628478763470198],[-121.930746885006002,47.628189079786402],[-121.930670335147994,47.6281332050415],[-121.930498251993995,47.628007600337597],[-121.930162107780006,47.627868335600397],[-121.929888221729996,47.627779035333603],[-121.929538968469004,47.627662880703099],[-121.929342351783006,47.627631656038901]]}},
{"type":"Feature","properties":{"WTR_NAME":"Snoqualmie River"},"geometry":{"type":"LineString","coordinates":[[-121.933559741799996,47.6297717409848],[-121.932923279820997,47.629491985362399]]}},
{"type":"Feature","properties":{"WTR_NAME":"Snoqualmie River"},"geometry":{"type":"LineString","coordinates":[[-121.991218478392,47.7380470975124],[-121.991231400884004,47.737840718447998],[-121.991238806743993,47.737722458874202],[-121.991254703517001,47.737330499989497],[-121.991376714520001,47.736961683836],[-121.991711002242994,47.7362952555143]]}},
{"type":"Feature","properties":{"WTR_NAME":"Tolt River"},"geometry":{"type":"LineString","coordinates":[[-121.894580286609994,47.6431818673138],[-121.894439742363005,47.6433222314866],[-121.894212552729996,47.643449586116503],[-121.894027375934996,47.643456319761697],[-121.893717332788995,47.643519321583902],[-121.893442908455995,47.643515697104696]]}},
{"type":"Feature","properties":{"WTR_NAME":"Snoqualmie River"},"geometry":{"type":"LineString","coordinates":[[-121.933375055997004,47.612077175263003],[-121.93304688341,47.611598906665499],[-121.932705972869002,47.611409428033497],[-121.931976039673998,47.611206181167603],[-121.931632603533004,47.611157213049502]]}},
{"type":"Feature","properties":{"WTR_NAME":"Snoqualmie River"},"geometry":{"type":"LineString","coordinates":[[-121.9676500705,47.776282654113601],[-121.967563715471996,47.776165343865998],[-121.967444410324006,47.776068663248502]]}},
{"type":"Feature","properties":{"WTR_NAME":"Tolt River"},"geometry":{"type":"LineString","coordinates":[[-121.912922778592005,47.637833739578298],[-121.912631525267003,47.637767351746298],[-121.912611834431999,47.637763880038897]]}}
]
}
