{
"type": "FeatureCollection",
"name": "roads_exposed",
"crs": { "type": "name", "properties": { "name": "urn:ogc:def:crs:OGC:1.3:CRS84" } },
"features": [
{"type":"Feature","properties":{"FULLNAME_L":"310th Ave NE","FULLNAME_R":"310th Ave NE"},"geometry":{"type":"LineString","coordinates":[[-121.924125686848996,47.66579654810559],[-121.924085797242995,47.665870831470492],[-121.924000108049,47.665999859376896],[-121.923721757821994,47.666364321241808],[-121.923479871641987,47.66659655478459],[-121.923162458467019,47.666896085780294],[-121.922905751380995,47.667066306886895],[-121.922575744916003,47.6672009794747]]}},
{"type":"Feature","properties":{"FULLNAME_L":"West Snoqualmie Val Rd NE","FULLNAME_R":"West Snoqualmie Val Rd NE"},"geometry":{"type":"LineString","coordinates":[[-121.979580628576016,47.674629898322003],[-121.979649614585995,47.674743761658398],[-121.980122829822989,47.675446378257497],[-121.980226079971004,47.675572149436796],[-121.980374777885004,47.675733788953494],[-121.980654215843018,47.676025032245001],[-121.980897023118999,47.676265920731097],[-121.981141680403013,47.67649856471661],[-121.981843088863997,47.677146098782885],[-121.983873280573007,47.679040756828492],[-121.984902920772981,47.6800235663368],[-121.985230225663017,47.680365726394896],[-121.985331331561994,47.680485340309396],[-121.985401523977984,47.680584023300099],[-121.985512207564994,47.6807693459441],[-121.985572784718983,47.680892113986403],[-121.985668585573009,47.68113859182511],[-121.985708229012019,47.681278710430803],[-121.985805075679011,47.681663635279193],[-121.986207523642008,47.683470517121599],[-121.986275684646984,47.683660381971691],[-121.986342101430012,47.6838173629435],[-121.986509547172986,47.684135772659005],[-121.986759088713001,47.684585642637195],[-121.987274103000999,47.685470825337291],[-121.987469595629989,47.685771813531204],[-121.987677192919008,47.686069251556795],[-121.987870731187002,47.686327761132588],[-121.988073283521018,47.68658069547589]]}},
{"type":"Feature","properties":{"FULLNAME_L":"SE 42nd St","FULLNAME_R":"SE 42nd St"},"geometry":{"type":"LineString","coordinates":[[-121.898085294083998,47.568910379999295],[-121.899978992111983,47.568923092054987],[-121.900099515517013,47.56892307452469]]}},
{"type":"Feature","properties":{"FULLNAME_L":"SE 43rd St","FULLNAME_R":"SE 43rd St"},"geometry":{"type":"LineString","coordinates":[[-121.888029580671997,47.566580135657098],[-121.887387161730999,47.566513738313098],[-121.886814432986,47.566456195928495]]}},
{"type":"Feature","properties":{"FULLNAME_L":"SE Park St","FULLNAME_R":"SE Park St"},"geometry":{"type":"LineString","coordinates":[[-121.800310188388991,47.519628265013303],[-121.800353597588014,47.519701227960695],[-121.800414859623004,47.519784005018607],[-121.80046883186202,47.519852562550106],[-121.800559994986003,47.51993746476451],[-121.801414816475997,47.520752460018393],[-121.801516697286999,47.520846789369799],[-121.801628943534993,47.520931511069108],[-121.801731944428013,47.520991320798203],[-121.801834830988994,47.521045181902593],[-121.801937589220998,47.521091907341592],[-121.802056065932987,47.521133736303902],[-121.802181479577015,47.521170743634201],[-121.802331393352006,47.521202784983096],[-121.803052425272995,47.521339431604289],[-121.803799765476981,47.521473466394703],[-121.804006108985007,47.52151692249339],[-121.804224928417995,47.521569790812883],[-121.804401592445998,47.521623019066503],[-121.804601421651,47.521693900268893],[-121.804780219785997,47.521767340773792],[-121.805003569863999,47.521874907111702],[-121.805173964633994,47.521968649963299],[-121.805349115793021,47.522079320313601],[-121.805547622353004,47.52222451977461],[-121.805688547134011,47.522337897965691],[-121.805815555913981,47.522429952194592]]}},
{"type":"Feature","properties":{"FULLNAME_L":"Preston Fall City Rd SE","FULLNAME_R":"Preston Fall City Rd SE"},"geometry":{"type":"LineString","coordinates":[[-121.887969624887987,47.566938001323003],[-121.887964525260003,47.566968441597389],[-121.887919337759982,47.567212618656185],[-121.887930374709981,47.567312938323305],[-121.887959950656011,47.567427918895199],[-121.888020218338013,47.567532119354297]]}},
{"type":"Feature","properties":{"FULLNAME_L":"NE 124th St","FULLNAME_R":"NE 124th St"},"geometry":{"type":"LineString","coordinates":[[-121.989058770342993,47.709026396942384],[-121.991851925321001,47.709020755814997],[-121.993545785372021,47.709016982171093],[-121.994091442992982,47.709009906321597],[-121.995152474644996,47.708996140389409],[-121.997080414832013,47.708971103429107],[-121.998052258853008,47.708974152032603],[-121.999983360131992,47.708986178135191],[-122.000967113192985,47.708983247549192],[-122.003233570551004,47.708989826598597],[-122.00592041890701,47.708998424675293]]}},
{"type":"Feature","properties":{"FULLNAME_L":"SE 44th Pl","FULLNAME_R":"SE 44th Pl"},"geometry":{"type":"LineString","coordinates":[[-121.891596706914001,47.565243803220696],[-121.890936024360002,47.565075594690001],[-121.890909048398001,47.565068616308295]]}},
{"type":"Feature","properties":{"FULLNAME_L":"NE Tolt Hill Rd","FULLNAME_R":"NE Tolt Hill Rd"},"geometry":{"type":"LineString","coordinates":[[-121.940402624797002,47.634359011474501],[-121.940041926714997,47.634469022526098],[-121.939855329471996,47.634516456625903],[-121.938300828042998,47.634807445477293],[-121.93814500242101,47.634847556408793],[-121.938035194780994,47.634881868670504],[-121.937837530297998,47.634957468838195],[-121.937617250614011,47.635066493597293],[-121.937494123248001,47.635142187197793],[-121.937415183121999,47.635197486580509],[-121.937236811348015,47.635369721450701],[-121.937075322338998,47.6355494610861],[-121.936954382172999,47.635704427603393],[-121.936481355883998,47.636376504005682],[-121.936163321579002,47.636801946463301],[-121.936040003151987,47.636924406635785]]}},
{"type":"Feature","properties":{"FULLNAME_L":"338th Aly SE","FULLNAME_R":"337th Aly SE"},"geometry":{"type":"LineString","coordinates":[[-121.890426449078021,47.5659901642425],[-121.890909048398001,47.565068616308295]]}},
{"type":"Feature","properties":{"FULLNAME_L":"324th Ave SE","FULLNAME_R":"324th Ave SE"},"geometry":{"type":"LineString","coordinates":[[-121.908776180304997,47.572575014618906],[-121.908775717828007,47.572601666148891],[-121.908755071510996,47.573980667340592],[-121.908763429231016,47.574924866541792],[-121.908761049201999,47.575766222458903],[-121.908743982035006,47.577906970989098],[-121.908723415409995,47.579265449245092],[-121.908726892866994,47.579973346707597],[-121.908722875021994,47.580416436466301],[-121.908744893112015,47.580550574446796]]}},
{"type":"Feature","properties":{"FULLNAME_L":"332nd Ave SE","FULLNAME_R":"332nd Ave SE"},"geometry":{"type":"LineString","coordinates":[[-121.898091127177011,47.567907704375891],[-121.898085294083998,47.568910379999295]]}},
{"type":"Feature","properties":{"FULLNAME_L":"334th Pl SE","FULLNAME_R":"334th Pl SE"},"geometry":{"type":"LineString","coordinates":[[-121.894194769528994,47.568986508898696],[-121.894102533752985,47.569115113126095],[-121.894373729305983,47.569543731497397],[-121.894462384326985,47.569715977276708]]}},
{"type":"Feature","properties":{"FULLNAME_L":"SE Fish Hatchery Rd","FULLNAME_R":"SE Fish Hatchery Rd"},"geometry":{"type":"LineString","coordinates":[[-121.865437870367003,47.561383663067005],[-121.865553205574003,47.561429357102199],[-121.865635088568013,47.561473292990101],[-121.866919776930999,47.562373248773802],[-121.867867180669009,47.563013053069803],[-121.868090765016987,47.563154959664992],[-121.868322341690998,47.563291309595193],[-121.868561894498015,47.563421288661992],[-121.868807419695003,47.563545987084503],[-121.869491302455998,47.563856402751803],[-121.869649484896001,47.563928198388091],[-121.870083144052998,47.564143496245592],[-121.870340906206991,47.564271468624788],[-121.870673856777984,47.564412630390997],[-121.870850240492985,47.564471893067797],[-121.871032025681998,47.564522883694494],[-121.871402990479993,47.564640133871499],[-121.871672506289016,47.564748414453895],[-121.871752881732988,47.564792403665109],[-121.871798622745004,47.564826257651099],[-121.871876079092019,47.564926994580993],[-121.871896420818018,47.564982159040305],[-121.871902132239001,47.565019114891193],[-121.87190514139499,47.5650385839253],[-121.871901215506,47.565095639778299],[-121.871767089982995,47.565454231645596]]}},
{"type":"Feature","properties":{"FULLNAME_L":"Neal Rd SE","FULLNAME_R":"Neal Rd SE"},"geometry":{"type":"LineString","coordinates":[[-121.914493258469008,47.587473856214004],[-121.915241568554009,47.587965483837593],[-121.915544700506018,47.588218401040805],[-121.915631728558012,47.5883107874186],[-121.915778235708999,47.588486239692088],[-121.915807995833006,47.588553129650784],[-121.915809818376005,47.588592053551992],[-121.91580241536802,47.588625839449996],[-121.915781167099993,47.588675949949902],[-121.915695800999003,47.588809737739595],[-121.915651234581006,47.58885895693971],[-121.915576709064979,47.588929580961398],[-121.915253250728981,47.58921013253569],[-121.915152532546998,47.58928785980271],[-121.914874090466995,47.589492029837608],[-121.914688637824,47.589587868317111],[-121.914656062005008,47.589604886288704],[-121.914547113018983,47.589652276888707],[-121.914483280099986,47.5896774196409],[-121.914383299666014,47.589716803889203],[-121.914260555335986,47.589758584069493],[-121.914133129489016,47.589794494618801],[-121.914002536385993,47.589824266151602],[-121.913341323307989,47.589941973940697],[-121.912873274578999,47.589993586162009],[-121.912745149653986,47.5900202867197],[-121.912517571441001,47.590088251049401],[-121.912407959342005,47.590128232143691],[-121.912138997797996,47.590252791616408],[-121.912045865920987,47.5903057682794],[-121.911957901045014,47.590363622811793],[-121.911879121533019,47.590424688519292],[-121.911818491142,47.590481469458091],[-121.91177399542002,47.590534541333597],[-121.911586468747998,47.590824203843695]]}},
{"type":"Feature","properties":{"FULLNAME_L":"Neal Rd SE","FULLNAME_R":"Neal Rd SE"},"geometry":{"type":"LineString","coordinates":[[-121.887421058453995,47.570315201248903],[-121.887550834167996,47.570346814117393],[-121.887684518358995,47.570371363496008],[-121.887820090359995,47.570389298564102],[-121.888633092128018,47.570449186703598],[-121.889552364512014,47.570505384077599],[-121.889694896218003,47.570516652879896],[-121.889787919743,47.570533867735683],[-121.889857675103002,47.570552411866991],[-121.889885969759021,47.570564198951303]]}},
{"type":"Feature","properties":{"FULLNAME_L":"SE 24th St","FULLNAME_R":"SE 24th St"},"geometry":{"type":"LineString","coordinates":[[-121.920400328401001,47.586957196306798],[-121.920412771537983,47.586992204869397],[-121.920456374739004,47.587042510772406],[-121.920540541926997,47.5870946086415],[-121.920592607283993,47.587113478790791],[-121.920619083825002,47.587119910123306],[-121.92066272699698,47.587123605571705],[-121.920768103501004,47.587123969059007],[-121.926160415507013,47.587136251109293]]}},
{"type":"Feature","properties":{"FULLNAME_L":"NE Tolt Hill Rd","FULLNAME_R":"NE Tolt Hill Rd"},"geometry":{"type":"LineString","coordinates":[[-121.93096675812599,47.637856610689504],[-121.930264147577986,47.637943236107589],[-121.926978339431017,47.638260445796],[-121.926491458649991,47.638267737166608],[-121.926012783136002,47.638261550762991],[-121.925127984793988,47.638183004956097],[-121.924550171736016,47.638116464745003]]}},
{"type":"Feature","properties":{"FULLNAME_L":"SE 44th Pl","FULLNAME_R":"SE 44th Pl"},"geometry":{"type":"LineString","coordinates":[[-121.890909048398001,47.565068616308295],[-121.890267150667015,47.5649025699662]]}},
{"type":"Feature","properties":{"FULLNAME_L":"West Snoqualmie Val Rd NE","FULLNAME_R":"West Snoqualmie Val Rd NE"},"geometry":{"type":"LineString","coordinates":[[-121.978839814948017,47.673517602756],[-121.978957496234997,47.673686223907403],[-121.979220067366981,47.674068009485403],[-121.979333582633018,47.674239786840594],[-121.979420506596,47.674390656750091],[-121.979580628576016,47.674629898322003]]}},
{"type":"Feature","properties":{"FULLNAME_L":"SE David Powell Rd","FULLNAME_R":"SE David Powell Rd"},"geometry":{"type":"LineString","coordinates":[[-121.862724082472994,47.553088853369907],[-121.862570807180006,47.553120397687699],[-121.862420704117,47.5531587729037],[-121.862274785383008,47.553203961643199],[-121.862134063241996,47.553255954760203],[-121.861998521743018,47.553313946347394],[-121.861782324499018,47.553389372943499],[-121.86156196406499,47.553459095585602],[-121.861224622934998,47.553552623862899],[-121.859666464137987,47.553916274421013],[-121.858775102450011,47.554103902613399],[-121.858144173083005,47.554224419103399],[-121.857969135657996,47.55425785323051],[-121.857604454140997,47.554300338438999],[-121.857358753455003,47.554317631652204],[-121.857112890987011,47.554326700586991],[-121.856742252971998,47.554323740328897],[-121.856570894162004,47.554311313829807],[-121.856350469201985,47.554275176729199],[-121.856083176026004,47.554224115418698],[-121.855819818271002,47.554166980787699],[-121.855631575496005,47.55411987650789],[-121.855520494469999,47.55408330821529],[-121.855415363979006,47.554040385807895],[-121.855316173131001,47.553990552828303],[-121.85522394535198,47.553934364889095],[-121.855140726168003,47.553872867412295],[-121.855032430826995,47.553771582411507],[-121.854723173987992,47.553439313624793],[-121.854560532216993,47.553251592601406],[-121.85439085928401,47.55306668173089],[-121.85421114501402,47.552885970658302],[-121.854024410481003,47.552708620655793],[-121.853835979858005,47.552547993704898],[-121.853637518802998,47.552392122915897],[-121.853431068044003,47.55224181244251],[-121.853214598790018,47.552097072219105],[-121.852326896901019,47.551539422529402],[-121.852127700016993,47.551397267177101],[-121.851936499277016,47.551249556365399],[-121.851756201290002,47.5510902240568],[-121.851587949215016,47.55097713527789],[-121.851346557181998,47.550799714074806],[-121.851030105161996,47.550537329207202]]}},
{"type":"Feature","properties":{"FULLNAME_L":"Cedar Pl SE","FULLNAME_R":"Cedar Pl SE"},"geometry":{"type":"LineString","coordinates":[[-121.832235572249004,47.530701342155098],[-121.832209239592999,47.530760107379997],[-121.832185233862006,47.530798398205107],[-121.832145400691005,47.530832257708191],[-121.831513703485015,47.531198802682589],[-121.831458507790003,47.531252598987884],[-121.831446153739009,47.531312111726102],[-121.831454705716993,47.531523757888898]]}},
{"type":"Feature","properties":{"FULLNAME_L":"NE 80th St","FULLNAME_R":"NE 80th St"},"geometry":{"type":"LineString","coordinates":[[-121.978839814948017,47.673517602756],[-121.978747603190016,47.673519179647997],[-121.978628046957013,47.673520381543796],[-121.978245346752018,47.673518843104596],[-121.97743827011702,47.673502754358992]]}},
{"type":"Feature","properties":{"FULLNAME_L":"WJ Adair Rd","FULLNAME_R":"WJ Adair Rd"},"geometry":{"type":"LineString","coordinates":[[-121.967651527845007,47.686616832606092],[-121.967684760753002,47.68695339809809],[-121.967849155643989,47.687694784154907],[-121.967986602593996,47.688224635754104],[-121.968058820050985,47.688370601978086],[-121.968116481858004,47.688454337587707],[-121.968174739683008,47.688518874770594],[-121.968989091780017,47.689178386365192],[-121.969088922875017,47.689287062760791],[-121.96920359664,47.689470990119297],[-121.969272684505,47.689612874137097],[-121.969391899835998,47.690004445964405],[-121.969419247721987,47.690048041848591],[-121.969521261105996,47.690163547843802]]}},
{"type":"Feature","properties":{"FULLNAME_L":"298th Pl NE","FULLNAME_R":"298th Pl NE"},"geometry":{"type":"LineString","coordinates":[[-121.936040003151987,47.636924406635785],[-121.935428479833021,47.63645750705809],[-121.935324478552019,47.636425505601295],[-121.935212475416989,47.636417508911798],[-121.935028467468996,47.636461510134701]]}},
{"type":"Feature","properties":{"FULLNAME_L":"West Snoqualmie Val Rd NE","FULLNAME_R":"West Snoqualmie Val Rd NE"},"geometry":{"type":"LineString","coordinates":[[-121.970760417631993,47.664339699966995],[-121.970822212765,47.664507063840993],[-121.971000835064004,47.664892526980502],[-121.971143239715005,47.665260201005104],[-121.971465545620021,47.665662384314203],[-121.971971604371021,47.666274502953101],[-121.972282713601018,47.66657393241799],[-121.97258434405498,47.6668492513787],[-121.973003725036989,47.667183897342206],[-121.973313921016015,47.667440978125001],[-121.974039623503003,47.66800872384389],[-121.974302517599995,47.668278375162302],[-121.974432566108007,47.668464268041802],[-121.974563437371003,47.668687591629791],[-121.974720096634016,47.668937885388601],[-121.974840071794986,47.669123878754],[-121.975109805898995,47.669475145802501],[-121.975414136905002,47.669795434177502],[-121.975619545600011,47.669979956103703],[-121.976309037899014,47.670620329965594],[-121.977282928617981,47.671507577459103],[-121.977575465160015,47.6718397025993],[-121.978113877957995,47.672491182233088],[-121.978421828616007,47.672878855316192],[-121.978839814948017,47.673517602756]]}},
{"type":"Feature","properties":{"FULLNAME_L":"337th Pl SE","FULLNAME_R":"337th Pl SE"},"geometry":{"type":"LineString","coordinates":[[-121.891596706914001,47.565243803220696],[-121.892207897183994,47.56407372668999],[-121.892617796475008,47.56333953052269]]}},
{"type":"Feature","properties":{"FULLNAME_L":"SE Park St","FULLNAME_R":"SE Park St"},"geometry":{"type":"LineString","coordinates":[[-121.805815555913981,47.522429952194592],[-121.80598713755802,47.522542006547496],[-121.806259587464979,47.522703414014593],[-121.806467205320999,47.522796109625702],[-121.806661205951997,47.522870927683314],[-121.806988855506006,47.522989586045099],[-121.807742301600996,47.5232959855472]]}},
{"type":"Feature","properties":{"FULLNAME_L":"SE 42nd St","FULLNAME_R":"SE 42nd St"},"geometry":{"type":"LineString","coordinates":[[-121.896911799110015,47.568902472164289],[-121.898085294083998,47.568910379999295]]}},
{"type":"Feature","properties":{"FULLNAME_L":"West Snoqualmie Val Rd NE","FULLNAME_R":"West Snoqualmie Val Rd NE"},"geometry":{"type":"LineString","coordinates":[[-122.006558937132013,47.710605145591003],[-122.006826695491014,47.711286040909592],[-122.007218740839008,47.71222202793119],[-122.007359171055995,47.712557296779799],[-122.007465562028997,47.712860710838797],[-122.00752568866902,47.713071892831195],[-122.007558770925016,47.713209927956193],[-122.007884789507997,47.715320496497199],[-122.008156752241007,47.716993533853291]]}},
{"type":"Feature","properties":{"FULLNAME_L":"NE Tolt Hill Rd","FULLNAME_R":"NE Tolt Hill Rd"},"geometry":{"type":"LineString","coordinates":[[-121.932260588545006,47.637721331655101],[-121.93096675812599,47.637856610689504]]}},
{"type":"Feature","properties":{"FULLNAME_L":"NE 100th St","FULLNAME_R":"NE 100th St"},"geometry":{"type":"LineString","coordinates":[[-121.988073283521018,47.68658069547589],[-121.987991443224985,47.686597975466903],[-121.987854290626018,47.686615774647485],[-121.987825443394996,47.686619535257698],[-121.987579099865997,47.686634368666382],[-121.983217924735982,47.686647919152499],[-121.982977898970006,47.686648662829995],[-121.978985687248993,47.6866362599743]]}},
{"type":"Feature","properties":{"FULLNAME_L":"NE Stella St","FULLNAME_R":"NE Stella St"},"geometry":{"type":"LineString","coordinates":[[-121.983264511266995,47.740835266579793],[-121.981831416022004,47.740822200442992]]}},
{"type":"Feature","properties":{"FULLNAME_L":"NE Carnation Farm Rd","FULLNAME_R":"NE Carnation Farm Rd"},"geometry":{"type":"LineString","coordinates":[[-121.959764116086006,47.67860956749589],[-121.959443072739006,47.678758825471206],[-121.959147927274003,47.678862074610791],[-121.958488882845998,47.678987166185493],[-121.958286638957006,47.678998287719594],[-121.958111483150006,47.679018266134506],[-121.957637428004006,47.678968194159594],[-121.957297856325994,47.678871214446993],[-121.956618800778003,47.678704616819992],[-121.95570746508902,47.678403483382397],[-121.955338844562007,47.678206448778887],[-121.955098316120015,47.678075791597799],[-121.954822312952004,47.6779258629495],[-121.954382213754002,47.677686787307209],[-121.953682013717994,47.67717376533809],[-121.95331144450499,47.676885538369397],[-121.953214211583997,47.67677703697769],[-121.953058498250002,47.676662815118391]]}},
{"type":"Feature","properties":{"FULLNAME_L":"SE 43rd St","FULLNAME_R":"SE 43rd St"},"geometry":{"type":"LineString","coordinates":[[-121.889271871366006,47.566737096586699],[-121.888591038517006,47.566574413357792]]}},
{"type":"Feature","properties":{"FULLNAME_L":"NE 138th St","FULLNAME_R":"NE 138th St"},"geometry":{"type":"LineString","coordinates":[[-122.007465435418013,47.72462499180201],[-122.007405854463002,47.724640687821285],[-122.007270663246018,47.724659728467209],[-122.007196040010996,47.724661437030093],[-122.007059113130012,47.724648281923898],[-122.006988155166994,47.724632734147598],[-122.006866277241002,47.724588918712598],[-122.006807166341019,47.72455799630351],[-122.006714682461009,47.724488774364595],[-122.00667460923502,47.724446176110099],[-122.006179657079002,47.723761450704991],[-122.006169591494,47.723719689739298],[-122.006166206226979,47.723705637206407],[-122.006144147943999,47.723651028136985],[-122.006075788560992,47.723547885605491],[-122.006021719597982,47.723492750249903],[-122.005908103473004,47.723409778276107],[-122.005842823276012,47.723375661564091],[-122.005535068103995,47.723242420984192],[-122.005356839911016,47.723177166558891],[-122.005035661105012,47.723079360487297],[-122.004716015217014,47.72300442080131],[-122.002933352645996,47.722468529817597],[-122.002788632275013,47.722447481929592],[-122.002683924872017,47.722444015229705],[-122.001564884730001,47.722449334464493],[-122.000687039069007,47.722453503772499],[-121.997828714398992,47.722453537849702],[-121.997758944015004,47.722453540154611],[-121.997571911007995,47.722429953827998],[-121.997294413817016,47.722394957993494],[-121.997142542394002,47.722395559335894],[-121.991984194277009,47.722415707596198],[-121.990523038947018,47.722420004293397],[-121.989930073970001,47.722432188761097],[-121.989376848818992,47.722437132022606]]}},
{"type":"Feature","properties":{"FULLNAME_L":"Snoqualmie Elem School AcRd","FULLNAME_R":"Snoqualmie Elem School AcRd"},"geometry":{"type":"LineString","coordinates":[[-121.808426500466993,47.523583713980109],[-121.808797861109994,47.523174851275499]]}},
{"type":"Feature","properties":{"FULLNAME_L":"Preston Fall City Rd SE","FULLNAME_R":"Preston Fall City Rd SE"},"geometry":{"type":"LineString","coordinates":[[-121.888052565923005,47.566464900585494],[-121.888029580671997,47.566580135657098]]}},
{"type":"Feature","properties":{"FULLNAME_L":"SE Redmond Fall City Aly","FULLNAME_R":"SE 43rd Aly"},"geometry":{"type":"LineString","coordinates":[[-121.889022674081005,47.567211321237203],[-121.887969624887987,47.566938001323003]]}},
{"type":"Feature","properties":{"FULLNAME_L":"Preston Fall City Aly SE","FULLNAME_R":"338th Aly SE"},"geometry":{"type":"LineString","coordinates":[[-121.888591038517006,47.566574413357792],[-121.889077882400002,47.565660705034382]]}},
{"type":"Feature","properties":{"FULLNAME_L":"West Snoqualmie Rvr Rd NE","FULLNAME_R":"West Snoqualmie Rvr Rd NE"},"geometry":{"type":"LineString","coordinates":[[-121.933552047283015,47.624246948790898],[-121.933578714892008,47.625028481753397],[-121.933596563270982,47.625105550342802],[-121.933629372100015,47.625194469555595],[-121.933676384164016,47.625283978029302],[-121.933725082811989,47.625352553225099],[-121.933745879048999,47.625381837164305],[-121.933799894505,47.625442919768702],[-121.934337818406007,47.625931537970196],[-121.93664343495702,47.628025687452705],[-121.936761933854001,47.628162743269591],[-121.936876036008016,47.62833149807269],[-121.936963419519003,47.628507363495302],[-121.936997269629003,47.628597387610995],[-121.937047940691002,47.628811138263096],[-121.937060493712011,47.628996557636498],[-121.937044647961017,47.62918182464179],[-121.93702581302,47.629273812696297],[-121.936848995384992,47.629781298509201],[-121.936668812722004,47.630297812369101],[-121.936315730989989,47.631411820736808],[-121.935907248429004,47.632639763989992],[-121.935600353437991,47.633566070558004],[-121.935584656721005,47.633639049410796],[-121.935526351229001,47.633806521855504],[-121.935492344349001,47.633876637339405],[-121.935439015209013,47.633968100841102],[-121.935376503014979,47.634056914182004],[-121.935304798611995,47.634142646977288],[-121.935159738207005,47.634284051203608],[-121.935016567180995,47.634395192500492],[-121.934938568248015,47.634446927712411],[-121.934143387692004,47.634847764187597],[-121.934049723230984,47.634902265892997],[-121.933931702101006,47.634979872074098],[-121.933821906992989,47.635062846507999],[-121.933650798613996,47.635219624120694],[-121.933566112932994,47.635315118549997],[-121.933442561513004,47.635490930205293],[-121.933377879019005,47.635669169677698],[-121.933197307976997,47.636577537378898],[-121.933167248598011,47.636642730891403],[-121.93309727882901,47.63673889708199],[-121.933057060772001,47.636779298923798],[-121.932940230038014,47.636865512636589],[-121.932812265383006,47.6369287782233],[-121.932409705401994,47.637075193095896],[-121.931209763026999,47.637519619989405],[-121.931088155769018,47.637562192559997],[-121.930992428118003,47.637621764636592],[-121.93096822156302,47.637684097650798],[-121.93095983507699,47.637770428310098],[-121.93096675812599,47.637856610689504]]}},
{"type":"Feature","properties":{"FULLNAME_L":"316th Ave SE","FULLNAME_R":"316th Ave SE"},"geometry":{"type":"LineString","coordinates":[[-121.920211999087002,47.583663436456497],[-121.920258976835996,47.5837021865254],[-121.920292167417003,47.583739140878002],[-121.920338417742002,47.58381932318629],[-121.920365954646002,47.583973668103887],[-121.920372945366012,47.586880173155706],[-121.920400328401001,47.586957196306798]]}},
{"type":"Feature","properties":{"FULLNAME_L":"NE Tolt Hill Rd","FULLNAME_R":"NE Tolt Hill Rd"},"geometry":{"type":"LineString","coordinates":[[-121.936040003151987,47.636924406635785],[-121.936037567854981,47.636926829270799],[-121.935995466988999,47.636968635000095],[-121.935880816029993,47.637061597347802],[-121.935762397918012,47.637144692783096],[-121.935549528929002,47.637269064095698],[-121.935432096187,47.637326536032894],[-121.935332069980007,47.63736811806519],[-121.935089909991007,47.637450526833291],[-121.934951783468989,47.6374888361469],[-121.934783747333995,47.637527519643506],[-121.934639289992006,47.637554234561897],[-121.934493195518016,47.637575481592584],[-121.932877012111021,47.637664660261898],[-121.932353654599993,47.637709981719702],[-121.932260588545006,47.637721331655101]]}},
{"type":"Feature","properties":{"FULLNAME_L":"Unnamed","FULLNAME_R":"Unnamed"},"geometry":{"type":"LineString","coordinates":[[-121.932260588545006,47.637721331655101],[-121.93239483471902,47.637907205308906],[-121.932568638660996,47.638021323212506],[-121.932871735922006,47.637966944478997],[-121.933574290146993,47.637882960248803],[-121.933878709235003,47.637867170137092],[-121.934792274529997,47.637858335710192],[-121.934963358234981,47.637843783189098],[-121.935547243488983,47.637567982904699],[-121.935679762719005,47.637528101288297],[-121.935887500873008,47.637448889754801],[-121.936243787078993,47.637200996484097],[-121.936541106668002,47.636850722752001],[-121.936799309898021,47.636449421890894],[-121.937060003392986,47.636189552389489],[-121.937117016805004,47.636176148982301],[-121.937346239035008,47.636225378491893],[-121.937517586348008,47.6362237168033],[-121.938033556695999,47.636308762182402],[-121.938526853083005,47.6363770154016],[-121.938650626051,47.636426882043786],[-121.93866161358001,47.636490562664797],[-121.938578478685997,47.636587117864011],[-121.938493850845006,47.636613426880096],[-121.938353629182004,47.636672236246696],[-121.937921161474009,47.636746649602493],[-121.937761402286,47.636792838230384],[-121.937622805339984,47.636928230494888],[-121.937589523608011,47.637151878693885],[-121.937589745710994,47.637592232218509],[-121.937456729014016,47.638014680047199],[-121.937291501611,47.638233271391002],[-121.937228167326012,47.63835511830581],[-121.937202349285002,47.638476606938802],[-121.937641606889002,47.638721250694907],[-121.938006647484016,47.639004868813593],[-121.938329866838984,47.639109944567878]]}},
{"type":"Feature","properties":{"FULLNAME_L":"SE 28th St","FULLNAME_R":"SE 28th St"},"geometry":{"type":"LineString","coordinates":[[-121.913547640382021,47.583517157474695],[-121.913568966271001,47.58352957525431],[-121.913606716106017,47.583542368936506],[-121.913671825596992,47.583555459306609],[-121.913744810720985,47.583557507782196],[-121.914890448517014,47.583549358252796],[-121.916824389211001,47.58354684794211],[-121.919830265844993,47.583548332431199],[-121.919952007618988,47.583556507836498],[-121.920020145782004,47.58356900907421],[-121.920105812463007,47.583596164761403],[-121.920194548799017,47.583649036218802],[-121.920211999087002,47.583663436456497]]}},
{"type":"Feature","properties":{"FULLNAME_L":"Railroad Way NE","FULLNAME_R":"Railroad Way NE"},"geometry":{"type":"LineString","coordinates":[[-121.989902653162005,47.730206257777994],[-121.989817423961,47.729895815480894],[-121.989735170129009,47.729623898641094],[-121.989712704691996,47.72956557831251],[-121.989684114612018,47.7295173152567],[-121.989644562229998,47.7294520278544],[-121.989605327907,47.729401017122591],[-121.989568368393009,47.72935712361361],[-121.98953371645699,47.729321774096903],[-121.989061648984006,47.728938139374691],[-121.989012311639996,47.728908651025399],[-121.988952585359002,47.728887836000091],[-121.988895133728008,47.728874137508193],[-121.988820880358006,47.728866321719899],[-121.988738353713018,47.728867157775788],[-121.988672914804994,47.728874960973386],[-121.988605517966008,47.7288899235757],[-121.988548765313013,47.72890763458161],[-121.98850900506001,47.72892802971019],[-121.988469371831997,47.728954135363203],[-121.988427844156007,47.728990256053095],[-121.988390898307998,47.729042038700783],[-121.988366617091998,47.72909226529589],[-121.988363369224018,47.729136566371501],[-121.98836130179302,47.7295192953286],[-121.988356192238996,47.729575039590401],[-121.988342522314994,47.729626586501098],[-121.988320294030004,47.729673936036903],[-121.988253606898013,47.729815984637995]]}},
{"type":"Feature","properties":{"FULLNAME_L":"Private Rd","FULLNAME_R":"Private Rd"},"geometry":{"type":"LineString","coordinates":[[-121.928954021329019,47.59933110507901],[-121.930943695452001,47.599324437528409],[-121.933553373967996,47.599284622217908],[-121.935257191546,47.599292720756097],[-121.935387820081019,47.599293341809705],[-121.935439338831003,47.599285560606184],[-121.935487661953005,47.599270440455498],[-121.935529771616999,47.599249038762593],[-121.935563639747002,47.599221295671398],[-121.935582810560021,47.599193220638199],[-121.935606478646989,47.599138627483391],[-121.935712762484997,47.598893580016203],[-121.935731448688998,47.598818902276179],[-121.935738960730021,47.59874295918199],[-121.935735328559005,47.598667162458398],[-121.935709138405983,47.598555003599401],[-121.935578002938016,47.598200745925993],[-121.93543439098201,47.597711831720289],[-121.93542442821601,47.597647924319503],[-121.935423717779003,47.597636961373993],[-121.935396394222991,47.597209512452103],[-121.935391927197003,47.59710880658929],[-121.935382373165993,47.596893426059395]]}},
{"type":"Feature","properties":{"FULLNAME_L":"310th Ave NE","FULLNAME_R":"310th Ave NE"},"geometry":{"type":"LineString","coordinates":[[-121.922575744916003,47.6672009794747],[-121.922397343877989,47.667282711603605],[-121.922149807639997,47.667406526748707],[-121.921969934559982,47.66753916479859],[-121.921875909937015,47.667652563138503],[-121.921726084389988,47.667742202546989],[-121.921696317119995,47.667750196766299],[-121.921322353110995,47.667845316237397],[-121.921073293002991,47.667945243633497],[-121.920812962246998,47.6680398356742],[-121.920501980650016,47.668138595415698],[-121.920203786697002,47.668266618461203],[-121.920011165589997,47.668396586592401],[-121.919612504723005,47.668694359937902],[-121.919439474263015,47.668766478359203],[-121.919235551626016,47.668889961700103],[-121.91909396408002,47.669034307583402],[-121.918960745717001,47.669117446044801],[-121.918767409059996,47.669213835041205],[-121.918610639023001,47.669262755519497],[-121.918406041544003,47.669402902681703]]}},
{"type":"Feature","properties":{"FULLNAME_L":"West Snoqualmie Rvr Rd NE","FULLNAME_R":"West Snoqualmie Rvr Rd NE"},"geometry":{"type":"LineString","coordinates":[[-121.933665927325009,47.610432898424897],[-121.933729361483003,47.610580431085403],[-121.933808892306004,47.610722401278394],[-121.934050271977,47.611088275465306],[-121.934360040608013,47.611524351292097],[-121.934422774609004,47.611662974131995],[-121.934451430635008,47.611747776726894],[-121.93447579322401,47.611845046562799],[-121.934490416266001,47.611937310946303],[-121.934497414846987,47.612076429190303],[-121.934550142554016,47.614999032540297],[-121.934568624799994,47.615058056738093],[-121.934596552317998,47.615108339248984],[-121.934668697846021,47.615188309448392],[-121.93477560191802,47.615258133150505],[-121.934833925681986,47.615283741596002],[-121.934896198429001,47.615304346442606],[-121.935014268475996,47.615326980165804],[-121.935233893442998,47.615358270586185],[-121.935356317135984,47.615394998371997],[-121.935408504085004,47.615418011918699],[-121.935507122817015,47.6154794760116],[-121.935551028046021,47.615518291012492],[-121.935613052733018,47.615598745242799],[-121.935635323266993,47.615645309625791],[-121.935651334862996,47.615707269351702],[-121.935714779948,47.618630070370095],[-121.935771193191997,47.621483835747298],[-121.935744639106019,47.621594276466396],[-121.935683730421985,47.621710193472602],[-121.935591182847006,47.621816220204877],[-121.935470973605007,47.621908674259991],[-121.935200044497009,47.622041276491593],[-121.934743482889999,47.622241131550403],[-121.93442977875398,47.622365536671502],[-121.934260382648006,47.622432717279487],[-121.934213081639001,47.622456926736398],[-121.934079844101021,47.622525114512399],[-121.933996801451002,47.62257745187339],[-121.933930409491012,47.622628029717205]]}},
{"type":"Feature","properties":{"FULLNAME_L":"SE Redmond Fall City Aly","FULLNAME_R":"SE 43rd Aly"},"geometry":{"type":"LineString","coordinates":[[-121.89035800940799,47.567535105670501],[-121.889022674081005,47.567211321237203]]}},
{"type":"Feature","properties":{"FULLNAME_L":"321st Ave SE","FULLNAME_R":"321st Ave SE"},"geometry":{"type":"LineString","coordinates":[[-121.912921719234021,47.581434418906198],[-121.912971643443001,47.581497005490696],[-121.913017698431005,47.581568410646199],[-121.913535345858989,47.582641563983003],[-121.913556000078003,47.582758150386695],[-121.913560141716005,47.582860112787884],[-121.91355503602999,47.582980242190793],[-121.913508786552015,47.583485722057894],[-121.913520768539996,47.583501502250009],[-121.913547640382021,47.583517157474695]]}},
{"type":"Feature","properties":{"FULLNAME_L":"NE 80th St","FULLNAME_R":"NE 80th St"},"geometry":{"type":"LineString","coordinates":[[-121.97743827011702,47.673502754358992],[-121.977255363726997,47.673492209049101],[-121.976663425745997,47.673479643747093],[-121.973111796146995,47.673450112330897],[-121.970660765624984,47.673419817099791],[-121.970622190751996,47.6734193412479],[-121.96770611919402,47.67337794067231],[-121.963930790570004,47.673327730570584],[-121.963099225836004,47.673309249930391],[-121.962749147959997,47.673311347193192]]}},
{"type":"Feature","properties":{"FULLNAME_L":"Preston Fall City Rd SE","FULLNAME_R":"Preston Fall City Rd SE"},"geometry":{"type":"LineString","coordinates":[[-121.888029580671997,47.566580135657098],[-121.887969624887987,47.566938001323003]]}},
{"type":"Feature","properties":{"FULLNAME_L":"NE Woodinville Duvall Rd","FULLNAME_R":"NE Woodinville Duvall Rd"},"geometry":{"type":"LineString","coordinates":[[-122.008929697165001,47.743846003990797],[-122.008705166205019,47.743826298090397],[-122.008223913075,47.743801010452898],[-122.007982467652994,47.743796899913498],[-122.007499954381998,47.743805721888897],[-122.007300798806,47.743806915970602],[-122.002628886530005,47.743772383655489],[-122.001342159903004,47.743764743203506],[-121.996910222771007,47.743804034766804],[-121.993091124957985,47.743845661199003],[-121.992914393763016,47.74384985944571],[-121.992508277841992,47.743844047534999],[-121.992297148817002,47.743832395851598],[-121.992086904011018,47.743814826250699],[-121.991681893220004,47.743767442943394]]}},
{"type":"Feature","properties":{"FULLNAME_L":"332nd Ave SE","FULLNAME_R":"332nd Ave SE"},"geometry":{"type":"LineString","coordinates":[[-121.898085294083998,47.568910379999295],[-121.898075651395004,47.571262426220301]]}},
{"type":"Feature","properties":{"FULLNAME_L":"NE Woodinville Duvall Rd","FULLNAME_R":"NE Woodinville Duvall Rd"},"geometry":{"type":"LineString","coordinates":[[-122.017339812357008,47.752386873178594],[-122.017217021628994,47.751326128479491],[-122.017191479203007,47.751208923923684],[-122.017164596384006,47.751122065774901],[-122.017076725880017,47.750923596644803],[-122.017028090242988,47.750841076834107],[-122.016949283231,47.750732112785585],[-122.016912648182995,47.7506814515081],[-122.016773525039994,47.750530724803504],[-122.016497701488007,47.750290851226495],[-122.014733745751997,47.748882193895],[-122.014551335820997,47.748704582550801],[-122.014470445845987,47.748611255699984],[-122.014413077049994,47.74853610196179],[-122.014397116403998,47.748515193731407],[-122.014331353390986,47.748416657068695],[-122.014273164445996,47.748315982886595],[-122.014180548390996,47.748109253130103],[-122.014146132734012,47.748003704687797],[-122.01411982440402,47.747897129154197],[-122.013974090730017,47.746829133792303],[-122.013849065391994,47.7459128167527],[-122.013846675175998,47.745830072129301],[-122.013816394120994,47.745638119704203],[-122.013788340080993,47.745544072978596],[-122.013751648001005,47.745450033365593],[-122.013654025615992,47.745268628897392],[-122.013583670637018,47.745169023436304],[-122.013524095620994,47.745096554395296],[-122.013364962796999,47.744936261706393],[-122.013287785225003,47.744871772280199],[-122.013119399058994,47.7447514160067],[-122.012901117991007,47.7446266949745],[-122.012800946804006,47.74457889099579],[-122.012553815928996,47.744481457807602],[-122.012442749498021,47.744446106958186],[-122.012213769493997,47.744387122841303],[-122.011987241268017,47.744348547544604],[-122.009979556461005,47.744006628100692],[-122.009372467757998,47.743899618758391],[-122.008929697165001,47.743846003990797]]}},
{"type":"Feature","properties":{"FULLNAME_L":"SR 202","FULLNAME_R":"SR 202"},"geometry":{"type":"LineString","coordinates":[[-121.868278457228996,47.564384064016302],[-121.867810457444008,47.564049032961606],[-121.867434356432994,47.563780183956204],[-121.866930415908996,47.563419582606393],[-121.866585416224012,47.563180988347902],[-121.866373791830014,47.563040417109598],[-121.866139127159016,47.562895561770993],[-121.865959301098997,47.562792475897403],[-121.865716541157013,47.562664828412892],[-121.865387508010002,47.562509040339997]]}},
{"type":"Feature","properties":{"FULLNAME_L":"SE Park St","FULLNAME_R":"SE Park St"},"geometry":{"type":"LineString","coordinates":[[-121.808426500466993,47.523583713980109],[-121.809948292870004,47.524233769128209],[-121.810607065547984,47.524520258327406]]}},
{"type":"Feature","properties":{"FULLNAME_L":"Lake Langlois Rd NE","FULLNAME_R":"Lake Langlois Rd NE"},"geometry":{"type":"LineString","coordinates":[[-121.877431556645988,47.642759112417394],[-121.877216376101003,47.64287756538441],[-121.876790597845002,47.643114943520793],[-121.876668149313005,47.6431792132936],[-121.875816252030006,47.643511569174898],[-121.875593969933007,47.643604764070503]]}},
{"type":"Feature","properties":{"FULLNAME_L":"SE Northern St","FULLNAME_R":"SE Northern St"},"geometry":{"type":"LineString","coordinates":[[-121.828165164457019,47.531968054668198],[-121.828273291754002,47.531962347599901]]}},
{"type":"Feature","properties":{"FULLNAME_L":"West Snoqualmie Rvr Rd SE","FULLNAME_R":"West Snoqualmie Rvr Rd SE"},"geometry":{"type":"LineString","coordinates":[[-121.928644401344002,47.600557858006091],[-121.928721321393979,47.600312329672285],[-121.928849114960002,47.599739437839304],[-121.928954021329019,47.59933110507901]]}},
{"type":"Feature","properties":{"FULLNAME_L":"Mountain Ave SE","FULLNAME_R":"Mountain Ave SE"},"geometry":{"type":"LineString","coordinates":[[-121.808639563547999,47.526645167566592],[-121.809214907809007,47.526011353015207]]}},
{"type":"Feature","properties":{"FULLNAME_L":"West Snoqualmie Rvr Rd SE","FULLNAME_R":"West Snoqualmie Rvr Rd SE"},"geometry":{"type":"LineString","coordinates":[[-121.929654218760007,47.608180444068402],[-121.929533152838005,47.608159245831203],[-121.929414505492019,47.6081323733857],[-121.929298784641006,47.608100071348289],[-121.929187005586016,47.608062420428801],[-121.929079171932003,47.608019590593891],[-121.928975795808995,47.607971834650009],[-121.928807576267999,47.60787710855351],[-121.928719650790001,47.607816991800597],[-121.928581422874018,47.607702485434693],[-121.928461141162018,47.607573793015405],[-121.928407435881013,47.607501993020485],[-121.92835866245801,47.607424110910387],[-121.928298543178016,47.607290627990395],[-121.928285831231008,47.607262403182908],[-121.928257291595017,47.607158449525009],[-121.928237555888998,47.606557635802901],[-121.928253089066999,47.605176493730099],[-121.928250555106004,47.603080562974689],[-121.928263734454021,47.602262018518701],[-121.928266581660992,47.602242431348209],[-121.928391215341009,47.6013847968497],[-121.928524758744004,47.600940373219508],[-121.928644401344002,47.600557858006091]]}},
{"type":"Feature","properties":{"FULLNAME_L":"NE 100th St","FULLNAME_R":"NE 100th St"},"geometry":{"type":"LineString","coordinates":[[-121.967651527845007,47.686616832606092],[-121.967499123325993,47.686633771989705],[-121.965364403086994,47.686636490222803],[-121.964971774295989,47.686646558728505],[-121.964824021861006,47.686597475642102],[-121.964652755585007,47.686540740441302],[-121.964293396830001,47.686400363941303],[-121.963980608648001,47.686300653711008],[-121.963660334211994,47.6862770957569],[-121.963288752150007,47.686274611729701],[-121.962887393950993,47.686303266634809],[-121.962447392911983,47.68637548600141],[-121.962056194625021,47.686451332966598],[-121.961786112295016,47.68649513434049],[-121.961402171553004,47.686484541192499],[-121.960841327992981,47.686461305550395],[-121.960106894242017,47.686437721825193],[-121.959869225353003,47.686384720520891]]}},
{"type":"Feature","properties":{"FULLNAME_L":"NE 32nd St","FULLNAME_R":"NE 32nd St"},"geometry":{"type":"LineString","coordinates":[[-121.901026494839996,47.639368020776594],[-121.900501330444996,47.639548750813908],[-121.900144994626984,47.639596136336102],[-121.89995627110099,47.639591949364807],[-121.899780121354013,47.639557786644005],[-121.899608083124988,47.639496011361807],[-121.899429674006001,47.639431948538004],[-121.899187780486997,47.639332381862296],[-121.898931644921021,47.639205297420808],[-121.898687965370002,47.639084388182098],[-121.898645772978995,47.639063452147695],[-121.898504601539997,47.6389795209559],[-121.898340151537994,47.638897479808399],[-121.898158611235004,47.638822962604003],[-121.897960025196994,47.6387579483875],[-121.897690451660011,47.638693298607599],[-121.897245609652003,47.63861250036669],[-121.897160301162003,47.638606486979398],[-121.897074097285994,47.638606478100193],[-121.896988524793983,47.638612547199486],[-121.896782977073016,47.638653537184702],[-121.896706447254005,47.638696535226195],[-121.896596488984997,47.638758311076593],[-121.89636851403101,47.638917533819196],[-121.895984651823994,47.639116077415892],[-121.895774191369,47.639214389280397],[-121.895510290020994,47.639327936208097],[-121.895045591124003,47.63951652414049],[-121.894942843072982,47.639575568885803],[-121.894759203549,47.639721269377006],[-121.89472148340802,47.639760992514503],[-121.894376908118005,47.640071364891291],[-121.894285138098994,47.640122169213392],[-121.894229795261012,47.640143423469695],[-121.894100070465015,47.64017277615789],[-121.893966911302002,47.640182924585602],[-121.893590287676005,47.640190204950102],[-121.893561048519018,47.640198661336505],[-121.893530469018017,47.640215994265994],[-121.893514035129002,47.640242067769996]]}},
{"type":"Feature","properties":{"FULLNAME_L":"SE 19th Way","FULLNAME_R":"SE 19th Way"},"geometry":{"type":"LineString","coordinates":[[-121.925361039205001,47.591193986935899],[-121.925119735791995,47.591380001565504],[-121.924961945706997,47.591489815685094],[-121.924794905516009,47.591593420496984],[-121.924619610342006,47.591689950982904],[-121.924436072737009,47.59178000468949],[-121.924246300904997,47.591862706887191],[-121.924049281845996,47.591938067258504],[-121.923846023266009,47.592005818379597],[-121.923511204983001,47.592081426716305],[-121.922920793046018,47.592193455744592],[-121.922827135280016,47.592220956148395],[-121.922738703169998,47.592256075146786],[-121.922620498456993,47.592321082013797],[-121.922124672953998,47.592692411039998],[-121.922022463304998,47.592747111417907],[-121.921913024881988,47.592795325317709],[-121.921798377602997,47.592836734538793],[-121.921677502178994,47.592871049965495],[-121.921553433339994,47.59289802594779],[-121.921426158640998,47.592917064890095],[-121.920918421008992,47.593009914524991],[-121.920425208672981,47.593070580071803],[-121.920352615916002,47.59308797659461],[-121.920284224927002,47.593112494410093],[-121.920222043752005,47.5931432479425],[-121.920141146103006,47.593199670434593],[-121.919801636459979,47.593488054224416],[-121.919756116342981,47.593540330235797],[-121.919654858008016,47.593640812297991],[-121.919546416591984,47.59373699796609],[-121.919427734736018,47.593828050011993],[-121.919301873823002,47.593914805575999],[-121.918045333505006,47.594690372137201],[-121.917677137317014,47.594867427676796]]}},
{"type":"Feature","properties":{"FULLNAME_L":"284th Ave NE","FULLNAME_R":"284th Ave NE"},"geometry":{"type":"LineString","coordinates":[[-121.959764116086006,47.67860956749589],[-121.959819258609016,47.678648435399992],[-121.959883435010994,47.678706063680991],[-121.959972049952,47.678814173172192],[-121.960013273973004,47.678889849879802],[-121.960045826018998,47.678986861100299],[-121.960061464853013,47.679146414995394],[-121.960030920185019,47.680029975131497],[-121.960015549836996,47.680474555503793],[-121.959883051289992,47.684306832617196],[-121.959803984700017,47.686091142651698],[-121.959793976040999,47.6863318297288],[-121.959869225353003,47.686384720520891]]}},
{"type":"Feature","properties":{"FULLNAME_L":"E Main St","FULLNAME_R":"E Main St"},"geometry":{"type":"LineString","coordinates":[[-121.933045508591988,47.608198439607001],[-121.932951253528003,47.608198791171191],[-121.92990155298601,47.608205736226992],[-121.929777184203004,47.608195964864997],[-121.929654218760007,47.608180444068402]]}},
{"type":"Feature","properties":{"FULLNAME_L":"NE 100th St","FULLNAME_R":"NE 100th St"},"geometry":{"type":"LineString","coordinates":[[-121.978985687248993,47.6866362599743],[-121.977449094896002,47.6866263793965],[-121.977228310529995,47.686626322820899],[-121.976567463714019,47.686626143642307],[-121.97641236419598,47.686612745771804],[-121.976349226284015,47.686603612818502],[-121.976254344180006,47.686581944711499],[-121.976150875808003,47.686539113797295],[-121.976038700749001,47.686469637691388],[-121.975963302967003,47.686410759873802],[-121.974992796251016,47.6855300920774],[-121.974924745981014,47.685482107124493],[-121.974754185552996,47.685388538599405],[-121.974630167616994,47.685334259580785],[-121.974052804327002,47.685113157820609],[-121.973451408982001,47.684814150041099],[-121.973289035822987,47.684769852305202],[-121.973102716323993,47.684744298147095],[-121.972526498201987,47.684713731268197],[-121.972210758819003,47.684711403625705],[-121.97187308716201,47.684727115825396],[-121.971781956577004,47.684737625255991],[-121.971665683745002,47.684758661968608],[-121.971540517368013,47.684790757264096],[-121.97143064877001,47.684826129611594],[-121.97129576869402,47.684878196828805],[-121.971152054811,47.684944063740993],[-121.970999491908984,47.685023042277393],[-121.970751535135008,47.685126319054888],[-121.970310381475016,47.6852609149107],[-121.969982734830012,47.685317648174895],[-121.969555245083001,47.685404164729498],[-121.969246677366002,47.685497719682196],[-121.968956772474002,47.685609594834197],[-121.968664185135012,47.685737946647208],[-121.968444173399007,47.685842955120897],[-121.968252864749005,47.686007313787698],[-121.967961134389,47.686314553671309],[-121.967816075914996,47.686505180697303],[-121.967744305578009,47.686565528879498],[-121.967674593623997,47.686603925023483],[-121.967651527845007,47.686616832606092]]}},
{"type":"Feature","properties":{"FULLNAME_L":"SE Walnut St","FULLNAME_R":"SE Walnut St"},"geometry":{"type":"LineString","coordinates":[[-121.811171824231991,47.526820969752208],[-121.809214907809007,47.526011353015207]]}},
{"type":"Feature","properties":{"FULLNAME_L":"NE 133rd St","FULLNAME_R":"NE 133rd St"},"geometry":{"type":"LineString","coordinates":[[-122.010424628454999,47.716580897540702],[-122.010403633465003,47.716595848699903],[-122.010034254253014,47.716789873449002],[-122.009794864824997,47.716803911234287],[-122.009369550450018,47.716726044628103],[-122.009059645593993,47.716721015080992],[-122.008900577655012,47.716761040298294],[-122.008935157484004,47.716852794511006],[-122.008957201467013,47.716861903062096],[-122.009220108622017,47.717056604413891],[-122.009225835200994,47.717152505570404],[-122.009186493851018,47.717186928761592],[-122.009011509652993,47.717196955720993],[-122.008744174122995,47.717143162173407],[-122.008156752241007,47.716993533853291]]}},
{"type":"Feature","properties":{"FULLNAME_L":"West Snoqualmie Val Rd NE","FULLNAME_R":"West Snoqualmie Val Rd NE"},"geometry":{"type":"LineString","coordinates":[[-121.988073283521018,47.68658069547589],[-121.988102994982995,47.686615823839603],[-121.988114460478002,47.68662928775111],[-121.988354447182019,47.686899321202993],[-121.988840435116003,47.687389973423393],[-121.990411023041986,47.6889937516682],[-121.993266391580988,47.691845665437093],[-121.995251844982008,47.693831905829995],[-121.995307990025012,47.693888069401893],[-121.995834132210021,47.694408152716001],[-121.996209173853998,47.694778872514611],[-121.997008162895,47.695593256468385],[-121.997633389574005,47.69621885535161],[-121.997743407339996,47.696318481498501],[-121.998476980055997,47.696982736041001],[-121.999174257497998,47.697582486377591],[-121.999417062922006,47.697814938966502],[-121.999657397359002,47.698072906820094],[-121.999806050177995,47.698249561301992],[-122.000230810980995,47.698807410851011],[-122.000456818353982,47.699150393327507],[-122.000595052074004,47.699382757143411],[-122.001070545060003,47.700118857567702],[-122.001634070681007,47.701021303513102],[-122.001690862230006,47.701116210002091],[-122.002086168388999,47.701776832297085],[-122.002102616417005,47.701812860861111],[-122.002192974587004,47.702010802408608],[-122.002256166342988,47.70220195410981],[-122.002300857302004,47.702405370371807],[-122.002356147978006,47.702809221173595],[-122.002427696601998,47.7030332297795],[-122.002507663472997,47.703202272197409],[-122.002559432077021,47.703291833943901],[-122.002936779324997,47.703905338953817],[-122.003584343845006,47.704891786624692]]}},
{"type":"Feature","properties":{"FULLNAME_L":"330th Pl SE","FULLNAME_R":"330th Pl SE"},"geometry":{"type":"LineString","coordinates":[[-121.900099515517013,47.56892307452469],[-121.90010194719801,47.569165398162205],[-121.900099840573006,47.570244079105393]]}},
{"type":"Feature","properties":{"FULLNAME_L":"354th Ave SE","FULLNAME_R":"354th Ave SE"},"geometry":{"type":"LineString","coordinates":[[-121.869208657183989,47.555256793750296],[-121.869836533508007,47.555414760526105],[-121.869887478490014,47.555430749175201],[-121.869931489492004,47.55545446419719],[-121.869967525977998,47.555484294720493],[-121.869992484182021,47.5555175273172],[-121.870007393557998,47.555554402104598],[-121.870008480889013,47.555569353866197],[-121.870010182008002,47.555592761041297],[-121.869991025914004,47.555647770545107],[-121.869672261598993,47.556013401071596],[-121.868858586022995,47.556900100314309]]}},
{"type":"Feature","properties":{"FULLNAME_L":"SR 202","FULLNAME_R":"SR 202"},"geometry":{"type":"LineString","coordinates":[[-121.887070123375992,47.568842169789789],[-121.887312143638994,47.568375524469502],[-121.887479396587011,47.568048962296793],[-121.887544382171995,47.56792383915969],[-121.887614801347979,47.567816943468294],[-121.887692559799007,47.567739110754005],[-121.887793079125998,47.567659924279603],[-121.887899757967006,47.567593247390803],[-121.888020219349997,47.567532119344897]]}},
{"type":"Feature","properties":{"FULLNAME_L":"West Snoqualmie Val Rd NE","FULLNAME_R":"West Snoqualmie Val Rd NE"},"geometry":{"type":"LineString","coordinates":[[-122.008929697165001,47.743846003990797],[-122.008923250295993,47.743853009903297],[-122.008677222665014,47.744050815379708],[-122.008511277678011,47.744217032495889],[-122.008304280071002,47.744455471515401],[-122.008079886024021,47.744733587545099],[-122.007610040512006,47.745347615329891],[-122.007275297563012,47.745779640849399],[-122.007139100550006,47.745936208463796],[-122.006961926671991,47.746123357152797],[-122.00667684244101,47.74639233100789],[-122.006205021027,47.746785403675993],[-122.005459219464996,47.747354965396397],[-122.004928756845999,47.747762341214802],[-122.004827098754006,47.747851210116302],[-122.004732626104001,47.747943429648906],[-122.004644837374002,47.748038752734303],[-122.004564732521004,47.7481369936487],[-122.004491799985999,47.748237820419206],[-122.004426543763017,47.748341046928502],[-122.004369464450008,47.748446336295494],[-122.00432005002402,47.748553515571501],[-122.004195763414003,47.748900857168699],[-122.004152372223004,47.749094856416306],[-122.004129851449989,47.749290437358795]]}},
{"type":"Feature","properties":{"FULLNAME_L":"Private Rd","FULLNAME_R":"Private Rd"},"geometry":{"type":"LineString","coordinates":[[-121.938468199650998,47.663756550372497],[-121.937914877045984,47.663693115299303],[-121.937380261574006,47.6636504872112],[-121.937071482802011,47.663635274204708],[-121.936675558916008,47.663625485978692],[-121.936568085662984,47.663629271425101],[-121.936460745022003,47.663639306714309],[-121.936355563175994,47.663655446105402],[-121.936252537414006,47.663677563508692],[-121.936076127332996,47.663732009310984],[-121.935343690450992,47.664050030244091],[-121.934868590708021,47.664206450784796],[-121.934648429430993,47.6642553622953],[-121.934495226750997,47.664279890656303],[-121.934372243248021,47.664294187823884],[-121.934093542511008,47.664309734711004],[-121.934034315307997,47.664315919415692],[-121.933977251662995,47.664328252157404],[-121.933918322273996,47.664348696588604],[-121.933214560227995,47.6648240780642],[-121.931698497449005,47.66592252015419],[-121.931444919054996,47.666071004917292],[-121.931296263915996,47.666167031405493],[-121.931206295368,47.666255204507699],[-121.931135302173999,47.666377039008701],[-121.931125525435007,47.666514693007201],[-121.931245103100011,47.666915551750094],[-121.931311471917994,47.667103194503497],[-121.931423866721005,47.667259976445607],[-121.931575625395993,47.667430773061596],[-121.931723152662016,47.667521328686306],[-121.931915102952004,47.667625208429996],[-121.932203491543007,47.667802867992194],[-121.932458302065996,47.667952106155802],[-121.932690884826997,47.668057862764996],[-121.932922554737999,47.668192375121805],[-121.933512700110001,47.6686032501825],[-121.933668703628996,47.668734376381984],[-121.933928492554017,47.668998503529593],[-121.934037394723006,47.669157504667801],[-121.934055413238994,47.669265627556697],[-121.934088080232016,47.669298769684985],[-121.934268159181016,47.669416554089899],[-121.934381640784991,47.669528171340701],[-121.934538621105006,47.669705167653198],[-121.934736497125982,47.669896678113503],[-121.934992222800005,47.670112008628394],[-121.935193881687994,47.670266207438395],[-121.935451949121003,47.670424488319604],[-121.935705757722999,47.670597204110706],[-121.935813616483998,47.670682484895508],[-121.935901500956007,47.670783293588997],[-121.936058037273,47.670986769417091],[-121.936238470171006,47.6712403059202],[-121.936327257851005,47.671335580897704],[-121.936452104167003,47.671384576606592],[-121.93664451359399,47.671413347172511],[-121.936857559784997,47.671458148783294],[-121.937073281215007,47.671509441260199],[-121.937250619102997,47.671569155086402],[-121.937420634473995,47.671642434578899],[-121.937521407348996,47.6717285090293],[-121.937543129865006,47.671795641766813],[-121.937544357887006,47.671877329027502]]}},
{"type":"Feature","properties":{"FULLNAME_L":"SE Northern St","FULLNAME_R":"SE Northern St"},"geometry":{"type":"LineString","coordinates":[[-121.82775422132201,47.532089698075296],[-121.827867008981016,47.532049383679599]]}},
{"type":"Feature","properties":{"FULLNAME_L":"Private Rd","FULLNAME_R":"Private Rd"},"geometry":{"type":"LineString","coordinates":[[-121.990768245558996,47.725994238792609],[-121.991556088094995,47.725925004687305],[-121.992072178661019,47.725880434069303],[-121.992246996475998,47.725861521575702],[-121.992568051963005,47.725817647274106],[-121.995410834104021,47.725447105634096],[-121.996304996225987,47.725319578562811],[-121.996562960789021,47.725293900204193],[-121.997429560379999,47.725228596155098]]}},
{"type":"Feature","properties":{"FULLNAME_L":"Private Rd","FULLNAME_R":"Private Rd"},"geometry":{"type":"LineString","coordinates":[[-121.877820051740997,47.561735476496587],[-121.877145663666994,47.562394589142301],[-121.876793617776002,47.562690803528099],[-121.876514959031013,47.562884468480007],[-121.876349520318996,47.562979403036707],[-121.876195626588981,47.563067708841189],[-121.876019373788012,47.563168842479399],[-121.875315862917006,47.563538359396901],[-121.874722336690994,47.563802467171094],[-121.873854362218992,47.564188686882694],[-121.872884739773994,47.564545927863399],[-121.872555411289994,47.564789869089594],[-121.872409691046983,47.564896974582901],[-121.872259774427008,47.565047382908105],[-121.872137256444006,47.565200795145593],[-121.872030249470995,47.565319714265399],[-121.872024573146021,47.565326774013108],[-121.871954650955999,47.565413752948693],[-121.871868453320019,47.565458750909805],[-121.871767089982995,47.565454231645596]]}},
{"type":"Feature","properties":{"FULLNAME_L":"Private Rd","FULLNAME_R":"Private Rd"},"geometry":{"type":"LineString","coordinates":[[-121.93096675812599,47.637856610689504],[-121.930968834793021,47.638030598940794],[-121.930122083322999,47.6383460226021],[-121.929659004831009,47.638501859581304],[-121.929612698811013,47.638590039220894],[-121.92921785010401,47.63895905180221],[-121.929024617807002,47.639101942454992],[-121.928771927080007,47.639262836986795],[-121.928483365868018,47.639430121563002],[-121.928360219013001,47.6395541699723],[-121.928162965187013,47.63984348062629],[-121.928020684751999,47.640070443819702],[-121.927845492016999,47.640323898834794],[-121.927653756188988,47.640658825074901],[-121.927602015649995,47.640775098839811],[-121.927590964083009,47.640799935768193],[-121.927569019657994,47.640849248924901],[-121.92750460581,47.641162042512804],[-121.927444981392,47.641557901138697],[-121.927350905110018,47.641858899425792],[-121.927258687781006,47.642103673593304],[-121.927080308541008,47.642881265347398],[-121.926981543512014,47.643104209160903],[-121.926966549187,47.64316287613071],[-121.926933355740005,47.643344664073304],[-121.926915498078003,47.643508527120282],[-121.926843764123007,47.643762955324988],[-121.926845417655016,47.643793356575195],[-121.926858724026999,47.643847340242296],[-121.926902996251997,47.6439268950637],[-121.927015140313983,47.644074772549793],[-121.927014444302017,47.644114019361794]]}},
{"type":"Feature","properties":{"FULLNAME_L":"Private Rd","FULLNAME_R":"Private Rd"},"geometry":{"type":"LineString","coordinates":[[-121.933648401349004,47.657898769459003],[-121.933580382320997,47.657910278447289],[-121.93349630833201,47.657921942473514],[-121.933412119517996,47.657928181591295],[-121.933335845399995,47.657928918253894],[-121.933231470073991,47.657929926237898],[-121.933147051695002,47.657925315466898],[-121.933062633331005,47.657920704633383],[-121.932990142449981,47.657910552627001],[-121.932930152755986,47.657921983704213],[-121.932870396497009,47.657944261662998],[-121.932814825025986,47.657974639495791],[-121.932771238333984,47.658002187267108]]}},
{"type":"Feature","properties":{"FULLNAME_L":"Private Rd","FULLNAME_R":"Private Rd"},"geometry":{"type":"LineString","coordinates":[[-121.928644401344002,47.600557858006091],[-121.930161493157016,47.600557549105105],[-121.930549715040982,47.600566716768689],[-121.930903690430014,47.600575070173996],[-121.931183772859001,47.600592931129498],[-121.93123255545801,47.600602168995799],[-121.931452390860002,47.6006438032829],[-121.931912159242003,47.600820321524502],[-121.932050656887,47.600869580741694],[-121.932239932013005,47.600936894688495],[-121.932396161388979,47.600992491185401],[-121.932536421058998,47.601011699451696],[-121.932755538960009,47.601021920237493],[-121.934871942552007,47.601038460389802],[-121.935851243770998,47.601053653416692]]}},
{"type":"Feature","properties":{"FULLNAME_L":"Private Rd","FULLNAME_R":"Private Rd"},"geometry":{"type":"LineString","coordinates":[[-121.922575744916003,47.6672009794747],[-121.922498449750009,47.667144144303094],[-121.922398544269001,47.667097845220908],[-121.921901198026987,47.666897693403001],[-121.921364329587007,47.666700017120817],[-121.920762816191001,47.666443363325001],[-121.920368455677007,47.666266346533803],[-121.920250777058001,47.666194853931103]]}},
{"type":"Feature","properties":{"FULLNAME_L":"Private Rd","FULLNAME_R":"Private Rd"},"geometry":{"type":"LineString","coordinates":[[-121.904357075025999,47.638792542976802],[-121.904434372308984,47.640083609269098],[-121.90413413333502,47.640151495081405],[-121.903274883625997,47.640170745346502],[-121.902927324949985,47.640151665547094],[-121.902695467537995,47.640131498090007],[-121.902749635686021,47.639550001063306],[-121.902787045160011,47.638957488762706],[-121.902906605694014,47.638746133582494]]}},
{"type":"Feature","properties":{"FULLNAME_L":"Private Rd","FULLNAME_R":"Private Rd"},"geometry":{"type":"LineString","coordinates":[[-121.926230612222,47.666179455892902],[-121.926028729034016,47.666106970177708],[-121.925926801672006,47.666095459104909],[-121.925862363465995,47.666108565848603],[-121.925788361198997,47.666106152686297],[-121.925704721269,47.666085100181391],[-121.925607215195015,47.666064177828794],[-121.925542453046987,47.666061675909191],[-121.925496634195994,47.666080849656893],[-121.925465070892002,47.666118618428996],[-121.925444391360998,47.666234343530995],[-121.925375569874006,47.666478542965095],[-121.925274134678006,47.666710563504502],[-121.925216153668003,47.666811031768205],[-121.925092346477015,47.667060150321397],[-121.924984263979994,47.667228562369296],[-121.924652597963998,47.667622312164895],[-121.923736551454994,47.668674751362701],[-121.923042345723999,47.669153108084608],[-121.922807798890986,47.669243600366386],[-121.922596755112011,47.669317331887996],[-121.922336198259998,47.669352896709391],[-121.922124501004987,47.669371455690097],[-121.921829815772,47.669352206],[-121.921535985128003,47.669349529544007],[-121.921421961608999,47.669356102161899],[-121.921308746738006,47.669401309289796],[-121.920848484589001,47.6696649289158],[-121.920422690124994,47.6699998900447]]}},
{"type":"Feature","properties":{"FULLNAME_L":"Private Rd","FULLNAME_R":"Private Rd"},"geometry":{"type":"LineString","coordinates":[[-121.978985687248993,47.6866362599743],[-121.978985185726003,47.686613513671702],[-121.978970613056006,47.685653305555384],[-121.978971474881007,47.68486366506999],[-121.979017558812004,47.6847439340427],[-121.979113443298004,47.684673054445305],[-121.979216323230006,47.684643225741702],[-121.979770885012016,47.684658216906882]]}},
{"type":"Feature","properties":{"FULLNAME_L":"Private Rd","FULLNAME_R":"Private Rd"},"geometry":{"type":"LineString","coordinates":[[-121.910717095129002,47.627453992613894],[-121.910864238927019,47.627450856089396],[-121.912246257443996,47.627441938475798],[-121.913232917912012,47.627411725938892],[-121.913966466348995,47.627375564807693],[-121.914716349198997,47.627234958213386],[-121.915067306448009,47.627198253667999]]}},
{"type":"Feature","properties":{"FULLNAME_L":"Private Rd","FULLNAME_R":"Private Rd"},"geometry":{"type":"LineString","coordinates":[[-121.907180148535005,47.590737023440091],[-121.907305300735999,47.590713351260312],[-121.907533880721004,47.59064457642851],[-121.907804256958002,47.5905386503335],[-121.908230605842988,47.590331734963392],[-121.90828261532701,47.590298896220006],[-121.908482406274999,47.59016073439701],[-121.908535012246006,47.590132263001706],[-121.908615819041017,47.590095598578408],[-121.908809706468006,47.590015068897586],[-121.909016264233003,47.58991029981339],[-121.909741594462005,47.589511926149683],[-121.909821886648018,47.589474961386792],[-121.910053890344003,47.589375992397891],[-121.910409250208019,47.589215791221299],[-121.910759440936019,47.589050710934195],[-121.911063902731016,47.588879208429098],[-121.911192721872993,47.588788066331993],[-121.911409046425007,47.588617398024688],[-121.911731498661993,47.588434199557383],[-121.91178675867998,47.588411741559099],[-121.911845182774996,47.588395296371701],[-121.911912899315979,47.588387240562298],[-121.912007090195004,47.588385533071602],[-121.912191595755004,47.588390637627207],[-121.912311372242982,47.588401280112606],[-121.912400543543001,47.588401807835801],[-121.912456115758999,47.5883944262293],[-121.91250752236401,47.5883816005963],[-121.912742041988992,47.588306718683597],[-121.912857095936005,47.58828506360171],[-121.913060152848004,47.588256275249591],[-121.913290767899014,47.588237635351703],[-121.913601674459002,47.588182032998795],[-121.913702432308995,47.588155032047901],[-121.913847135267005,47.588097448709107],[-121.913921197053,47.588053436285506],[-121.914013827703997,47.587976598502308],[-121.914178453516016,47.587805045099302],[-121.914200926693979,47.587765076011308],[-121.914237695348021,47.587681659468799],[-121.914262365119995,47.5876498947774],[-121.914296196964997,47.587620228193394],[-121.914493258469008,47.587473856214004]]}},
{"type":"Feature","properties":{"FULLNAME_L":"Private Rd","FULLNAME_R":"Private Rd"},"geometry":{"type":"LineString","coordinates":[[-121.862724082472994,47.553088853369907],[-121.863278111062996,47.552740303297796],[-121.863331826910013,47.552691836168094],[-121.863375327350994,47.552638792403798],[-121.863407622110984,47.552582294135895],[-121.863429739509016,47.552523140867791],[-121.863438674162012,47.552462747160995],[-121.863430727785001,47.552419507948798],[-121.863396118583012,47.5523589467888],[-121.863359967574993,47.552322817502791],[-121.86328924114801,47.552279034013303],[-121.862943196226013,47.552085320529095],[-121.862714676368,47.551895468658287],[-121.862010202376013,47.5513929991236],[-121.861956475563005,47.551338349013598],[-121.861892534865007,47.551227887294992],[-121.861856829784998,47.551111686577997],[-121.861844001155021,47.550974715829199],[-121.861855888791993,47.55091017470999],[-121.861878938490008,47.550846908937004],[-121.861913177108988,47.550786280902983],[-121.861977033798993,47.550713044267191],[-121.862020607212997,47.550689347907493],[-121.862091086675989,47.550669517875413],[-121.862166773775996,47.550657054318492],[-121.862319679413005,47.550658409186802],[-121.862689827978002,47.550689329402402],[-121.863390054526988,47.550772092395896],[-121.863433365068985,47.550760732947893],[-121.863470459549021,47.550742018903101],[-121.863498311082012,47.550717093587799],[-121.86351596259702,47.550688142622903],[-121.863521423801998,47.550657119718394],[-121.863514742909004,47.550626461843898],[-121.863495953113016,47.550597846640088],[-121.863466109726986,47.55057344147621],[-121.863431362689013,47.550557053716993],[-121.86303191768198,47.550324878158392],[-121.862791936810012,47.550194891978492],[-121.862738529320012,47.550156177066995],[-121.862704861853004,47.550117541084084],[-121.862675442537011,47.550063529343404],[-121.862657113004019,47.550006933154208],[-121.862649333478984,47.549920638889184],[-121.862665442392995,47.54986484397179],[-121.862698860821993,47.549813819194092],[-121.862743459941015,47.549765434883092],[-121.862826246441998,47.5497024394218]]}},
{"type":"Feature","properties":{"FULLNAME_L":"SE 49th St","FULLNAME_R":"SE 49th St"},"geometry":{"type":"LineString","coordinates":[[-121.868858586022995,47.556900100314309],[-121.867847539671999,47.556485284755503],[-121.866767487137992,47.556042140429184],[-121.866239031947003,47.555825309477108],[-121.865976708530994,47.55571939408371],[-121.865671110291999,47.555626765497003],[-121.865462490702001,47.555573827851902],[-121.86524994673502,47.555527217741499],[-121.865029749708,47.555503169914594],[-121.864585768116001,47.555478410304396],[-121.864363011823016,47.555478503475207],[-121.864140402150014,47.555486005796695],[-121.863879053726009,47.5555060459061],[-121.863486301784988,47.555557205105501],[-121.86306666338001,47.555616930410395],[-121.862794263699001,47.555666821453798],[-121.862525046913021,47.555724091195692],[-121.862259013138015,47.555788750623599],[-121.861996155989999,47.555860481775298],[-121.861133698930004,47.55612875063121],[-121.859231186535979,47.556749117942701],[-121.857504773550019,47.557315770910407]]}},
{"type":"Feature","properties":{"FULLNAME_L":"Meadowbrook Way SE","FULLNAME_R":"Meadowbrook Way SE"},"geometry":{"type":"LineString","coordinates":[[-121.813874039504,47.524070022141203],[-121.813736643699983,47.52423026024389],[-121.813685750459001,47.524288169184793],[-121.813563957932999,47.5244203473789],[-121.81328169466002,47.524725104400197]]}},
{"type":"Feature","properties":{"FULLNAME_L":"Dike Rd","FULLNAME_R":"Dike Rd"},"geometry":{"type":"LineString","coordinates":[[-121.889501523218001,47.564018448903795],[-121.889311765843999,47.563950502535008],[-121.889211515707999,47.563937897592801],[-121.889101784448982,47.563950760981598],[-121.889007324825997,47.563977018480699],[-121.888933267638009,47.564023389128096],[-121.888891635484995,47.564066075369688],[-121.888840140789,47.564115622536995],[-121.888796009587992,47.564158331942792],[-121.888729795486,47.564221548978097],[-121.888673199807002,47.564266065698291],[-121.888611537683005,47.564307246096298],[-121.888562031321996,47.564331394304595],[-121.888462705926983,47.564364463139995],[-121.888098122406987,47.564438753158399],[-121.887610857135996,47.564581473163003],[-121.887013873682008,47.564807419262401],[-121.88659853032901,47.564973398283591],[-121.886341668118007,47.565065835745692],[-121.886062128889989,47.565133466882493],[-121.885722757127994,47.565166628073897],[-121.885124394009992,47.565187176122485],[-121.884784718312005,47.565205326249895],[-121.884519147720994,47.56523280035919],[-121.884261477075015,47.565285213783604],[-121.884026178408021,47.565347427253599],[-121.883747946214996,47.565480083042296],[-121.883572480880986,47.565576765833008],[-121.883390530940019,47.565718535942693],[-121.88326051920798,47.565869836262692],[-121.883161279267014,47.566080888325288],[-121.883158898416994,47.566696311782799],[-121.883139046311015,47.566811568928294],[-121.882968067556007,47.566890541493592],[-121.882902622919019,47.5669446179174],[-121.882849709757011,47.567001391661897],[-121.882817809527012,47.567069231779698],[-121.882819550838008,47.567361905361601],[-121.882833949686997,47.567457459405496],[-121.882826881821003,47.567519441503407],[-121.882798403795988,47.567550661418707],[-121.882765539225986,47.567570664202698],[-121.882682616415011,47.567582687138803],[-121.88255783330402,47.567581025662896],[-121.882420405053011,47.567571036145395],[-121.882267016707999,47.567560099744192],[-121.881258789732982,47.56741929691799],[-121.880339664565014,47.56729767948719],[-121.879724485064003,47.567218288260989],[-121.876599433031998,47.566825427312196]]}},
{"type":"Feature","properties":{"FULLNAME_L":"Private Rd","FULLNAME_R":"Private Rd"},"geometry":{"type":"LineString","coordinates":[[-121.986218796219021,47.749928730480597],[-121.986409700289997,47.749943934783609],[-121.986462306725997,47.749955826149289],[-121.986523261168003,47.749977489822491],[-121.986611314463985,47.750029464131408],[-121.986651286319017,47.750067360046394],[-121.986694586676009,47.750140692725502],[-121.986704868633012,47.750214616883603],[-121.986698576254994,47.750251609539603],[-121.986726613472996,47.750461327371191],[-121.986753633389,47.750876776798094],[-121.986762447086008,47.751182053568094],[-121.986757500061998,47.751507862801496],[-121.986665563252004,47.752173246256298],[-121.986634384343006,47.752256670256408],[-121.986595947281003,47.752333831349596],[-121.986546243391004,47.752406560425399],[-121.986512918963001,47.752439370866],[-121.986372999425015,47.752546343395792],[-121.986353446707994,47.75258124094929],[-121.986347928339995,47.75263022104361],[-121.986366861389016,47.752704485520702],[-121.986402372449987,47.752747567449696],[-121.986516843540997,47.752821806860901]]}},
{"type":"Feature","properties":{"FULLNAME_L":"Private Rd","FULLNAME_R":"Private Rd"},"geometry":{"type":"LineString","coordinates":[[-121.928341677489016,47.610952328389693],[-121.926267819642021,47.610374176537391],[-121.925299312909004,47.610060373789693],[-121.925186335957989,47.610038152856198],[-121.924969301781005,47.610032349783587],[-121.924269076803995,47.609992542710302],[-121.924069578570993,47.609952898189597],[-121.923436351955999,47.609724246319502],[-121.923341240211016,47.609708021394106],[-121.923227328821994,47.609713699453508],[-121.923138241206004,47.60974312461839],[-121.923072117404004,47.609780086253792],[-121.922997155420006,47.609830627448112],[-121.92289489148898,47.609908504933301],[-121.922840025040998,47.609926421274189],[-121.922721577878988,47.609933340400694],[-121.921767168513,47.609928635655599],[-121.92038205898001,47.609927868142599],[-121.920139468525008,47.609935926562997],[-121.919922397307005,47.609952563783708],[-121.919776519772,47.609956484549897],[-121.91910839178,47.609948766145202],[-121.91853650236699,47.60996274560901],[-121.918398521141015,47.609956477684207],[-121.918148744910994,47.609935899610299],[-121.917910349316998,47.609926393425702],[-121.91749530020202,47.609927475182488],[-121.916669690730004,47.609926934653792],[-121.915155359079009,47.609925924408991],[-121.915075944720982,47.609957696902597],[-121.915057619638006,47.609978220449698],[-121.915054009393003,47.609999588407398],[-121.915094610065992,47.610782446662107],[-121.915073560525016,47.610818204653299],[-121.915047127858998,47.610831983765792],[-121.915025929576998,47.610843034416192],[-121.914998149444997,47.61084758110939],[-121.914911037780996,47.610850465423091],[-121.91349672433401,47.610860000309593],[-121.913446912802996,47.610877480252491],[-121.913407827539018,47.610898971006399],[-121.913374508044996,47.610929657720398],[-121.913338942256999,47.610974211629198],[-121.913286076831994,47.611064333244492],[-121.913137038138018,47.611258013448001],[-121.913103098742994,47.611283269051683],[-121.91307037635201,47.611293902261508],[-121.913016349685009,47.611303668309304],[-121.912868466212004,47.611309011217486],[-121.911770028153995,47.611325170284509],[-121.911420753963995,47.611321408786395]]}},
{"type":"Feature","properties":{"FULLNAME_L":"Peggy's Pl SE","FULLNAME_R":"Peggy's Pl SE"},"geometry":{"type":"LineString","coordinates":[[-121.826570443584998,47.525982093492395],[-121.826675121997994,47.525983129720395],[-121.82671663057198,47.525978197026895],[-121.826761396348004,47.52596714373469],[-121.826805972407001,47.525946191046408],[-121.826838095270006,47.525920777479413],[-121.826863255818012,47.525884001411399],[-121.826874838078993,47.525842774319997],[-121.826875479381002,47.525463496953492],[-121.826865861550999,47.525430832585393],[-121.82684962986599,47.525405081040894],[-121.826825600131983,47.525383204565202],[-121.826798242739997,47.525363643092597],[-121.826757452373982,47.525347244440496],[-121.826716792656995,47.525337699617396],[-121.826671007900998,47.525333647388287],[-121.826475265608011,47.525332809562002]]}},
{"type":"Feature","properties":{"FULLNAME_L":"NE 80th St","FULLNAME_R":"NE 80th St"},"geometry":{"type":"LineString","coordinates":[[-121.97743827011702,47.673502754358992],[-121.977598094578994,47.673525096058604],[-121.977803062008007,47.673569647689007],[-121.977988842282002,47.673618504406797],[-121.978240299318017,47.673700287755693],[-121.97861405449602,47.673851442284608],[-121.978760809273993,47.6739253661395],[-121.978885197026017,47.673997458362393],[-121.978990306892001,47.674069744303608],[-121.979223952702,47.674264117929695],[-121.979350308546998,47.674379373027705],[-121.979580628576016,47.674629898322003]]}},
{"type":"Feature","properties":{"FULLNAME_L":"Private Rd","FULLNAME_R":"Private Rd"},"geometry":{"type":"LineString","coordinates":[[-121.944142104690997,47.612555479137392],[-121.944078368361019,47.612454318343701],[-121.944008581340995,47.612390227793298],[-121.943918372970003,47.612330963931491],[-121.943746507051998,47.612244072842294],[-121.943263745579017,47.612007903868701],[-121.943154799420995,47.611949212191995],[-121.943037253208999,47.611875667089699],[-121.942969760472991,47.611818438144596],[-121.942918712121013,47.611755450116299],[-121.942867584225013,47.611688725802999],[-121.942844540074006,47.611644136179699],[-121.942824300349997,47.611601383616197],[-121.94281230268102,47.611556686285702],[-121.942816709338999,47.611504360423908],[-121.942839922570016,47.611427575528701],[-121.942884826302006,47.611331904913598],[-121.942923930085996,47.611223220793306],[-121.942941183974,47.611125952606692],[-121.942944877946005,47.611040022272199],[-121.942934920241996,47.610961693647816],[-121.942902842397004,47.6108817135609],[-121.942868199065998,47.610811094222484],[-121.94282191656599,47.610712578386803],[-121.942797364393002,47.610597046335002],[-121.942808221563979,47.610458760525191],[-121.942809310334013,47.610380324189897],[-121.942799158010999,47.610292661710709],[-121.942766841932993,47.610201478280395],[-121.942708881366983,47.61007320188439],[-121.942526263271006,47.60979675504219],[-121.942455456272,47.609713418049388],[-121.942385325847994,47.609661815942893],[-121.942293266815014,47.60961789883639],[-121.942207007354,47.609586995179995],[-121.942109749894996,47.609558065771211],[-121.942009926926985,47.609538499758997],[-121.941913222427004,47.609535707613297],[-121.941811611484013,47.609540119211097],[-121.941572879592982,47.609567342558599],[-121.941370590977002,47.60957678109051],[-121.941142317708994,47.609576514112796],[-121.940932239813989,47.609566111451599],[-121.940788368675996,47.609552571809203],[-121.940611155982992,47.609529401047809],[-121.940319937254003,47.609512315455611],[-121.940124745215996,47.609509235085497],[-121.939992282898018,47.609513012924594],[-121.939889005113002,47.609504059162091],[-121.939837313308999,47.60949709323031],[-121.939792876894998,47.609485074925793],[-121.939744605212994,47.609465628046898],[-121.939688491921004,47.609423848877995],[-121.939617281677002,47.6093647870048],[-121.939561062772995,47.609318029741992],[-121.939512522675003,47.609286134985297],[-121.939441845988995,47.609251965859094],[-121.939363966858011,47.609225335285807],[-121.939256691692009,47.609201479889492],[-121.939116792400995,47.609192190420195],[-121.93892038511602,47.609189670902204],[-121.938710982988979,47.609191705241699],[-121.938541125507001,47.609206636267999],[-121.938397915509,47.609243434363997],[-121.938138040563999,47.60933448139339],[-121.937476390984997,47.609615324637204],[-121.936912235333011,47.609864236477293],[-121.936658995070005,47.609959640947615],[-121.936340124758004,47.610046830583094],[-121.936092581102017,47.61010234336301],[-121.935714438811985,47.610172399252001],[-121.934944691335019,47.610294933950001],[-121.93394065622202,47.610405757596702],[-121.933665927325009,47.610432898424897]]}},
{"type":"Feature","properties":{"FULLNAME_L":"SE David Powell Rd","FULLNAME_R":"SE David Powell Rd"},"geometry":{"type":"LineString","coordinates":[[-121.877353487126015,47.55308458902379],[-121.877219303505015,47.553007382826486],[-121.877053233545993,47.552930510387696],[-121.877033850219007,47.552923019707592],[-121.876865805429006,47.552874098018499],[-121.876657998638009,47.5528365052838],[-121.876416592314015,47.552814818282307],[-121.876241406130006,47.552788237877202],[-121.87616808147601,47.552766976656386],[-121.876099169900016,47.552738562822192],[-121.876037230711006,47.55270460150151],[-121.875982286378004,47.552665607947198],[-121.875712810872997,47.552404872094399],[-121.875564759574004,47.552292192359999],[-121.875443475815985,47.552226943206698],[-121.875247074871993,47.552151974843106],[-121.875043709348006,47.552083115515998],[-121.87457917831901,47.551940853051093],[-121.874347302453998,47.551889172952308],[-121.874069101573014,47.551849908927899],[-121.873862695042021,47.551856766637492],[-121.873769281226998,47.551868758684293],[-121.873588854009,47.551909054914105],[-121.873503352030014,47.551936997074598],[-121.873304551888992,47.552020596806706],[-121.872778440144998,47.552293027795301],[-121.872236147571996,47.552566678950996],[-121.871943736700985,47.55272888210461],[-121.871801436278005,47.552777351154603],[-121.871655956845984,47.552818731502597],[-121.871505800707993,47.552854075935798],[-121.871123208727994,47.552911335152295],[-121.870997139954994,47.552936048599705],[-121.870874745487001,47.552967324996999],[-121.870299624428014,47.553169421829296],[-121.870089818681009,47.553234697235197],[-121.869975880112989,47.553258481862514],[-121.869897080914996,47.553267296823392],[-121.869815134804,47.553270613075505],[-121.869733580694003,47.553268187231694],[-121.869652416867993,47.553259931572995],[-121.869401712566997,47.553203398390302],[-121.869295027345984,47.553184621990191],[-121.869184424107999,47.553172477821498],[-121.869073973360003,47.553168000803112],[-121.868730827604011,47.553172495097996],[-121.868612301607996,47.5531694620569],[-121.868436756634011,47.553149946605998],[-121.868322926073006,47.5531282321597],[-121.868211985393017,47.553099083109601],[-121.868105959196996,47.55306247829229],[-121.867118000291015,47.55261496815141],[-121.866984437325996,47.552568205098396],[-121.866889835308996,47.552545757803692],[-121.866791312090001,47.552530203171202],[-121.866691943806018,47.552522881352985],[-121.866382327719009,47.5525331065651],[-121.866278348969004,47.552548574492903],[-121.865730137775998,47.552704007847801],[-121.865633981852,47.55273127311591],[-121.865451526561003,47.552771868129483],[-121.865326343002991,47.552790269456004],[-121.865228280268994,47.552797756339508],[-121.865135207788995,47.552801600679992],[-121.864726923986993,47.552788855607105],[-121.864534548281995,47.552788673551596],[-121.864342315171996,47.552795900794287],[-121.864151244976,47.552810528082404],[-121.864017993602005,47.552830371995292],[-121.863352919172996,47.552990494407098],[-121.863037935282989,47.5530366594257],[-121.862724082472994,47.553088853369907]]}},
{"type":"Feature","properties":{"FULLNAME_L":"Unnamed","FULLNAME_R":"Unnamed"},"geometry":{"type":"LineString","coordinates":[[-121.839274100468003,47.694359164789105],[-121.838983027857992,47.694374715337901],[-121.838571926266994,47.694430820950295],[-121.838290197584996,47.694535818035007],[-121.838194734255993,47.694639219039985],[-121.838106738492002,47.694892534187694],[-121.837981183390994,47.695093654535398],[-121.837997012146005,47.695282180669402],[-121.838071488628017,47.695405929520604],[-121.838310329899997,47.695681548709892],[-121.838438092748007,47.695856922830899],[-121.838487960568003,47.695994295408198],[-121.838464976787009,47.69609200171061],[-121.838346840223011,47.6961518614225],[-121.838216988921999,47.696183680580596],[-121.837858694418017,47.696188508458192],[-121.837747793508015,47.696255073068002],[-121.837665403835004,47.69637848805079],[-121.837572736835995,47.696626788153104],[-121.837627938704998,47.696777567688294],[-121.837760809751998,47.6969545645184],[-121.837918711070003,47.697113308345308],[-121.838180621972,47.697268991087505]]}},
{"type":"Feature","properties":{"FULLNAME_L":"NE Cherry St","FULLNAME_R":"NE Cherry St"},"geometry":{"type":"LineString","coordinates":[[-121.983260487007001,47.741593925010399],[-121.981865459896014,47.741580044903486]]}},
{"type":"Feature","properties":{"FULLNAME_L":"West Snoqualmie Rvr Rd SE","FULLNAME_R":"West Snoqualmie Rvr Rd SE"},"geometry":{"type":"LineString","coordinates":[[-121.925361039205001,47.591193986935899],[-121.925374983056983,47.591037572371697],[-121.925420848992999,47.590813595798799],[-121.925576262931003,47.59005464392191],[-121.925652457997003,47.589629752696098],[-121.926160415507013,47.587136251109293]]}},
{"type":"Feature","properties":{"FULLNAME_L":"NE 126th St","FULLNAME_R":"NE 126th St"},"geometry":{"type":"LineString","coordinates":[[-122.013216438696006,47.710328582127595],[-122.012623449828993,47.710311154227007],[-122.012404846984012,47.710367137999597],[-122.012364685432004,47.710387302522498],[-122.012287498030005,47.71045446052721],[-122.012174647427997,47.710471521631483],[-122.012071067560996,47.710449586101696],[-122.011635032874992,47.710165647597492],[-122.011564376714986,47.710140031834399],[-122.011541519833017,47.710139752582904],[-122.011506651842993,47.710147225137696],[-122.011425626022017,47.7101793353918],[-122.011407268551011,47.710243099215106],[-122.011407915633001,47.710271626450094],[-122.011502084046015,47.7106621743171],[-122.011502239960009,47.710736201328096],[-122.011493042004005,47.710756045567088],[-122.011475609466004,47.710771047880499],[-122.011449990906996,47.710783349109299],[-122.011401540535985,47.7107964894453],[-122.011348878133006,47.7108030326389],[-122.01130617105801,47.71080073209059],[-122.011232543915995,47.710778489066293],[-122.011172944238993,47.710747829069504],[-122.011135782484004,47.710721351550596],[-122.010882396564,47.710519962439996],[-122.010834918298997,47.710463988156903],[-122.010796032740998,47.71040625535769],[-122.010685392767002,47.710207246505107],[-122.010605869586016,47.710148861239887],[-122.010585425860995,47.710143032151002],[-122.010549876276983,47.710142842633999],[-122.010488276279986,47.710158300833299],[-122.010463302390008,47.710176638113289],[-122.010438206181007,47.710211984037798],[-122.010428154652999,47.710238990357809],[-122.010428911782014,47.710272396861193],[-122.010447511433,47.710443312362507],[-122.01043843737898,47.710468638834406],[-122.010401554794001,47.710521670406898],[-122.010364286847008,47.710557701299898],[-122.010286306623001,47.710612226406091],[-122.009733169846996,47.710717753045699],[-122.009559935525004,47.710714572221896],[-122.009524166502999,47.710704530616702],[-122.009488689676999,47.7106851474162],[-122.009456643391999,47.710660286344208],[-122.009379921798001,47.710590863006402],[-122.009249155694008,47.710512143012892],[-122.008845834801008,47.710416525286384],[-122.008799350225004,47.710381917743597],[-122.008783986173,47.710353544981103],[-122.008722162458994,47.710202267479701],[-122.008698128459997,47.709925593513802],[-122.008679330725002,47.709880292623993],[-122.008637613267993,47.709831926878998],[-122.008614507489014,47.709820641283699],[-122.008578313754995,47.709814414868703],[-122.008536177310006,47.709814849209693],[-122.00847297954698,47.709827027144996],[-122.008451435672001,47.709839886153404],[-122.008434059591011,47.709857588087004],[-122.008408145464003,47.7099017239658],[-122.008370016688005,47.710011788907806],[-122.008358469745019,47.710152298999304],[-122.008303264909998,47.710360685343304],[-122.008278279509,47.710400997774002],[-122.008200595830004,47.710491164507495],[-122.008048778675999,47.710559088597094],[-122.007980503077007,47.710571315825291],[-122.007906963780002,47.710575330715912],[-122.007790903762,47.710562814583803],[-122.007736148602987,47.710544186017096],[-122.007684278816001,47.71051841822041],[-122.007622402920987,47.71047681264249],[-122.007579374098,47.710437801331793],[-122.00728508911601,47.710066274764692],[-122.007209544223002,47.710003991239496],[-122.007185943646988,47.709993269778607],[-122.007159941090009,47.709988607741494],[-122.007115315579,47.709991255137602],[-122.007069324552987,47.7100010671845],[-122.007008024900003,47.710029672810109],[-122.006983087093005,47.710072128545399],[-122.006960899022999,47.710146385507301],[-122.006878844004021,47.71031285121591],[-122.006838032890002,47.710371959476511],[-122.006793444566995,47.710421216931394],[-122.006730778177015,47.710479439663303],[-122.006653946094019,47.710539993354203],[-122.006558937132013,47.710605145591003]]}},
{"type":"Feature","properties":{"FULLNAME_L":"298th Pl NE","FULLNAME_R":"298th Pl NE"},"geometry":{"type":"LineString","coordinates":[[-121.943558756068001,47.630659460380301],[-121.943306529782006,47.630661919974791],[-121.943075780347996,47.630685484193108],[-121.942834667132018,47.630716258368494],[-121.942562634211995,47.630775751790203],[-121.942417926047,47.630890849333198],[-121.942286454623982,47.63113371870601],[-121.941992501450002,47.6316132938599],[-121.941869312598996,47.631780968444488],[-121.941761893302996,47.63185518408401],[-121.941703133866994,47.631881548042394],[-121.941508526785995,47.6319570866006],[-121.941140689351997,47.632159697409897],[-121.941034282684001,47.632234121832191],[-121.940919434883014,47.632293501920486],[-121.940849306133018,47.632309820518302],[-121.940777505688004,47.632319257036201],[-121.940523043145021,47.632322033733196],[-121.940472275567004,47.63234278916449],[-121.940400101473003,47.632405951354301],[-121.940371576210012,47.632447399192202],[-121.940334633578018,47.632545990627499],[-121.940322559943013,47.632979094110695],[-121.940336044421997,47.633803465839499],[-121.94035476330501,47.633872985140286],[-121.940407052747005,47.634018947599593],[-121.940410865461999,47.634126612799484],[-121.940401827749994,47.634226084425201],[-121.940402624797002,47.634359011474501]]}},
{"type":"Feature","properties":{"FULLNAME_L":"Private Rd","FULLNAME_R":"Private Rd"},"geometry":{"type":"LineString","coordinates":[[-121.926230612222,47.666179455892902],[-121.926234623734018,47.666056550847905],[-121.926228746725997,47.665970071753797],[-121.926113385741999,47.66571957796819],[-121.92608368904601,47.6656099785246],[-121.926090697101003,47.665484991160596],[-121.926142634212994,47.665369015416495],[-121.926255800887986,47.665255528468201],[-121.926375066937993,47.665111138057902],[-121.926511568500985,47.664919404620591],[-121.926767823551017,47.6646322735117],[-121.926845715892014,47.664524509354401],[-121.926848804293002,47.664430149385311],[-121.926778264708005,47.664260365688889],[-121.926776983533998,47.664078862375298],[-121.926826888155006,47.66387064824351],[-121.926986137665992,47.663385886576194],[-121.927013556641,47.663218203097699],[-121.927060313632012,47.663005144207794],[-121.927187370973002,47.6628230528488],[-121.927350762090015,47.662631827775591],[-121.92749940213001,47.66248701687659],[-121.927724407216019,47.662210377469791],[-121.927842393586985,47.661983177267494],[-121.927942849323998,47.661718533893897],[-121.927994669017011,47.6612161205693],[-121.927996902545985,47.660840348718601],[-121.92795670285102,47.660521105802303],[-121.927904847668998,47.660178713761397],[-121.927770816812,47.659523088979597],[-121.927632786935007,47.659087018987393],[-121.927411266614001,47.65875726485249],[-121.927324862253002,47.658628804215702],[-121.927050134933012,47.658277456355307],[-121.926649552334013,47.657875219793098],[-121.926168508670017,47.657409539104201]]}},
{"type":"Feature","properties":{"FULLNAME_L":"Private Rd","FULLNAME_R":"Private Rd"},"geometry":{"type":"LineString","coordinates":[[-121.984537366463002,47.695159198269295],[-121.984245596402005,47.69521059768681],[-121.983972946788001,47.695277269756083],[-121.983693469849996,47.695356603103995],[-121.983625579220003,47.695385558856096],[-121.983562359819999,47.695419144917302],[-121.983452944063998,47.695498559976706],[-121.983373182883014,47.695587529707197],[-121.983288847319983,47.695722127749804],[-121.983253883471008,47.695793810843291],[-121.983216915593999,47.695889633647901],[-121.983190643745019,47.695987062153293],[-121.983170747371986,47.696166120637713],[-121.983195086522997,47.696463016327193],[-121.983302543762989,47.697418942200997],[-121.983292155390998,47.69745400479691],[-121.983269222063015,47.697495875688404],[-121.983211656511997,47.697555665323897],[-121.98318413844801,47.697573893404908],[-121.982962488951998,47.697651742145602],[-121.982818603376003,47.697687849446091],[-121.982631480004997,47.697720068734696],[-121.982574026476996,47.697739070084609],[-121.982476593019015,47.697763571452505],[-121.982278119905004,47.697787808081493],[-121.981841516439005,47.6977871495126],[-121.981047810863018,47.697800202675189]]}},
{"type":"Feature","properties":{"FULLNAME_L":"NE Carnation Farm Rd","FULLNAME_R":"NE Carnation Farm Rd"},"geometry":{"type":"LineString","coordinates":[[-121.937544357887006,47.671877329027502],[-121.937103694448993,47.671890463263502],[-121.935971692769002,47.671891573573902],[-121.934775926206001,47.671876879656097],[-121.933050603867997,47.6718705789078],[-121.931655836760001,47.671851222894901],[-121.931086455145987,47.671823894383692],[-121.930564619862011,47.671717323310105],[-121.930339098223996,47.6716341576819],[-121.930058925999006,47.671485885398795],[-121.929837163618004,47.671340310243799],[-121.929619714756981,47.671158619788983],[-121.929099364894,47.670664751111296],[-121.928449765511999,47.6700282925338],[-121.928399424359,47.669978972322191],[-121.928031626199996,47.669572229798909],[-121.927718209624999,47.66900088299699],[-121.927474532000019,47.668271345905083],[-121.927340908418003,47.667708125102102],[-121.927184205506009,47.667181199129892],[-121.927042805793008,47.666923287542303],[-121.926902442821003,47.666714588687292],[-121.926782736983014,47.666571326424794],[-121.926451145338007,47.666292236181697],[-121.926230612222,47.666179455892902]]}},
{"type":"Feature","properties":{"FULLNAME_L":"West Snoqualmie Rvr Rd SE","FULLNAME_R":"West Snoqualmie Rvr Rd SE"},"geometry":{"type":"LineString","coordinates":[[-121.928954021329019,47.59933110507901],[-121.92901208240302,47.599104522786597],[-121.929168601261992,47.598741101885295],[-121.929570439119004,47.598020729745905],[-121.930161266593004,47.597108408936208],[-121.930224159844997,47.596991277377391],[-121.930275850355002,47.596871509289997],[-121.930314828584002,47.5967495990553],[-121.930343640424994,47.596625944369897],[-121.930359759770994,47.596501463418306],[-121.930363716474019,47.596376674775208],[-121.930356528659999,47.596251993599104],[-121.930336180078001,47.596127910915399],[-121.930305212663015,47.59600482992289],[-121.930236540706019,47.595823636030602],[-121.930027189021999,47.595458257395201],[-121.929882302120021,47.595266743203098],[-121.929739689338007,47.595110981516996],[-121.929622926975014,47.595003806930308],[-121.929498158580017,47.594901381346205],[-121.929364381734018,47.594804221623789],[-121.929221609260992,47.594712936280295],[-121.928714487227012,47.594430376192797],[-121.92867757130098,47.594409806473017],[-121.928647422563017,47.594393007318601],[-121.928508679968999,47.594300305933892],[-121.928378932417004,47.594202039745703],[-121.928259202744016,47.594097891861999],[-121.928147489988007,47.593989852902702],[-121.928046815808003,47.593876479060903],[-121.92795621,47.593760014242001],[-121.927876667386016,47.593639582499101],[-121.927777501108991,47.5934532848324],[-121.927147571727005,47.591926136200485],[-121.927087094484008,47.591845024005785],[-121.927014555271001,47.591768137660495],[-121.926933999631018,47.59169569871689],[-121.926843423500998,47.591628581854408],[-121.926778122913007,47.591590059874299],[-121.926691584945019,47.591539006477497],[-121.926581066512995,47.591487418535493],[-121.926403415387,47.591423323340699],[-121.926213965179002,47.591376348414492],[-121.925449552426997,47.591259496149711],[-121.925411713231014,47.591242852251902],[-121.925381863362006,47.591220648109292],[-121.925361039205001,47.591193986935899]]}},
{"type":"Feature","properties":{"FULLNAME_L":"SE 43rd St","FULLNAME_R":"SE 43rd St"},"geometry":{"type":"LineString","coordinates":[[-121.888591038517006,47.566574413357792],[-121.888395636536004,47.566527387968996],[-121.888052565923005,47.566464900585494]]}},
{"type":"Feature","properties":{"FULLNAME_L":"Private Rd","FULLNAME_R":"Private Rd"},"geometry":{"type":"LineString","coordinates":[[-122.013686853341994,47.715819933394393],[-122.013639773953003,47.715702668600699],[-122.013425082914992,47.715608547965793],[-122.013169939535018,47.715549100890094],[-122.013020078216002,47.7155423533885],[-122.012920136557995,47.715571230326198],[-122.012757935447013,47.715651904959998],[-122.01248880587498,47.715854239415705],[-122.012272314826006,47.715982088103402],[-122.012129207876995,47.716121170378791],[-122.011928267533008,47.716285013746187],[-122.011763762707005,47.716286713989696],[-122.011444598625005,47.7160301442362],[-122.011255869856001,47.716016153210902],[-122.011051302392005,47.716132308712098],[-122.010727473487009,47.716364170974998],[-122.010424628454999,47.716580897540702]]}},
{"type":"Feature","properties":{"FULLNAME_L":"Old Leary Rd","FULLNAME_R":"Old Leary Rd"},"geometry":{"type":"LineString","coordinates":[[-121.921725421659005,47.596398686073009],[-121.921687725138995,47.596534377472594],[-121.921675904242008,47.596623299056191],[-121.921709680589984,47.596736287571296],[-121.921776005923007,47.596855089772113],[-121.921883116524015,47.596985883503201],[-121.921991821321996,47.597144422250402],[-121.922181770904004,47.597335558839383],[-121.922315345111016,47.597447589242101],[-121.922561056552979,47.597688313652917],[-121.922695462152021,47.597840178994595],[-121.922857162745998,47.597988654435497],[-121.923061976162018,47.598235812323793],[-121.923191508295986,47.598372386351102],[-121.923362972007013,47.5985514013177],[-121.923457371054994,47.598728111131301],[-121.923528268856998,47.598871374454802],[-121.923586875138,47.599080944487106],[-121.923593806651013,47.599194145874996],[-121.923598424533012,47.59941459987931],[-121.923575571987001,47.5996298747257],[-121.923546029072,47.599743469504702],[-121.923454378871,47.599915839644503],[-121.923271583084002,47.600260566624101],[-121.923117664053009,47.600508328342904],[-121.922929367472989,47.60083254692141],[-121.922837136731985,47.600977372828197],[-121.922701162264005,47.601186920113889],[-121.922487700562016,47.601446906258609],[-121.922279789165998,47.601681644783895],[-121.922066291330992,47.601867430068999],[-121.921837974902999,47.602023153433606],[-121.921470208955995,47.602222663559488],[-121.921279327652996,47.602319104490398],[-121.920898573810021,47.602511473985196],[-121.920563894744006,47.602718462416099],[-121.920245564755021,47.602810652297201],[-121.918954261012999,47.603192348274298],[-121.91869346553699,47.6033222022077],[-121.918453562709018,47.603579216634003],[-121.918104898394006,47.604015567058788],[-121.917735094928005,47.604337523133488],[-121.917417549895021,47.604467909414097],[-121.917062503137018,47.604598657473097],[-121.916876126610006,47.6046768563562],[-121.916863090804995,47.60468590492971],[-121.916801695838004,47.604728504325692],[-121.916796571603001,47.604736879850492],[-121.916746806383003,47.604818178110101],[-121.916766589738998,47.604843479893098],[-121.916806467377995,47.6049576975851],[-121.916941379388007,47.605109263305692],[-121.917020051625002,47.605251551757483],[-121.916978456401992,47.605409813067411],[-121.916845331575999,47.605483940412093],[-121.916702347796999,47.605515658679401],[-121.916263912231997,47.605586621620297],[-121.915780491150997,47.605578831504403],[-121.913981388729013,47.605595932479289]]}},
{"type":"Feature","properties":{"FULLNAME_L":"West Snoqualmie Rvr Rd NE","FULLNAME_R":"West Snoqualmie Rvr Rd NE"},"geometry":{"type":"LineString","coordinates":[[-121.987735911409999,47.747562140425003],[-121.987684223538992,47.747591452100203],[-121.987630137091003,47.747650007189691],[-121.987615703682991,47.747686481824097],[-121.987770768554,47.748855053446199],[-121.987854243743016,47.749569298450808],[-121.987855587572,47.749584019189108],[-121.987922516338998,47.750422414929794],[-121.988020029022991,47.751424750285096],[-121.98816071252098,47.752197364393794],[-121.988299286931991,47.752806523697799],[-121.988807248257004,47.754667163488385],[-121.988845205914998,47.754774136322403],[-121.988872076912003,47.754885336827897],[-121.988865244684007,47.755171919435803],[-121.988701348673999,47.757078258731397],[-121.988670610568008,47.757295601092991],[-121.988647766121005,47.757388112493999],[-121.988624718233012,47.757448662266803],[-121.988482037614986,47.757683158014402],[-121.988368196638987,47.757797666493794],[-121.988191202596994,47.757952054337295],[-121.988032603807014,47.758065214051896],[-121.987907875788011,47.758147361304999],[-121.987551615933981,47.758354284612103],[-121.987316958118001,47.758452620049098],[-121.987226118324998,47.758481899568707],[-121.98715582118102,47.7584976873923],[-121.987030155151999,47.758514895861992],[-121.986901727394994,47.758522193157496],[-121.986730917713018,47.758520662420999],[-121.986622946907005,47.758510786510101],[-121.986514804833007,47.758493202343899],[-121.985940105010002,47.758362347043096],[-121.985818481503998,47.758332730368899],[-121.985683357214,47.758290226444906],[-121.985548020102982,47.758238128284795],[-121.985364126598981,47.758150877029813],[-121.985161088709987,47.758025433810701],[-121.984930563850995,47.757852286492508],[-121.984831990497,47.757762117040599],[-121.984727918456016,47.757652810534708],[-121.984630439741991,47.757520132299796],[-121.984555517152998,47.757396137219295],[-121.984344234450006,47.756990431636908],[-121.984314866963004,47.756949598421997],[-121.984256983500003,47.7569063165095],[-121.984207701277001,47.756884191124598],[-121.984163275989999,47.756871878915497],[-121.984143266426003,47.756866333938198],[-121.984081092103011,47.756858735590093],[-121.983898408171996,47.756871544757203],[-121.980008955412998,47.757452880042102],[-121.977970394546006,47.757753692362293],[-121.977537164430984,47.757836863019001],[-121.976456440228006,47.758059495889093],[-121.97636705996301,47.758073869740599],[-121.975915539013002,47.758146483345499],[-121.975851859847012,47.758162883358999],[-121.975781247737984,47.758187580806698],[-121.975661365469989,47.75823676467931],[-121.974873534162995,47.758651113332803],[-121.974097457292984,47.759092073939506],[-121.973909388823984,47.759193156567392],[-121.973521784279015,47.75940147831021],[-121.972643494487997,47.759910623353491],[-121.972428084114995,47.7600539748952],[-121.972312070643994,47.76014081317269],[-121.972098622266998,47.760327327393291],[-121.972026024160982,47.760400705987102],[-121.971934762252985,47.760503750268398],[-121.971501062126009,47.761030383851903],[-121.971225091311993,47.761379284367194],[-121.970938567898997,47.76175707795111],[-121.970655549980009,47.762109474453702],[-121.970470945250014,47.762290729936304],[-121.970163500556993,47.7624797177453],[-121.969684040214005,47.762682412796408],[-121.969280448395011,47.762821635444695],[-121.968958949143016,47.762902975373002],[-121.968564089213984,47.762976816071102],[-121.967518416323998,47.763135270741103],[-121.967154134164005,47.763212918040004],[-121.966851193681009,47.763306405555795],[-121.966508808743001,47.763455804703504],[-121.965538815919999,47.764008301419096],[-121.965218933052981,47.764164327798596],[-121.965054693559011,47.764231758915798],[-121.964617666379013,47.764377292599391],[-121.963794247451006,47.764613018018807],[-121.963211014761995,47.764720924116205],[-121.961972323374994,47.76493670401041],[-121.961913617210001,47.764946932799305],[-121.961793601782986,47.764991302282795],[-121.961725234176981,47.765026250291989],[-121.961665108988996,47.765066600305097],[-121.961622252134021,47.765106094136492],[-121.961576673788997,47.765160694562304],[-121.961533888215996,47.765250224868296],[-121.961533792634995,47.765339333180094],[-121.961542010366998,47.765389971861993],[-121.961566160264013,47.765471988835586],[-121.961820720424996,47.765910896397394],[-121.961838474149999,47.765979264989909],[-121.961854141921009,47.766185427903686],[-121.961851909640998,47.766269759253106],[-121.961840094191004,47.766380917564099],[-121.961796926874015,47.766593145715909],[-121.961607361715011,47.767226311134984],[-121.961352879637985,47.767960192150291],[-121.961119006768016,47.768660279506584],[-121.960926376372996,47.769293479317405],[-121.960847256291018,47.769629438805403],[-121.960862969596008,47.769791047661393],[-121.960882175527985,47.769832669841506],[-121.960946734027999,47.769902632518601],[-121.961072716092005,47.769991866106196],[-121.961147816183001,47.770032250559495],[-121.961255638880004,47.770081222353795],[-121.961410486133005,47.770142067259798],[-121.961525194671012,47.770180003695103],[-121.961840248621996,47.770267367539503],[-121.962066049501004,47.770317913881499],[-121.962428513275981,47.770387668524087],[-121.962872375361997,47.770460052000608],[-121.963038542312006,47.770479911220995],[-121.963177194926999,47.770497476256004],[-121.963286445579996,47.770518326191095],[-121.963456145514016,47.770560514411493],[-121.963660990239987,47.770629086578104],[-121.963743104488998,47.770664601804299],[-121.963898378647002,47.77074463150889],[-121.964354322453019,47.770997840650502],[-121.96457416349098,47.771147830141203],[-121.964678867116021,47.771240012473505],[-121.964724731136016,47.771291654182988],[-121.964784452977,47.771372627011999],[-121.964926009164003,47.771592706372701],[-121.964972963131999,47.771670981660897],[-121.965127943892,47.771970353906497],[-121.965252190179001,47.7722590636603],[-121.965771024361004,47.77359900882719],[-121.965822296869021,47.773688465733201],[-121.965987869494015,47.773913789114808],[-121.966619143561999,47.774604105039394],[-121.967149883668,47.775160211452899],[-121.967897635765993,47.775874552235102],[-121.968115333889997,47.776111092093906]]}},
{"type":"Feature","properties":{"FULLNAME_L":"SE Cedar St","FULLNAME_R":"SE Cedar St"},"geometry":{"type":"LineString","coordinates":[[-121.830850853496997,47.529790188675101],[-121.830926128415996,47.5298289427745],[-121.830989544827005,47.529871735322601],[-121.831007257628002,47.529885332269394]]}},
{"type":"Feature","properties":{"FULLNAME_L":"347th Pl SE","FULLNAME_R":"347th Pl SE"},"geometry":{"type":"LineString","coordinates":[[-121.877353487126015,47.55308458902379],[-121.87795524462301,47.552621704622098],[-121.878038265465989,47.552571074778491],[-121.878130032442996,47.552527435440602],[-121.878228522628987,47.552490887435795],[-121.878384262276981,47.552456554759097],[-121.878646832161991,47.552422909209298],[-121.880031227214999,47.552263187397692]]}},
{"type":"Feature","properties":{"FULLNAME_L":"SE Park St","FULLNAME_R":"SE Park St"},"geometry":{"type":"LineString","coordinates":[[-121.807742301600996,47.5232959855472],[-121.808426500466993,47.523583713980109]]}},
{"type":"Feature","properties":{"FULLNAME_L":"Snoqualmie Pkwy","FULLNAME_R":"Snoqualmie Pkwy"},"geometry":{"type":"LineString","coordinates":[[-121.839378912200019,47.534468277923999],[-121.839126943278998,47.534456082919299],[-121.838824839390981,47.5344548229046],[-121.838455427398998,47.5344777616898],[-121.838146311044,47.534514591003401],[-121.837887584425999,47.534553597154101],[-121.837656087955011,47.534598919562001],[-121.83742871543302,47.534657318039507],[-121.837229386467996,47.534713509339909],[-121.83698599118101,47.534794989862895],[-121.83514276176399,47.53551284209081],[-121.834345475381994,47.535825813914499]]}},
{"type":"Feature","properties":{"FULLNAME_L":"Preston Fall City Rd SE","FULLNAME_R":"Preston Fall City Rd SE"},"geometry":{"type":"LineString","coordinates":[[-121.888290931041013,47.565683089248409],[-121.888236398415998,47.5658157584988],[-121.88817986145601,47.565974487448393],[-121.888086341046005,47.566307364413099],[-121.888052565923005,47.566464900585494]]}},
{"type":"Feature","properties":{"FULLNAME_L":"Silva Ave","FULLNAME_R":"Silva Ave"},"geometry":{"type":"LineString","coordinates":[[-121.827854854785997,47.525052809322602],[-121.827854933177989,47.52684582269189]]}},
{"type":"Feature","properties":{"FULLNAME_L":"Olmstead Ave","FULLNAME_R":"Olmstead Ave"},"geometry":{"type":"LineString","coordinates":[[-121.826589528195996,47.526848430840495],[-121.826587125426997,47.527557825321502],[-121.826572398536996,47.528245399264605],[-121.826565453797002,47.528279259901502],[-121.826492750110006,47.528464798427805]]}},
{"type":"Feature","properties":{"FULLNAME_L":"SE Cedar St","FULLNAME_R":"SE Cedar St"},"geometry":{"type":"LineString","coordinates":[[-121.831007257628002,47.529885332269394],[-121.831819929284009,47.530516923631993],[-121.831915271002998,47.530573539909604],[-121.832010368305021,47.530617390054893],[-121.832118981243994,47.530663857553101],[-121.832235572249004,47.530701342155098]]}},
{"type":"Feature","properties":{"FULLNAME_L":"SE Fir St","FULLNAME_R":"SE Fir St"},"geometry":{"type":"LineString","coordinates":[[-121.832055174366999,47.529793488971798],[-121.831237873598994,47.529795198364098],[-121.831182745337003,47.529799330396486],[-121.831135835427986,47.529810685951894],[-121.831079831661,47.529839449030106],[-121.831007257628002,47.529885332269394]]}},
{"type":"Feature","properties":{"FULLNAME_L":"Meadowbrook Way SE","FULLNAME_R":"Meadowbrook Way SE"},"geometry":{"type":"LineString","coordinates":[[-121.812271919178016,47.526096670465591],[-121.812261910642007,47.526162444048992],[-121.812256579073988,47.526215324864992],[-121.812254683961001,47.526301496116091],[-121.812256266038986,47.526385732600993],[-121.812261843781982,47.526495638908102],[-121.812325815538983,47.527207647402108],[-121.812327679831014,47.527269510443396],[-121.812323878788987,47.527329042494394],[-121.812314375609006,47.527384339065996],[-121.812297169230021,47.527438560088108],[-121.812271332200012,47.527499709755894],[-121.812231931964021,47.527557168037802],[-121.812176806034017,47.52761552398659],[-121.812121654769001,47.527660628053503],[-121.812036931921014,47.52771466915339],[-121.811947706663005,47.527753516695398],[-121.811852766724002,47.527784341094602],[-121.811745295662007,47.527809637735693],[-121.811559284788984,47.527843987146696],[-121.811399030939,47.527872784632599]]}},
{"type":"Feature","properties":{"FULLNAME_L":"NE 45th St","FULLNAME_R":"NE 45th St"},"geometry":{"type":"LineString","coordinates":[[-121.897613625161,47.647664000988399],[-121.897107825354993,47.647786012880402],[-121.896877837434005,47.647837665401802],[-121.896689261417009,47.647875221338502],[-121.896556731372002,47.647897783431894],[-121.896437598320006,47.647914127451784],[-121.896329625470017,47.647925036526601],[-121.896226080599007,47.647932095195308]]}},
{"type":"Feature","properties":{"FULLNAME_L":"E Entwistle St","FULLNAME_R":"E Entwistle St"},"geometry":{"type":"LineString","coordinates":[[-121.900460252426001,47.647156031632512],[-121.900315879722015,47.647150530085398],[-121.900170505323004,47.647151130594601],[-121.900037619369002,47.647156183062414],[-121.899905985051021,47.647167317191908],[-121.899755319614016,47.647184721562297],[-121.899627252635995,47.647204960899103],[-121.899489154508998,47.647230625340796],[-121.897613625161,47.647664000988399]]}},
{"type":"Feature","properties":{"FULLNAME_L":"SE River St","FULLNAME_R":"SE River St"},"geometry":{"type":"LineString","coordinates":[[-121.824189509123983,47.527220093140791],[-121.823540439801008,47.5274409988413]]}},
{"type":"Feature","properties":{"FULLNAME_L":"Meadowbrook Way SE","FULLNAME_R":"Meadowbrook Way SE"},"geometry":{"type":"LineString","coordinates":[[-121.816244368030013,47.520576152519304],[-121.815212367711993,47.522132622323397],[-121.814561973036987,47.523119166349083],[-121.814344213553014,47.523437105648298],[-121.814210706526012,47.523631702150809],[-121.814105102962017,47.523775419505306],[-121.813986181048008,47.523933069961608],[-121.813874039504,47.524070022141203]]}},
{"type":"Feature","properties":{"FULLNAME_L":"SE Mill Pond Rd","FULLNAME_R":"SE Mill Pond Rd"},"geometry":{"type":"LineString","coordinates":[[-121.829898622491982,47.539994250347803],[-121.829724761034001,47.5399126856245],[-121.829549927036993,47.539827396997204],[-121.829381825434012,47.539741288269902],[-121.829135261142994,47.539610170601399],[-121.828845036915013,47.539448476740901],[-121.828059204100995,47.539008876361201],[-121.827937040917007,47.538939803502906],[-121.827828978736989,47.5388760137877],[-121.827712915440017,47.538805440368407],[-121.827601202897995,47.53873014453729],[-121.827505719370009,47.538662436901703],[-121.827425564639015,47.538599279324899],[-121.827361562568015,47.538545766288493],[-121.827307072910003,47.538492817060408],[-121.827232511451001,47.5384163583225],[-121.827134915326994,47.538311541854391],[-121.826972671448004,47.538133987277888],[-121.825832122574013,47.536898108710993],[-121.825587350326003,47.536626722070899],[-121.825348882738993,47.536358440404001],[-121.825246001661,47.536238359441199],[-121.825170483359997,47.53614389671629],[-121.825082347025997,47.536030351348003],[-121.825006121024998,47.535925155380497],[-121.824916371936993,47.535791975432289],[-121.824410933717999,47.535024057660884],[-121.824278036657006,47.534824614706594],[-121.823689844366996,47.533979619279386],[-121.823386579735001,47.533537466853005],[-121.823331232724996,47.533453440405196],[-121.823287441196015,47.533368143229502],[-121.823252251561001,47.533288596565583],[-121.823213714383996,47.533186956126791],[-121.823180896637993,47.533087283757091],[-121.823144888250013,47.532967647246608],[-121.822976397401007,47.532385547617395],[-121.822935854261019,47.532260923604611],[-121.82289910391998,47.532164408231196],[-121.822865386884004,47.532091398600201],[-121.822824697482005,47.532021305863893],[-121.822785576377015,47.531959768012506],[-121.822742239757019,47.531898266170792],[-121.822670323794,47.531812261612608],[-121.822601400816993,47.531735750884003],[-121.822533990953005,47.531664938626903],[-121.822459500462017,47.531591332471109],[-121.822380901982996,47.531523473711403],[-121.82227817702902,47.531443448775903],[-121.822154190009002,47.531354089543299],[-121.822027555888013,47.531273320396593],[-121.821865372065005,47.531170965730503],[-121.821058119254985,47.530703897173105],[-121.820927326022002,47.530626019168686],[-121.820815002041002,47.530558452492492],[-121.820701200729999,47.530487090985602],[-121.820610407068003,47.530425162475495],[-121.820511250690998,47.530355196553302],[-121.820434258896,47.530298302418501],[-121.820361050303987,47.530239165543989],[-121.820270376123005,47.530152879000902],[-121.820194394370006,47.530074524053902],[-121.820112540636018,47.529982892568697],[-121.820029009782999,47.52988872373821],[-121.819867975765007,47.529698201878894],[-121.819737084034998,47.529552221202906],[-121.819646304657979,47.529452610349999],[-121.81958553582399,47.52939068771849],[-121.819505425075008,47.529319870193596],[-121.819404060327983,47.529236975431999],[-121.819288678297013,47.529156105659688],[-121.819163616476999,47.529080574948097],[-121.819030679039983,47.529007854829594],[-121.81888954507599,47.528935852018115],[-121.818261166287002,47.528630687881396],[-121.818033225183001,47.528517902250101],[-121.817876545646016,47.528437227227286],[-121.817779744576981,47.528384297534103],[-121.817692198922998,47.5283332677771],[-121.817609359711,47.528281512438092],[-121.81752604280301,47.528228085304207],[-121.817462207409008,47.528182181250003],[-121.817374263722002,47.528113143684088],[-121.817285696341003,47.528037752043609],[-121.81718700474002,47.52794721640511],[-121.816814797277985,47.527588684621605],[-121.816755059789998,47.527533339254092],[-121.816680776286006,47.527470008389209],[-121.816611221364994,47.527418822794004],[-121.816552027927997,47.527380493870389],[-121.816491796633983,47.52734674365221],[-121.816422585742984,47.5273138326138],[-121.816327460547001,47.527278099702691],[-121.816231353937994,47.527249991003501],[-121.816148868183987,47.527228618000699],[-121.816024718803007,47.527207111117001],[-121.815881073048004,47.527192169814285],[-121.815730562803012,47.527185855546705],[-121.815554366713997,47.527185779151893],[-121.814689812734002,47.527192488636089],[-121.814376221922018,47.5271990051289],[-121.81416950578901,47.527208405706702],[-121.813980919882994,47.527225265216991],[-121.813803662086983,47.527246596406506],[-121.813604063793008,47.527275735872408],[-121.813420260344017,47.527307784777904],[-121.813285809903007,47.527333315623792],[-121.813135776948982,47.527367358000198],[-121.813014959905004,47.527400386059398],[-121.812890913436007,47.5274410583133],[-121.812761445430993,47.527492439692303],[-121.812647717054006,47.527543684567803],[-121.812540833406999,47.5276002015977],[-121.812255233653005,47.527780112596993],[-121.812168473211983,47.527833485922294],[-121.812090472406993,47.527871285497895],[-121.811974510170003,47.527920378179097],[-121.811889567659009,47.527947765432998],[-121.811802247103003,47.527968318818992],[-121.811716961364993,47.52797743058079],[-121.811641678542998,47.527980363374496],[-121.811556121218018,47.527975007276503],[-121.811499593593012,47.527958739351305],[-121.81145642912702,47.527935502071891],[-121.811419810502017,47.527901545902502],[-121.811399030939,47.527872784632599]]}},
{"type":"Feature","properties":{"FULLNAME_L":"SE River St","FULLNAME_R":"SE River St"},"geometry":{"type":"LineString","coordinates":[[-121.825306335830007,47.526862999753597],[-121.82522481205001,47.526877084257407],[-121.825123746749,47.526901845561397],[-121.824189509123983,47.527220093140791]]}},
{"type":"Feature","properties":{"FULLNAME_L":"SE Cedar St","FULLNAME_R":"SE Cedar St"},"geometry":{"type":"LineString","coordinates":[[-121.827861769297016,47.529266275914203],[-121.829127696384006,47.529277953094201],[-121.829241739268014,47.5292877065528],[-121.829334158349994,47.529304928728301],[-121.830683552791996,47.529725845066302]]}},
{"type":"Feature","properties":{"FULLNAME_L":"Pine Ave SE","FULLNAME_R":"Pine Ave SE"},"geometry":{"type":"LineString","coordinates":[[-121.830797098313994,47.528832217621392],[-121.830790868950004,47.529465749939199],[-121.830787732321994,47.529519298632408],[-121.830772368080986,47.529585629651095],[-121.830736127226018,47.529647918940597],[-121.830683552791996,47.529725845066302]]}},
{"type":"Feature","properties":{"FULLNAME_L":"SR 202","FULLNAME_R":"SR 202"},"geometry":{"type":"LineString","coordinates":[[-121.82775422132201,47.532089698075296],[-121.827998534016004,47.532424599371801],[-121.828329690133998,47.532868383213895],[-121.828692576401011,47.53335833363429],[-121.828988460482009,47.53376223990761],[-121.829540318102005,47.534503759888196],[-121.830156778255997,47.535340589321208],[-121.830479241302001,47.535784039078109],[-121.830903570894009,47.536360550176099],[-121.831332938604007,47.536942728588997]]}},
{"type":"Feature","properties":{"FULLNAME_L":"Olmstead Pl SE","FULLNAME_R":"Olmstead Pl SE"},"geometry":{"type":"LineString","coordinates":[[-121.826570443584998,47.525982093492395],[-121.826478327667004,47.525981803454201],[-121.826433271667,47.525977628230898],[-121.826397079892999,47.525966520523397],[-121.826361895158996,47.525949311214987],[-121.826333428053005,47.525930520841705],[-121.826313968227993,47.525912412563791],[-121.826299019304003,47.525895026370101],[-121.826287269630001,47.525868474060609],[-121.826281025388994,47.525835780160406],[-121.82628185858502,47.525466402194198],[-121.826289090436006,47.525438964284596],[-121.826298888582016,47.525415988713391],[-121.826315389220014,47.525396804619994],[-121.826339729427019,47.525376028977206],[-121.826361937504998,47.525361364752698],[-121.826393154770003,47.525347383287802],[-121.826428939875001,47.525337169449109],[-121.826475265608011,47.525332809562002]]}},
{"type":"Feature","properties":{"FULLNAME_L":"SE Fir St","FULLNAME_R":"SE Fir St"},"geometry":{"type":"LineString","coordinates":[[-121.830850853496997,47.529790188675101],[-121.830761180692008,47.529864133974307],[-121.830508229266016,47.530015004948602],[-121.83044689311501,47.530046550061897],[-121.830400069036997,47.530062464726001],[-121.83032890805201,47.530073120448193],[-121.829854977061018,47.530075454188498],[-121.829813111662986,47.530084747042309],[-121.829788273557,47.5301089549409],[-121.829785840038994,47.530158099709411]]}},
{"type":"Feature","properties":{"FULLNAME_L":"SE Alder St","FULLNAME_R":"SE Alder St"},"geometry":{"type":"LineString","coordinates":[[-121.813206444381009,47.523773460914306],[-121.813874039504,47.524070022141203]]}},
{"type":"Feature","properties":{"FULLNAME_L":"Maple Ave SE","FULLNAME_R":"Maple Ave SE"},"geometry":{"type":"LineString","coordinates":[[-121.825306335830007,47.526862999753597],[-121.826492750110006,47.528464798427805]]}},
{"type":"Feature","properties":{"FULLNAME_L":"Fir St","FULLNAME_R":"Fir St"},"geometry":{"type":"LineString","coordinates":[[-121.826963367257008,47.530327931575982],[-121.827677264480002,47.530084070173196]]}},
{"type":"Feature","properties":{"FULLNAME_L":"Snoqualmie Pkwy","FULLNAME_R":"Snoqualmie Pkwy"},"geometry":{"type":"LineString","coordinates":[[-121.839404259782,47.534343340605098],[-121.839150708165008,47.534332858856096],[-121.83878517209402,47.534330382201205],[-121.838498710595019,47.534346244817797],[-121.838198449868017,47.534375555585505],[-121.837918087386996,47.534416114410199],[-121.837638016943984,47.534471901613095],[-121.837369373081003,47.534537106424906],[-121.837128838629013,47.534602062968801],[-121.836838328956006,47.534699827790803],[-121.836520222065019,47.534824491240002],[-121.835870391069989,47.535085472745209],[-121.834557754619993,47.535603237676497],[-121.834258748733006,47.5357247639637]]}},
{"type":"Feature","properties":{"FULLNAME_L":"SE Newton St","FULLNAME_R":"SE Newton St"},"geometry":{"type":"LineString","coordinates":[[-121.82858041158201,47.525011422537503],[-121.827854854785997,47.525052809322602]]}},
{"type":"Feature","properties":{"FULLNAME_L":"SE Reinig Rd","FULLNAME_R":"SE Reinig Rd"},"geometry":{"type":"LineString","coordinates":[[-121.811399030939,47.527872784632599],[-121.811056691011004,47.527940737872093],[-121.810873282505,47.527983041456601],[-121.810679618346001,47.528038361511307],[-121.810525041944999,47.528091405290191],[-121.810363992101003,47.528155494679496],[-121.810234492705007,47.528210933203496],[-121.810113181818011,47.528268190905195],[-121.809971373634994,47.528340517652602],[-121.809809888858993,47.528432406149406],[-121.809680654475017,47.528513674168209],[-121.809536393109994,47.528608000379997],[-121.809194274684003,47.528839776370802],[-121.808863472284017,47.529064343515806],[-121.808531663461011,47.529286332191894],[-121.808378930142993,47.529387193884411],[-121.808284564745009,47.529444889385097],[-121.808181611492998,47.529502659175002],[-121.808052069735993,47.529567767600099],[-121.807940357068006,47.529616561921998],[-121.807851281840996,47.529650940028802],[-121.807769756431995,47.529680728805786],[-121.807674894434001,47.529711924608897],[-121.807578087704002,47.529741197931791],[-121.807467884952999,47.529768646263911],[-121.807347171911019,47.529795538915799],[-121.807246365897996,47.5298151494896],[-121.807154065010991,47.529830161882892],[-121.807020777115,47.529848111573294],[-121.806928694993985,47.52985555478471]]}},
{"type":"Feature","properties":{"FULLNAME_L":"Fir St","FULLNAME_R":"Fir St"},"geometry":{"type":"LineString","coordinates":[[-121.826577919786018,47.53045924820281],[-121.826963367257008,47.530327931575982]]}},
{"type":"Feature","properties":{"FULLNAME_L":"SE Newton St","FULLNAME_R":"SE Newton St"},"geometry":{"type":"LineString","coordinates":[[-121.827854854785997,47.525052809322602],[-121.827531262446996,47.525064780392185],[-121.826810641318986,47.525070322774503],[-121.826478991464001,47.525072460267609]]}},
{"type":"Feature","properties":{"FULLNAME_L":"331st Ave NE","FULLNAME_R":"331st Ave NE"},"geometry":{"type":"LineString","coordinates":[[-121.897613625161,47.647664000988399],[-121.897586017802979,47.647600705259102],[-121.897589956860998,47.647560431222409],[-121.897600744141982,47.647505608522991],[-121.897681761528005,47.647274695875296],[-121.897705913528014,47.647174682117885],[-121.897722032580006,47.647031288085302],[-121.897726376401991,47.646894441740301],[-121.897726570055994,47.646554840022603],[-121.897688585574002,47.645787590277401],[-121.89768261871599,47.645571982794699],[-121.897662428316991,47.644842405587895],[-121.897660946748999,47.644788848395983],[-121.897654405221985,47.644552485752492],[-121.897645744704008,47.644239543919703],[-121.897629355046021,47.643923998379201],[-121.897619798611984,47.643739932619603],[-121.897576694967995,47.643665710553599]]}},
{"type":"Feature","properties":{"FULLNAME_L":"Railroad Pl SE","FULLNAME_R":"Railroad Pl SE"},"geometry":{"type":"LineString","coordinates":[[-121.828273291754002,47.531962347599901],[-121.828279066530982,47.531979040723186],[-121.828302326181998,47.532010644438991]]}},
{"type":"Feature","properties":{"FULLNAME_L":"Park Aly SE","FULLNAME_R":"Falls Aly SE"},"geometry":{"type":"LineString","coordinates":[[-121.822979901859995,47.527628320890706],[-121.821791396399007,47.526009625454797]]}},
{"type":"Feature","properties":{"FULLNAME_L":"SE Cedar St","FULLNAME_R":"SE Cedar St"},"geometry":{"type":"LineString","coordinates":[[-121.830683551781007,47.529725845075205],[-121.830788211059996,47.529761544767993],[-121.830850853496997,47.529790188675101]]}},
{"type":"Feature","properties":{"FULLNAME_L":"SE David Powell Rd","FULLNAME_R":"SE David Powell Rd"},"geometry":{"type":"LineString","coordinates":[[-121.890490395266994,47.562879251476502],[-121.890256048132017,47.562708398466498],[-121.890182922628,47.562648222368509],[-121.890136526339006,47.562557619324494],[-121.890120570030021,47.562494704651293],[-121.890116238901001,47.562431171951594],[-121.890158486182983,47.562167571232493],[-121.890178102248996,47.561986433377598],[-121.89018655838602,47.561804286111006],[-121.890185395944016,47.561622225516594],[-121.890125010963999,47.561316270149305],[-121.890098966243997,47.561080721739494],[-121.890097066519999,47.560487962059803],[-121.890093869775995,47.560410655229902],[-121.890089113307994,47.560295600774204],[-121.890075667983012,47.560206876600091],[-121.890020173538019,47.560067006598096],[-121.889929216832002,47.559901161817585],[-121.889918854388995,47.559884127672802],[-121.889829699332992,47.5597375817025],[-121.889722138612001,47.5595768179966],[-121.889683081440992,47.559525169927099],[-121.889354839760998,47.55909108312499],[-121.889230634617007,47.558908542336297],[-121.889188582085012,47.558832163927597],[-121.889184510719005,47.558821739224705],[-121.889157610672001,47.5587529408389],[-121.889138260376015,47.558672537789398],[-121.889129022141006,47.558591443122197],[-121.889035806501013,47.558213947359],[-121.889019659348008,47.558191647863502],[-121.888986084509,47.558137223359694],[-121.888916510621982,47.558086823517499],[-121.888826843070007,47.558059813626897],[-121.888737457592001,47.5580467209098],[-121.888656066790006,47.558038187462905],[-121.887901477231011,47.558052858674806],[-121.887617920529991,47.558051118418298],[-121.887327989309,47.558035001249394],[-121.886887604731001,47.5580145365767],[-121.885841374194996,47.558003407074303],[-121.885621188456994,47.558003803142498],[-121.88503132772,47.558004863928602],[-121.884572807504981,47.557988840687599],[-121.884494690823999,47.557981340531605],[-121.884393063608002,47.557963087966002],[-121.884295330482999,47.557937086774594],[-121.884159622856984,47.557885861513498],[-121.883991938565998,47.557805545587684],[-121.88390834493002,47.557752596357801],[-121.88344309334002,47.557377420820693],[-121.881933693714984,47.5561877273093],[-121.881359803934004,47.555746115085491],[-121.880705318395016,47.555223546879994],[-121.880095757726991,47.554794507246406],[-121.879413894328991,47.554319139063701],[-121.878942765003998,47.554051525520499],[-121.878626853179995,47.553866032014589],[-121.878436109779003,47.553754039128407],[-121.87744059137502,47.553136394808291],[-121.877353487126015,47.55308458902379]]}},
{"type":"Feature","properties":{"FULLNAME_L":"West Snoqualmie Val Rd NE","FULLNAME_R":"West Snoqualmie Val Rd NE"},"geometry":{"type":"LineString","coordinates":[[-122.008156752241007,47.716993533853291],[-122.008249413586014,47.717542482375499],[-122.008328140086007,47.717857062946486],[-122.008396655714009,47.718034573791606],[-122.008902785897988,47.719371212288301],[-122.009015819629013,47.719877276875494],[-122.009030061274984,47.7200350411645],[-122.009030953993999,47.720231670978109],[-122.009023369911006,47.720435069947101],[-122.008989650694986,47.720987116692406],[-122.008980753301984,47.721491444246702],[-122.008998328356014,47.721751733853999],[-122.009028039673012,47.721987222156102],[-122.009125740718986,47.722435296657594],[-122.009180500059003,47.722686434574193],[-122.010001879005998,47.725379749458803],[-122.010561884184995,47.727250475943997],[-122.010587782423016,47.72738455397009],[-122.010618519917998,47.727620034040406],[-122.010608749988009,47.72797322634991],[-122.010587728724005,47.728099050574308],[-122.010520649987001,47.728375109914793],[-122.010353557035003,47.729062725243701],[-122.010355547670017,47.729284790292006],[-122.010372498264999,47.729360272520807],[-122.010390036879997,47.729419207414992],[-122.01042473585801,47.729535803422195],[-122.010633064440995,47.729919136212395],[-122.010957861674996,47.730465253085583],[-122.012277679101004,47.7325260491953],[-122.012345998527991,47.732603996979101],[-122.012499157228987,47.732749099923304],[-122.012758779942999,47.732973984903801],[-122.013672036759999,47.733713602845185],[-122.013858562517001,47.733864659392005],[-122.013959785515993,47.733959577417394],[-122.014058236093021,47.73406660167781],[-122.014101193521995,47.734123732031904],[-122.014174510523006,47.734242499023004],[-122.014238724560002,47.734363076578106],[-122.014289569390002,47.734476587068507],[-122.014396662896999,47.734784788788488],[-122.014531521148001,47.735286630331203],[-122.014949486453006,47.736841924329696],[-122.014970455088019,47.736959604465703],[-122.014975873878996,47.737153015131909],[-122.014963989937996,47.7372557034385],[-122.014941409564017,47.737357553879498],[-122.014908639149013,47.7374581389657],[-122.014865675096004,47.737556946008503],[-122.014812497362001,47.737653632478803],[-122.014750116180011,47.737747584703392],[-122.014618024314998,47.73790420973679],[-122.014507111724015,47.738009031115901],[-122.01403587643,47.738426594020993],[-122.013443319466006,47.738951649201901],[-122.013268350648005,47.739144359507705],[-122.013210231214003,47.739220184599787],[-122.013129200075994,47.739325901898908],[-122.013063347663021,47.739423829001993],[-122.012981339166998,47.7395668721555],[-122.012942633864014,47.73963439432989],[-122.012754413394006,47.739991107062899],[-122.012656703489014,47.74017628646029],[-122.012484471473996,47.7404674141386],[-122.012354646719018,47.740657166755007],[-122.012197437327998,47.740849261288695],[-122.011992858558003,47.74105863851851],[-122.011473508663002,47.741525225381494],[-122.011085395603004,47.7418643296471],[-122.010583682597016,47.742325156120401],[-122.009560705034005,47.743237248408207],[-122.009245698356992,47.743529313616897],[-122.009121768149001,47.74364421637739],[-122.008929697165001,47.743846003990797]]}},
{"type":"Feature","properties":{"FULLNAME_L":"NE 80th St","FULLNAME_R":"NE 80th St"},"geometry":{"type":"LineString","coordinates":[[-121.863220476205996,47.672612543750198],[-121.863058411678992,47.672625091379004],[-121.862575494696998,47.672616365306588],[-121.860152507776007,47.672593008461085],[-121.859676685218005,47.672586585990103],[-121.859361419561012,47.672591806105999],[-121.858906805469999,47.672588759152298],[-121.857687638551994,47.67257923137889]]}},
{"type":"Feature","properties":{"FULLNAME_L":"NE Novelty Hill Rd","FULLNAME_R":"NE Novelty Hill Rd"},"geometry":{"type":"LineString","coordinates":[[-122.015066654601,47.70223787886929],[-122.014402140965998,47.702107090113195],[-122.013867359124006,47.702001958095096],[-122.013656652280005,47.70196129932809],[-122.013511589410001,47.701939001033502],[-122.013357794957003,47.701920362769698],[-122.01321294852201,47.701907582082491],[-122.013034588386006,47.701893957416303],[-122.012824639047011,47.701886609726898],[-122.012607936462004,47.701892422251198],[-122.012303493683021,47.701920521732099],[-122.012058502163995,47.701953130099795],[-122.011827808402003,47.701989360103298],[-122.010898443580004,47.70217949273659],[-122.010597273516012,47.702238079673386],[-122.010265216379011,47.702287918937607],[-122.009985628484003,47.702319365842193],[-122.009684702192018,47.702342701980996],[-122.009186000910006,47.702351416983802],[-122.008762600848996,47.702337933062211],[-122.008587926670003,47.702331404448408],[-122.008425482454015,47.702319988361801],[-122.008093005646998,47.702273434872602],[-122.006886949947997,47.702028813663603],[-122.006660466833992,47.701991874257509],[-122.006543875348001,47.701981174165304],[-122.006448090600998,47.701978510593193],[-122.006347439137997,47.701981205828801],[-122.006254531774999,47.701988825763088],[-122.006170168861004,47.702000166070384],[-122.006060534759015,47.702016526061101],[-122.005949490511995,47.70203290113681],[-122.005843999587995,47.702045409939593],[-122.005742524081015,47.702048357820892],[-122.005602785811007,47.702043130975298],[-122.005406368774018,47.702026110256895],[-122.005276479759999,47.702019829653501],[-122.005170838401014,47.702025675437199],[-122.005058383762005,47.702042064140301],[-122.004902798828994,47.702084599683999],[-122.004534613393005,47.702205480496403],[-122.004436751653003,47.702243614649092],[-122.004373988970997,47.702274723531808],[-122.004319919726001,47.702305987783404],[-122.004264209492987,47.702347252436709],[-122.004224327998017,47.70239240685671],[-122.004197050520006,47.702433623447007],[-122.004182313759017,47.702468047284896],[-122.00417377315901,47.702527159746801],[-122.004179612513994,47.702598500988202],[-122.00423155034602,47.702872098653998],[-122.004236471587987,47.702932751512691],[-122.004242053420995,47.702991041010399],[-122.004237657333988,47.703046302547904],[-122.004222153954998,47.703109294885998],[-122.004192613664017,47.703175286977796],[-122.004146003664005,47.703234790438302],[-122.004089565583001,47.703296298992406],[-122.003962719468021,47.703425171319509],[-122.003923029928998,47.703478891767091],[-122.003893167319006,47.703530607116107],[-122.003881699725994,47.703584989842206],[-122.003884439684995,47.7036439864426],[-122.003898459731985,47.703702867215888],[-122.003925424608013,47.70378818856689],[-122.003943002664982,47.703878645041392],[-122.003959493843993,47.703979582228591],[-122.003965335727003,47.704081094875207],[-122.003962509521003,47.70415845081591],[-122.003945793037005,47.704301197319602],[-122.003893069796021,47.704590199109894],[-122.003850651223985,47.7047105883005],[-122.003812477986003,47.704769052886398],[-122.003766954585018,47.704814265044895],[-122.003711259670013,47.7048462530474],[-122.003584344860997,47.704891786614297]]}},
{"type":"Feature","properties":{"FULLNAME_L":"SR 202","FULLNAME_R":"SR 202"},"geometry":{"type":"LineString","coordinates":[[-121.822976826857015,47.525609597061795],[-121.823741557652014,47.526634482801398],[-121.823845101867988,47.526763109197404],[-121.823925073805995,47.526864268178009],[-121.823992385186003,47.526949931635983],[-121.824189509123983,47.527220093140791]]}},
{"type":"Feature","properties":{"FULLNAME_L":"SR 203","FULLNAME_R":"SR 203"},"geometry":{"type":"LineString","coordinates":[[-121.985776410898012,47.749893613728894],[-121.985642100906006,47.750161435655194],[-121.985562635830007,47.750290246401491],[-121.985354590648001,47.750578863176898],[-121.985141581202015,47.750827088398196],[-121.984959626543002,47.751009197046208],[-121.98465142966802,47.751273461773096],[-121.984494569187007,47.751395679982892],[-121.984235505393016,47.751576785919198],[-121.984174352224002,47.751619532907],[-121.984161280818,47.7516286687475],[-121.984005873083007,47.751724827445102],[-121.983483787634015,47.752015236212792],[-121.982011741742994,47.752824360534909],[-121.980737328833996,47.7535248176317],[-121.976175089666995,47.756038884363299],[-121.974311009759006,47.757061712324898],[-121.972983412995006,47.757799491869001],[-121.970745664033018,47.759032309504306],[-121.969643363222005,47.759641424257495],[-121.96875192795099,47.760132420592505],[-121.965571751503987,47.761883877904708],[-121.964706854182012,47.7623603240772],[-121.963079501600021,47.763256754688392],[-121.962944648049017,47.763319779236475],[-121.962631484506986,47.76345791035201],[-121.962390668861019,47.763556940175498],[-121.961664794610982,47.763836924388009],[-121.961199679080011,47.76404646865339],[-121.960900944805999,47.764194051251089],[-121.960660807336012,47.764324598207587],[-121.960353874798983,47.764516123067899],[-121.959984059555993,47.764761046800302],[-121.958027368002021,47.766078688073897],[-121.957787943313988,47.766253734311],[-121.957469651113016,47.766485052844089],[-121.957177266949984,47.766738797961899],[-121.957001972732996,47.766907088658101],[-121.956673242962012,47.767266923559703]]}},
{"type":"Feature","properties":{"FULLNAME_L":"SR 202","FULLNAME_R":"SR 202"},"geometry":{"type":"LineString","coordinates":[[-121.826577919786018,47.53045924820281],[-121.827271902937014,47.531417055971495],[-121.82775422132201,47.532089698075296]]}},
{"type":"Feature","properties":{"FULLNAME_L":"SR 202","FULLNAME_R":"SR 202"},"geometry":{"type":"LineString","coordinates":[[-121.836082422985001,47.546908814760201],[-121.835855536335998,47.546607061988603],[-121.835716930494996,47.546418648336591],[-121.835640256668995,47.546292139369498],[-121.835589978789997,47.546192814144497],[-121.835550858524016,47.54608882142729],[-121.83552774746299,47.545998396153102],[-121.835509951524998,47.545891930159108],[-121.835502249100998,47.545783852133994],[-121.835508099549983,47.545678701344301],[-121.835524131246999,47.545576506832802],[-121.835559820317016,47.545443675677696],[-121.835607997028006,47.545316826497],[-121.835671933331014,47.545190600505691],[-121.835753833158009,47.545062693010401],[-121.835829586238006,47.544966064485401],[-121.835926544422009,47.544860870822205],[-121.836029419829984,47.544770857204199],[-121.836123663246994,47.544699959559594],[-121.836269067755012,47.544598908579296],[-121.836425584700009,47.544490904332598],[-121.836546304802994,47.544393116906903],[-121.836625795474021,47.544315494745192],[-121.836705080612987,47.544227211772402],[-121.836774009451005,47.544126834583693],[-121.836821570800993,47.544026646704907],[-121.836850468367004,47.543950232598007],[-121.836865240424999,47.543841194679196],[-121.836869993768019,47.543737576508605],[-121.836864844757997,47.543645469173086],[-121.83685781448402,47.543572419043201],[-121.836844285677998,47.543512372719604],[-121.836813403845994,47.543427346910192],[-121.836768777168999,47.543329496026004],[-121.836722152017984,47.543244609880198],[-121.836674489508994,47.543164301959301],[-121.836420159268002,47.542748434000202],[-121.83631008641899,47.542581093746605],[-121.836244314656994,47.542494853363287],[-121.836189090180994,47.542430605149008],[-121.836115550239001,47.542349763841308],[-121.836026178333995,47.542264493089199],[-121.835900411195013,47.542158218214098],[-121.835756519626017,47.54204524876269],[-121.835516892469983,47.541866865536903],[-121.834455287207987,47.5410794163923],[-121.834316215922001,47.540985726376498],[-121.834249737215998,47.540947036714201],[-121.834175564049005,47.540910378537696],[-121.834073285078006,47.5408700396111],[-121.833956547008,47.540831792351099],[-121.833849700626999,47.540805240443596],[-121.833752733281997,47.540789729440498],[-121.833645246212981,47.540780202230692],[-121.833522396191,47.54077604682351],[-121.833401592301001,47.540777764555486],[-121.833173914039008,47.540773287846797]]}},
{"type":"Feature","properties":{"FULLNAME_L":"Neal Rd SE","FULLNAME_R":"Neal Rd SE"},"geometry":{"type":"LineString","coordinates":[[-121.891362806535994,47.575515464289992],[-121.891446501136002,47.575596724224795],[-121.891544394104002,47.575678622409896],[-121.891651290656,47.575754953221796],[-121.891767201216993,47.575826229245301],[-121.891954484342008,47.575920452719792],[-121.892325945816012,47.576055748676097],[-121.892473698027004,47.57609879725441],[-121.892625851055016,47.576134094846097],[-121.892860633354019,47.576173033887009],[-121.893019981522002,47.576188556211306],[-121.893174116403017,47.576196973671095],[-121.893791199267994,47.576221882631593],[-121.893967048595982,47.576221432590607],[-121.894145450287994,47.576216793062294],[-121.894330978460019,47.576216649039502],[-121.894506512567006,47.576200731455707],[-121.894717308354018,47.576189244178195],[-121.894898432990999,47.57618874345971],[-121.895042682201009,47.57619096657541],[-121.89517279046801,47.576206887737492],[-121.895316768824017,47.576230295813097],[-121.895511616937014,47.576264651406198],[-121.89562472755,47.576292155013107],[-121.895769133583997,47.576336502086804],[-121.895899512531017,47.576382883506803],[-121.896050011121005,47.576450021011404],[-121.896235046554011,47.576554915726604],[-121.896474815822984,47.576722129849387],[-121.896900130436009,47.577018984233298],[-121.897171200252998,47.577203040146486],[-121.897465478138002,47.577421150185394],[-121.897677706044007,47.577617179712192],[-121.89790288849602,47.577922905098795],[-121.898392474543016,47.578631733558993],[-121.898486382969992,47.578790388473891],[-121.898570705481021,47.578950852184903],[-121.898895681560987,47.579658991314098],[-121.898966785970003,47.579767438665009],[-121.899090532691019,47.579923672215102],[-121.899871500359012,47.58093409844659],[-121.90077516151301,47.582170933750895],[-121.900842787312001,47.582307000179398],[-121.900873719414008,47.58238275241299],[-121.900907355271997,47.582491547564693],[-121.901014689698002,47.582884283420903],[-121.901036542309001,47.583011271026997],[-121.901070516271005,47.583136516233402],[-121.901115610191994,47.5832605850077],[-121.90117128351902,47.58338181542549],[-121.901238571026013,47.583501261556897],[-121.901722424260996,47.584246842477391],[-121.901812291133993,47.584355671228998],[-121.901911709198984,47.584461106363889],[-121.902273661511003,47.584770268067203],[-121.902422805007987,47.5848796496565],[-121.902580454421013,47.5849834648401],[-121.90274606844001,47.585080613745006],[-121.902892999835998,47.585156001312697],[-121.903039075825021,47.585214389628398],[-121.903190081245995,47.585266134728009],[-121.903346534804996,47.585311829414387],[-121.903506387723993,47.5853503797887],[-121.903752981186997,47.585394671928192],[-121.904210714661005,47.585434231322296],[-121.904409801428002,47.585459212222297],[-121.904705647639005,47.585509078580493],[-121.905713269827999,47.585709028404096],[-121.906317335807998,47.585794366052198],[-121.907093892776004,47.585842985981891],[-121.907678108674006,47.585825389052509],[-121.908422108172999,47.585793683301603],[-121.908846925041999,47.585808859403997],[-121.909319783192998,47.5858200234008],[-121.909689922805995,47.585836527895097],[-121.910757202165001,47.585907304865401],[-121.911086184637,47.58594257270029],[-121.911317876622007,47.585976017201908],[-121.911489744714999,47.586007292046901],[-121.911658716136003,47.586045448496193],[-121.911826845107996,47.586091832481692],[-121.91204714570101,47.5861624000256],[-121.912453450567,47.586310713641396],[-121.912864413807995,47.586488323936692],[-121.913138748034996,47.586623624969597],[-121.913497546841981,47.586825850240501],[-121.913928308543987,47.587102534205997],[-121.914493258469008,47.587473856214004]]}},
{"type":"Feature","properties":{"FULLNAME_L":"SR 202","FULLNAME_R":"SR 202"},"geometry":{"type":"LineString","coordinates":[[-121.894462384326985,47.569715977276708],[-121.894204385693996,47.569503518389894],[-121.893982339010989,47.569334230382708],[-121.893847900215007,47.569239523048793],[-121.893719636944013,47.569157895072102],[-121.89355536817601,47.5690590726146],[-121.893331869755997,47.568932460619997],[-121.893086694511993,47.568805653364301]]}},
{"type":"Feature","properties":{"FULLNAME_L":"SR 202","FULLNAME_R":"SR 202"},"geometry":{"type":"LineString","coordinates":[[-121.905096242455997,47.572514696995796],[-121.904858541718994,47.572484811286898],[-121.904557531288987,47.57244009159011],[-121.904295803692008,47.572395718787604],[-121.903938257961002,47.572329970107504],[-121.903526528133014,47.572256162975087],[-121.903148673229992,47.572187747429702],[-121.902125239905985,47.572002021387306],[-121.901073907009007,47.571813691959804],[-121.900127528379002,47.571639219680094],[-121.898984626602001,47.571430025015509],[-121.898075651395004,47.571262426220301]]}},
{"type":"Feature","properties":{"FULLNAME_L":"SR 202","FULLNAME_R":"SR 202"},"geometry":{"type":"LineString","coordinates":[[-121.824189509123983,47.527220093140791],[-121.825384026191998,47.528839156055703]]}},
{"type":"Feature","properties":{"FULLNAME_L":"SR 202","FULLNAME_R":"SR 202"},"geometry":{"type":"LineString","coordinates":[[-121.825384026191998,47.528839156055703],[-121.826577919786018,47.53045924820281]]}},
{"type":"Feature","properties":{"FULLNAME_L":"SR 202","FULLNAME_R":"SR 202"},"geometry":{"type":"LineString","coordinates":[[-121.898075651395004,47.571262426220301],[-121.897709552899002,47.571195780630497],[-121.897423951405997,47.571139049453507],[-121.897187342736999,47.571084143081102],[-121.897023599902013,47.571042835040302],[-121.896837717956998,47.570992023914407],[-121.896616008821994,47.570922697274703],[-121.896379685970004,47.570840369722099],[-121.896117617479007,47.5707371475211],[-121.895875743646997,47.570630880482902],[-121.89569419354001,47.57054404084419],[-121.895501347961996,47.570441313107708],[-121.89531342557602,47.5703316846894],[-121.895117359398,47.570206238075698],[-121.894946319837999,47.570085498799209],[-121.894810918442019,47.569985089802103],[-121.894635063471995,47.569846216521597],[-121.894462384326985,47.569715977276708]]}},
{"type":"Feature","properties":{"FULLNAME_L":"SR 202","FULLNAME_R":"SR 202"},"geometry":{"type":"LineString","coordinates":[[-121.888020219349997,47.567532119344897],[-121.888133726942002,47.567519106201097],[-121.888288817798013,47.567521681928611],[-121.888448102641988,47.56753960796371],[-121.888599667682982,47.567563905279101],[-121.888800926423002,47.567611072707997]]}},
{"type":"Feature","properties":{"FULLNAME_L":"SR 203","FULLNAME_R":"SR 203"},"geometry":{"type":"LineString","coordinates":[[-121.887441583137999,47.570192142258101],[-121.887448861186002,47.570030613898204],[-121.887459448350995,47.5698179610037],[-121.887459948703992,47.5697089307317],[-121.887444652529013,47.569622035041405],[-121.887385802409995,47.569523632948297],[-121.887290833343997,47.569446637334899],[-121.887178752210005,47.56939362124109],[-121.886908572281015,47.569328023408801]]}},
{"type":"Feature","properties":{"FULLNAME_L":"SE Northern St","FULLNAME_R":"SE Northern St"},"geometry":{"type":"LineString","coordinates":[[-121.828273291754002,47.531962347599901],[-121.830196348959007,47.531954895666502]]}},
{"type":"Feature","properties":{"FULLNAME_L":"SE Northern St","FULLNAME_R":"SE Northern St"},"geometry":{"type":"LineString","coordinates":[[-121.827867008981016,47.532049383679599],[-121.827999942025997,47.532001868530891],[-121.828074047881003,47.531981227841399],[-121.828165164457019,47.531968054668198]]}},
{"type":"Feature","properties":{"FULLNAME_L":"West Snoqualmie Val Rd NE","FULLNAME_R":"West Snoqualmie Val Rd NE"},"geometry":{"type":"LineString","coordinates":[[-122.003584344860997,47.704891786614297],[-122.004599299569989,47.706459387836702],[-122.005047476708,47.707172151899606],[-122.005187177653994,47.707400168847791],[-122.005392136639998,47.70777484527089],[-122.005483250726002,47.70796476508179],[-122.00592041890701,47.708998424675293]]}},
{"type":"Feature","properties":{"FULLNAME_L":"Railroad Pl SE","FULLNAME_R":"Railroad Pl SE"},"geometry":{"type":"LineString","coordinates":[[-121.828302326181998,47.532010644438991],[-121.828762960657002,47.532647807305892],[-121.829089563909008,47.5330944871329],[-121.829557039570005,47.53372393622459],[-121.829704392333994,47.533931605909707],[-121.829779142091994,47.534018056981708],[-121.829857790370994,47.5340878144304],[-121.829922659480985,47.534135320914693],[-121.829981705067993,47.534172405749992]]}},
{"type":"Feature","properties":{"FULLNAME_L":"Railroad Pl SE","FULLNAME_R":"Railroad Pl SE"},"geometry":{"type":"LineString","coordinates":[[-121.828165164457019,47.531968054668198],[-121.826963367257008,47.530327931575982]]}},
{"type":"Feature","properties":{"FULLNAME_L":"Harding Pl SE","FULLNAME_R":"Harding Pl SE"},"geometry":{"type":"LineString","coordinates":[[-121.83244390998901,47.531670619004792],[-121.832463765661998,47.532339691422692]]}}
]
}
