{
"type": "FeatureCollection",
"name": "flood_extent",
"crs": { "type": "name", "properties": { "name": "urn:ogc:def:crs:OGC:1.3:CRS84" } },
"features": [
{"type":"Feature","properties":{"area_km2":10.4504},"geometry":{"type":"MultiPolygon","coordinates":[[[[-121.997121837484912,47.698986253028693],[-121.995520961020304,47.699062227379564],[-121.995526145411787,47.698792339073464],[-121.996059192885767,47.698797004325485],[-121.997945547412527,47.697733759065912],[-121.999407956943244,47.697926477218324],[-121.999402792741463,47.698196365885771],[-121.998068464541419,47.698274699902669],[-121.997262000454526,47.698627566450774],[-121.997121837484912,47.698986253028693]]],[[[-122.000730240668503,47.698477868008688],[-122.000581504689222,47.699286373536587],[-121.998040884055484,47.699714105299996],[-121.998317752862405,47.699176655404592],[-122.000065654749946,47.698382100307064],[-122.000730240668503,47.698477868008688]]],[[[-122.001230637905635,47.700191804535486],[-122.001090497720242,47.700550496031219],[-121.999221322982848,47.700714163857342],[-122.000167953399938,47.700002593641159],[-122.001230637905635,47.700191804535486]]],[[[-121.997753663190807,47.700791331267048],[-121.99789555101394,47.700342681221578],[-121.999086333976834,47.700802964251572],[-121.998946177417935,47.701161652972004],[-121.997753663190807,47.700791331267048]]],[[[-121.999853241288577,47.702519230671903],[-121.999339094716277,47.701524991700495],[-122.000412126243745,47.701174433244006],[-122.000535076456515,47.701715371360329],[-122.00106815454258,47.701720013557733],[-122.000786142174576,47.702527358538021],[-121.999853241288577,47.702519230671903]]],[[[-121.999045000809673,47.702962071922528],[-122.000377727445183,47.702973690305932],[-122.000372567336441,47.703243578814707],[-121.999302936677452,47.703414210865667],[-121.999045000809673,47.702962071922528]]],[[[-122.001180801108518,47.702800728184037],[-122.0017138903644,47.702805367460805],[-122.00154110311496,47.704873353590862],[-122.000615039053883,47.704505380291295],[-122.000639114139446,47.703245900656093],[-122.001180801108518,47.702800728184037]]],[[[-122.002101688000138,47.703438585477997],[-122.002653661257796,47.702453628612609],[-122.00464930898886,47.702650913303906],[-122.004739767796821,47.704901142969213],[-122.005274590757736,47.704815802922411],[-122.005419848515288,47.704187217590494],[-122.006610785984321,47.704647423329831],[-122.00606399435307,47.705362510366015],[-122.004734629856301,47.705171031745138],[-122.004726066455248,47.705620846342384],[-122.005782038404689,47.706169867531706],[-122.005770061781803,47.706799608047618],[-122.005370213789888,47.70679614273709],[-122.005378772001265,47.70634632814447],[-122.004189520751879,47.705796146653846],[-122.003124996048058,47.705696925320204],[-122.003130142392038,47.70542703670116],[-122.003929816966107,47.705433981390435],[-122.003934959108307,47.705164092692925],[-122.00208108237149,47.704518139913191],[-122.002101688000138,47.703438585477997]]],[[[-122.001930631094865,47.705416609220016],[-122.001804222948849,47.705055598469798],[-122.00260217519623,47.705152515224157],[-122.002597026176375,47.70542240381284],[-122.001930631094865,47.705416609220016]]],[[[-122.00245516413014,47.705871059470851],[-122.002981422004751,47.706235544496195],[-122.002836128894273,47.706864126266424],[-122.002166281023079,47.707038258580752],[-122.00120923529532,47.708289620388079],[-122.000809376461987,47.70828613910448],[-122.000289995343536,47.707561793162661],[-121.998969210789141,47.706920433795069],[-121.998989882405269,47.705840880838295],[-122.00005612233295,47.705850177715227],[-122.000327843236178,47.705582612005337],[-122.000987363559972,47.705948267165866],[-122.00245516413014,47.705871059470851]]],[[[-122.003500827724082,47.70695987859434],[-122.004170670264358,47.706785738447323],[-122.00429538525411,47.707236709509772],[-122.003492253171402,47.707409692882081],[-122.003500827724082,47.70695987859434]]],[[[-122.004008249236421,47.708313950366517],[-122.002126783423265,47.709107403132812],[-122.001726918223156,47.709103925001685],[-122.002275525885764,47.708298897000319],[-122.002810387538943,47.708213568769665],[-122.002422546773843,47.707580353351744],[-122.003358969035972,47.707408535276684],[-122.003080391250677,47.708035959466677],[-122.004013391492151,47.708044061798688],[-122.004008249236421,47.708313950366517]]],[[[-122.006663723000869,47.7088768358416],[-122.004660977792867,47.709039436085369],[-122.005472689286194,47.70841663029092],[-122.006407406973509,47.708334750302768],[-122.006663723000869,47.7088768358416]]],[[[-121.998931309688587,47.708899613668144],[-121.99893647825958,47.708629725545357],[-121.999469626586858,47.708634375673697],[-121.999464460767427,47.708904263840189],[-121.998931309688587,47.708899613668144]]],[[[-122.007166118149527,47.7105007826232],[-122.007039662012801,47.710139777609697],[-122.007841117235103,47.710056732636637],[-122.007832579099954,47.710506547272665],[-122.007166118149527,47.7105007826232]]],[[[-122.002109609173814,47.710007030957321],[-122.002770913808433,47.710282713301488],[-122.002888759865925,47.711093536715573],[-122.002488879380536,47.711090061131138],[-122.002109609173814,47.710007030957321]]],[[[-122.001308146243616,47.710090035836522],[-122.001695991589045,47.710723254784241],[-122.001671935665897,47.711982733176008],[-121.999274336422303,47.711871870370594],[-121.997823612619172,47.711049409701758],[-121.997830512174247,47.710689559125733],[-121.9988985736519,47.710608904806264],[-121.99918066068193,47.709801566117306],[-122.000646851879495,47.709814345125935],[-122.001308146243616,47.710090035836522]]],[[[-122.004488282559436,47.711107425120908],[-122.005168448777184,47.710393502602628],[-122.005568324259741,47.710396968811907],[-122.005954512750833,47.71112013657639],[-122.005279483936306,47.711564175168817],[-122.004613010017621,47.711558395595922],[-122.004488282559436,47.711107425120908]]],[[[-122.007692455318136,47.710865246320409],[-122.007801840091915,47.712125879659425],[-122.007401951112811,47.712122421139092],[-122.007008898836276,47.711759109711657],[-122.007159282905263,47.710860634233434],[-122.007692455318136,47.710865246320409]]],[[[-121.997799463117843,47.712308886533322],[-121.997541497639091,47.711856744679942],[-121.999399020521452,47.71232284614149],[-121.999525428792197,47.712683859096032],[-121.997799463117843,47.712308886533322]]],[[[-122.005785283152463,47.713008201481379],[-122.005925425963909,47.712649505030676],[-122.00632531879647,47.712652968724875],[-122.006185178712229,47.713011665683432],[-122.005785283152463,47.713008201481379]]],[[[-121.996580797390251,47.71328799057401],[-121.996734819041109,47.712209605150981],[-121.997264551640612,47.712394190981946],[-121.997245565693547,47.71338377954298],[-121.996580797390251,47.71328799057401]]],[[[-122.00672350201765,47.712746393884522],[-122.007661711583211,47.712484578536788],[-122.007111432466814,47.713379594849314],[-122.006711533979882,47.713376133854993],[-122.00672350201765,47.712746393884522]]],[[[-122.010047431671197,47.713225007020583],[-122.009920949287292,47.712864005162658],[-122.010722442090156,47.712780940369015],[-122.010580628666659,47.713229605859503],[-122.010047431671197,47.713225007020583]]],[[[-121.998578557298444,47.713395420727998],[-121.998583728504286,47.713125532846767],[-121.99925194375308,47.713041384930811],[-121.999245053415777,47.713401235514915],[-121.998578557298444,47.713395420727998]]],[[[-122.008709320850727,47.713483387794298],[-122.008714439763665,47.713213499086145],[-122.00924593104844,47.713308067036351],[-122.009240814862864,47.713577955783379],[-122.008709320850727,47.713483387794298]]],[[[-122.004571889575175,47.713717502834356],[-122.004577029893326,47.713447614475662],[-122.004976928668285,47.713451082912037],[-122.004971790414359,47.713720971303339],[-122.004571889575175,47.713717502834356]]],[[[-121.997629934566234,47.714196936858897],[-121.99750698716133,47.713655996799019],[-121.999366295856632,47.714032136499185],[-121.999359406067626,47.714391987033444],[-121.997629934566234,47.714196936858897]]],[[[-122.007345566558854,47.715091195592187],[-122.007350692801879,47.714821307071411],[-122.007882197825097,47.714915881411905],[-122.007877074309633,47.715185769971626],[-122.007345566558854,47.715091195592187]]],[[[-122.009343420412222,47.715198438939204],[-122.009492070202541,47.714389923626094],[-122.01002527899206,47.714394525129528],[-122.010401337005263,47.71565745554657],[-122.009343420412222,47.715198438939204]]],[[[-121.998010865569725,47.715190018024785],[-121.99788446200121,47.714829003589578],[-121.999085910774625,47.714749512294283],[-121.999080741867886,47.715019400140164],[-121.998010865569725,47.715190018024785]]],[[[-122.010708819344359,47.713500644052544],[-122.012038418194919,47.713692054850704],[-122.012559722298604,47.714326385450896],[-122.012544424304551,47.715136052317753],[-122.013605764246023,47.715415113605403],[-122.013598972163308,47.715774965605569],[-122.0125359251292,47.715585867192544],[-122.011854089105938,47.716389795921344],[-122.012107098662696,47.717111795099306],[-122.011707171015175,47.717108351311744],[-122.01052612583166,47.716108419682371],[-122.010531235833298,47.715838530950144],[-122.011329369536796,47.715935388124294],[-122.010165396651075,47.71403582340443],[-122.010708819344359,47.713500644052544]]],[[[-121.999743815109852,47.715205137418238],[-122.000143726743545,47.715208622793241],[-121.999863345734852,47.715926000374054],[-121.99852511708005,47.716184261395597],[-121.999743815109852,47.715205137418238]]],[[[-122.004522195960632,47.716326422955738],[-122.004529050669589,47.715966571977688],[-122.004928968711837,47.71597004071841],[-122.004922116755552,47.716329891739932],[-122.004522195960632,47.716326422955738]]],[[[-122.002792640052988,47.716131450063273],[-122.002785773348862,47.716491300840985],[-122.001457857996357,47.716209819990006],[-122.001463014843424,47.715939932004709],[-122.002792640052988,47.716131450063273]]],[[[-122.000784445112529,47.716563868352715],[-122.000791325613676,47.716204017798873],[-122.001324551503075,47.716208659861444],[-122.001317674672194,47.716568510473451],[-122.000784445112529,47.716563868352715]]],[[[-122.009577634892196,47.716910035172184],[-122.00958956987634,47.716280295045259],[-122.01012109391192,47.716374859126219],[-122.009977560765208,47.716913486370302],[-122.009577634892196,47.716910035172184]]],[[[-122.012760048340994,47.717837235230576],[-122.013036865289095,47.717299751102928],[-122.014099948977204,47.717488845080339],[-122.014088067837591,47.718118585930263],[-122.012760048340994,47.717837235230576]]],[[[-122.008878673134276,47.718613574004728],[-122.009293962413679,47.717807362155504],[-122.008629114782423,47.717711642502181],[-122.008212108592346,47.718607814697378],[-122.008605220063856,47.718971122003005],[-122.007405395928544,47.71896074954531],[-122.006731987046024,47.719314832680141],[-122.005810766351402,47.718677011878412],[-122.004479351003852,47.718575491037761],[-122.004501631032454,47.717405975749294],[-122.004775103667356,47.717048437577141],[-122.010235658552688,47.717365600817452],[-122.010223730900336,47.71799534094761],[-122.009680255809855,47.718530517216983],[-122.008878673134276,47.718613574004728]]],[[[-122.000999465608729,47.719265068347937],[-122.001278130294665,47.718637651037909],[-122.001678068381452,47.718641131253527],[-122.001662599483154,47.71945079483995],[-122.000999465608729,47.719265068347937]]],[[[-122.008724880877224,47.719691976196046],[-122.008731707454245,47.719332124971764],[-122.009131651760455,47.719335579249147],[-122.009124827936645,47.71969543051673],[-122.008724880877224,47.719691976196046]]],[[[-122.003520429059975,47.719916831183689],[-122.002448748583575,47.720177452327107],[-122.002332608750024,47.719276666998397],[-122.00352900712501,47.719467017877172],[-122.003520429059975,47.719916831183689]]],[[[-122.006183329368028,47.720119880121935],[-122.006188462515965,47.719849991933835],[-122.006855042493768,47.719855763107759],[-122.006849912787416,47.720125651350102],[-122.006183329368028,47.720119880121935]]],[[[-122.011922758286204,47.719809534627913],[-122.012741352196883,47.718826827503122],[-122.013409618986898,47.718742597578128],[-122.01353274242166,47.719283521380575],[-122.014724094606976,47.71974364467173],[-122.01457720577443,47.720462203534957],[-122.01404053922802,47.720637548613063],[-122.014028656062777,47.721267289104539],[-122.013353562675334,47.721711373974586],[-122.01268525775393,47.721795603258457],[-122.013100514575157,47.720989377836368],[-122.012568938120623,47.720894827258824],[-122.011627197333155,47.721336607163678],[-122.011215320051392,47.721962901356299],[-122.010815355384707,47.721959454198441],[-122.011512598760376,47.720345867289886],[-122.010442651901286,47.72051660044459],[-122.010452874269291,47.719976823397175],[-122.010857932724534,47.719710383135208],[-122.011922758286204,47.719809534627913]]],[[[-122.009629103666668,47.721229401980935],[-122.010435836823305,47.720876451780263],[-122.010429021612566,47.721236303092518],[-122.01015045211328,47.721863743031122],[-122.009750488334149,47.721860292167356],[-122.009629103666668,47.721229401980935]]],[[[-122.014948327202248,47.721995007618688],[-122.014548361840141,47.721991573469417],[-122.014553452119742,47.721721684688163],[-122.014953415416684,47.721725118805168],[-122.014948327202248,47.721995007618688]]],[[[-122.004270608461667,47.722532691818714],[-122.004279180854468,47.722082878615701],[-122.004944075615271,47.722178623743837],[-122.004670576723839,47.722536161817565],[-122.004270608461667,47.722532691818714]]],[[[-122.012013548472424,47.722059754346589],[-122.011868316837294,47.722688346299549],[-122.011336725464375,47.722593789933818],[-122.011345237048104,47.722143975773541],[-122.012013548472424,47.722059754346589]]],[[[-122.010133408335122,47.72276337103483],[-122.010006903301189,47.722402369696219],[-122.01067351660825,47.722408118920988],[-122.010666702668914,47.722767970162558],[-122.010133408335122,47.72276337103483]]],[[[-122.014531393704218,47.722891202645101],[-122.014536484231783,47.722621313907752],[-122.014936454412762,47.722624748132354],[-122.014931365950474,47.722894636901984],[-122.014531393704218,47.722891202645101]]],[[[-122.013591331507754,47.723243035487414],[-122.013182860738411,47.723689410865553],[-122.012782882618708,47.723685970471735],[-122.012799881331063,47.72278634189454],[-122.013469897446242,47.722612149161286],[-122.013591331507754,47.723243035487414]]],[[[-122.006282427721047,47.721920289000302],[-122.00589102231028,47.721467011181019],[-122.007225932954995,47.721388590670706],[-122.007075516877748,47.722287064395495],[-122.008272002071791,47.722477366340179],[-122.008265171577207,47.722837217316261],[-122.007598553281284,47.722831454063289],[-122.007591718064091,47.723191304943704],[-122.008791639407647,47.723201676141436],[-122.012376102102905,47.724042380030831],[-122.012235971665305,47.724401083753136],[-122.010501006687832,47.724476113622202],[-122.009439500474059,47.724197022853794],[-122.009049757099305,47.723653792914625],[-122.008516453985052,47.723649186208895],[-122.008494258952084,47.724818701642029],[-122.008094272753524,47.724815244845765],[-122.007842991598395,47.724003275198719],[-122.00584651670269,47.723806040833651],[-122.005853364086121,47.723446190182258],[-122.006928515306768,47.723005612345588],[-122.006933645124306,47.722735724232919],[-122.006268739461959,47.72263999056554],[-122.006282427721047,47.721920289000302]]],[[[-121.999254959572127,47.72680797899779],[-121.999260129712397,47.726538091694628],[-121.998195193108955,47.726438821989674],[-121.99728949383227,47.724991271678071],[-121.997569960708773,47.724273902116444],[-121.998901506400074,47.724375503982642],[-121.998908401750953,47.724015654127733],[-121.99691368983251,47.723728302134788],[-121.99706255806565,47.722919805685564],[-121.996274715560503,47.722283074306027],[-121.996291997646509,47.721383450017889],[-121.995765636044084,47.721018934494694],[-121.995796757591222,47.719399610564643],[-121.995396814418456,47.719396109810887],[-121.995403732700424,47.719036260028084],[-121.994605583014561,47.718939292000108],[-121.994612506634127,47.718579442275825],[-121.995145755753214,47.718584113222413],[-121.995272149022881,47.718945130369406],[-121.996205341788354,47.718953297582928],[-121.996094496974862,47.71778261909003],[-121.997025942530044,47.717880741979876],[-121.997439682060246,47.717164536746274],[-121.998371119316033,47.71726264866534],[-121.998579120690593,47.720323702050024],[-121.998051028470357,47.720049159419922],[-121.996451235244692,47.720035179325485],[-121.996840820551085,47.72057845124953],[-121.996555181201146,47.721565706885428],[-121.997088461111147,47.721570369023475],[-121.997503955855649,47.720764201746974],[-121.998440630599148,47.720592426032056],[-121.998665888247814,47.722753852933053],[-122.000527249278278,47.723040013136227],[-122.000270929978839,47.722497915171701],[-121.99933939573647,47.722399818062492],[-122.000151380127988,47.721777053308244],[-121.999218135808718,47.721768917822111],[-121.99922675146432,47.721319105251041],[-121.999896792680119,47.72114499192071],[-122.000307077183706,47.720608701761471],[-122.001106983366029,47.720615667782766],[-122.002158063115687,47.721434610566639],[-122.003222905978106,47.721533842898587],[-122.003602279207442,47.72261686800806],[-122.004135570991224,47.722621497475288],[-122.004256892198896,47.723252392867423],[-122.005316638096232,47.723621493937408],[-122.00531149976733,47.723891381875923],[-122.00424489003052,47.723882131208178],[-122.003839765539908,47.724148547458107],[-122.003552521694004,47.725225783295549],[-122.002885873876792,47.72521999245081],[-122.002716479728676,47.727108047109837],[-122.002169395165339,47.727823110737496],[-122.000448075564549,47.727178287804342],[-121.999769345701068,47.727802215798405],[-122.000008462930523,47.729243938756177],[-122.000805059507357,47.729430832672492],[-122.001743598932322,47.729169068846481],[-122.00213330617855,47.729712322833386],[-122.001461442082771,47.729976410671092],[-121.999994684725564,47.729963638025367],[-121.999987795421703,47.73032348762483],[-122.001056255792591,47.730242816370264],[-122.001051094261356,47.730512703646205],[-121.999440639331937,47.731038537333006],[-121.998884846473189,47.732203395939216],[-121.99835318299418,47.732108779048836],[-121.998640573964849,47.731031558555017],[-121.998110648452453,47.730846978266818],[-121.998134806127894,47.729587505403565],[-121.998538277238382,47.729411072433457],[-121.998319900641761,47.726889797984576],[-121.999254959572127,47.72680797899779]],[[-121.99768731886067,47.718156453776793],[-121.996890905030256,47.717969539179656],[-121.996743776697528,47.718688073688966],[-121.9974086138552,47.718783862124411],[-121.99768731886067,47.718156453776793]]],[[[-122.012684273756705,47.728903813334121],[-122.012142409805179,47.729349036877473],[-122.010408984601384,47.729334101395914],[-122.009615765463053,47.728967348553887],[-122.009665226716947,47.726358430181826],[-122.010207080176457,47.725913218035778],[-122.013010445066357,47.725757409560067],[-122.013673704772842,47.725943067320628],[-122.013655020628633,47.726932658460839],[-122.012978150334504,47.727466702950835],[-122.012684273756705,47.728903813334121]]],[[[-122.012922052379793,47.73043547442677],[-122.01306729435538,47.729806882043356],[-122.013867344464288,47.729813760114823],[-122.013720413379431,47.730532316347265],[-122.012922052379793,47.73043547442677]]],[[[-122.008542220566582,47.729317987754413],[-122.009323493687162,47.730314486580077],[-122.007972980031937,47.73120259323175],[-122.007964436709685,47.731652406220292],[-122.00689424659133,47.731823104212381],[-122.006636108376512,47.731370983071777],[-122.00543600017275,47.731360588002822],[-122.005311221013642,47.730909619571818],[-122.003839288490539,47.731166783416434],[-122.004254758113319,47.730360592829172],[-122.005336918227172,47.729560181405908],[-122.006812219332787,47.729123072699707],[-122.008542220566582,47.729317987754413]]],[[[-122.010776634864172,47.731046841554026],[-122.010650106210718,47.730685841265313],[-122.012250232485172,47.730699625723318],[-122.012108381095018,47.731148291461672],[-122.010776634864172,47.731046841554026]]],[[[-122.002497250931924,47.731605012351999],[-122.002504123257609,47.731245162558132],[-122.003437537797538,47.731253272527418],[-122.003162263198618,47.731700768497312],[-122.002497250931924,47.731605012351999]]],[[[-122.000762034849629,47.73167989305032],[-122.001835679620541,47.731329327508057],[-122.001962148684939,47.731690337047887],[-122.000756871538556,47.731949780234167],[-122.000762034849629,47.73167989305032]]],[[[-122.013286393262547,47.732328132308574],[-122.013276195754614,47.732867908649723],[-122.01260604691501,47.73304209900104],[-122.012481201933809,47.732591138027949],[-122.012081155739622,47.732587694707625],[-122.012067542266124,47.733307396190156],[-122.009933934435807,47.733289007806121],[-122.008212338066883,47.732644299980414],[-122.007955893179314,47.732102219172248],[-122.009169672356066,47.731392887010195],[-122.013286393262547,47.732328132308574]]],[[[-121.999678037868748,47.732570222566402],[-121.999684929848414,47.732210373142507],[-122.000355109868849,47.732036258461207],[-122.000348222548112,47.732396107969642],[-121.999678037868748,47.732570222566402]]],[[[-122.00032411586858,47.733655581064653],[-122.00033100365907,47.733295731638215],[-122.000999474800025,47.733211575680997],[-122.000855798765159,47.733750188937229],[-122.00032411586858,47.733655581064653]]],[[[-121.998065779826661,47.733185998537046],[-121.998599178610391,47.733190654504064],[-121.998183598804872,47.733996823426118],[-121.997518566955677,47.733901038319964],[-121.998065779826661,47.733185998537046]]],[[[-121.998698033093504,47.734991064161292],[-121.999252136936278,47.733916169585129],[-121.999267651034202,47.733106508644475],[-121.999667699647432,47.7331099966583],[-121.999775205770661,47.734460594073504],[-121.99922972648281,47.735085679623324],[-121.998698033093504,47.734991064161292]]],[[[-121.998398542171955,47.736698019720592],[-121.998552603050996,47.735619636438479],[-121.999084302547828,47.735714252608446],[-121.998798618188616,47.736701510960593],[-121.998398542171955,47.736698019720592]]],[[[-122.002992243297697,47.740607045083458],[-122.003378612771641,47.741330219101428],[-122.003912095605145,47.741334850967213],[-122.004187415900432,47.740887354260799],[-122.006454700193984,47.740907006451891],[-122.006196522132342,47.740454884736053],[-122.005262942345993,47.740446796038391],[-122.00502706183299,47.738825160606744],[-122.002226412101507,47.738800843817963],[-122.003777515694111,47.73440543207731],[-122.003240669686178,47.734580724930538],[-122.002248758362498,47.737631333472152],[-122.00130146593294,47.738342911521315],[-122.000371369617127,47.738154858708981],[-122.000381702391607,47.737615084977961],[-121.999461964445899,47.736887251156261],[-122.000546055855466,47.735996925017048],[-122.000694905919445,47.735188425412431],[-122.001228325580726,47.73519306930578],[-122.001108736218683,47.734472209713005],[-122.002196186480958,47.733401942267228],[-122.001676541831742,47.732677603800319],[-122.00235187661346,47.732233590208203],[-122.004492295221681,47.731892269273843],[-122.004610211475949,47.732703088440793],[-122.006210396622919,47.732716957549925],[-122.006066775667577,47.733255577771764],[-122.00685832344324,47.733712317695996],[-122.007793492406933,47.733630430006016],[-122.010705067695724,47.734825272825283],[-122.011903555326086,47.734925576006596],[-122.012713887720224,47.734392686690583],[-122.013780714805719,47.734401860157725],[-122.015635793957443,47.735047629142052],[-122.01578271240156,47.734329070919827],[-122.016316125720437,47.734333644624826],[-122.016706023016468,47.734876849984417],[-122.018973054936396,47.734896253038784],[-122.019482827762104,47.736160291786973],[-122.017882530714871,47.736146606997828],[-122.017335556055826,47.73686174261757],[-122.011869511743413,47.73672482870451],[-122.012016487014833,47.736006275915578],[-122.0114949772926,47.73537194372188],[-122.006967727234453,47.734972947061088],[-122.006126509884822,47.737125119737456],[-122.007152340069666,47.739293454093747],[-122.007810621317603,47.739749033757363],[-122.008877556245054,47.739758253577904],[-122.008460372306587,47.740654422038133],[-122.006993311927616,47.740641736716888],[-122.006988179201812,47.740911623988318],[-122.008588617025225,47.740925461720884],[-122.008699783039631,47.742096125825952],[-122.008161164730211,47.74236140345873],[-122.005497123164275,47.742158392998775],[-122.004953344608552,47.742693542495552],[-122.010290026126299,47.742649714877395],[-122.010278088567404,47.743279452230055],[-122.011203201379303,47.743737312966282],[-122.010926221209246,47.744274789083342],[-122.008395448257744,47.744072994680238],[-122.006658112894712,47.744237923860211],[-122.006396492816307,47.743965727448746],[-122.003320224332711,47.744388937015252],[-122.001589745366644,47.744193940279914],[-122.00146324996544,47.743832930908383],[-122.003210892520784,47.743128306711597],[-122.003486228500066,47.742680811937134],[-122.002282423254997,47.74285030660598],[-122.001740324779647,47.743295478276245],[-122.000673319888747,47.743286191589199],[-122.001222311148013,47.742481176078165],[-122.002698012643677,47.74204412412211],[-122.002592136848463,47.740603568249412],[-122.002992243297697,47.740607045083458]],[[-122.00428990487255,47.742507833559955],[-122.004170258034762,47.741786977643194],[-122.003499964716923,47.741961113505162],[-122.003486228500066,47.742680811937134],[-122.00428990487255,47.742507833559955]],[[-122.00339462374329,47.733502333990053],[-122.003794675890958,47.733505807639609],[-122.004071670326155,47.732968347854914],[-122.003671622261152,47.73296487520021],[-122.00339462374329,47.733502333990053]]],[[[-121.997686854200282,47.739031215493917],[-121.997567305836938,47.738310352977635],[-121.998100756875928,47.738315011635784],[-121.998086948004172,47.739034709342683],[-121.997686854200282,47.739031215493917]]],[[[-121.998346774448521,47.739396886647931],[-121.998440451572534,47.741467181161241],[-121.997901788440871,47.741732410338088],[-121.996169689308118,47.741627294702646],[-121.996174878077369,47.741357408354332],[-121.997508583177819,47.741369067088314],[-121.996732560407324,47.740102603703193],[-121.998346774448521,47.739396886647931]]],[[[-121.99668934426559,47.742351657080974],[-121.996694530480539,47.742081770723971],[-121.997094647536258,47.742085268199382],[-121.997089463388704,47.742355154589283],[-121.99668934426559,47.742351657080974]]],[[[-121.997742513187177,47.74308067779166],[-121.998393855131894,47.743896159458032],[-121.99652484822461,47.74396980873437],[-121.997209013520433,47.743076017119911],[-121.997742513187177,47.74308067779166]]],[[[-121.990826355331194,47.68678402466746],[-121.990028705907861,47.686687027918758],[-121.98990763438907,47.68605611538019],[-121.989246703025415,47.685780360483832],[-121.989525323424644,47.68515296782131],[-121.988992416040446,47.685148273224712],[-121.989002847050045,47.684608496367545],[-121.989935425443306,47.68461671013322],[-121.989940636024997,47.684346821607633],[-121.988361073746788,47.683343145471277],[-121.986895629982428,47.683330214874879],[-121.986771119018726,47.682879224560651],[-121.985714071699448,47.682419993880622],[-121.985179447859238,47.682505244527661],[-121.985172468104693,47.682865095479038],[-121.986885177701453,47.68386999150168],[-121.986878209344539,47.684229842556924],[-121.985945638727074,47.684221603994388],[-121.985922969791176,47.685391119426356],[-121.987912678535224,47.685858578766378],[-121.987903976295399,47.686308392567895],[-121.987236086090419,47.686392477153824],[-121.986957431484171,47.687019863872983],[-121.98549188537315,47.687006914601518],[-121.984701227079711,47.686550030173954],[-121.984708210975725,47.686190179507307],[-121.983375918342929,47.686178382254184],[-121.983933297095561,47.684923625803883],[-121.983419621861771,47.683929315980308],[-121.983019951412757,47.683925774065806],[-121.982863990873199,47.685094107502721],[-121.980597389689748,47.685163969486453],[-121.979673576960735,47.68470586701293],[-121.979131898456572,47.685150939365073],[-121.977936376011812,47.684960339440842],[-121.977655860100469,47.685677665438952],[-121.975396276086428,47.685387574609926],[-121.975390990290293,47.685657461868026],[-121.973921958670985,47.685824289900417],[-121.969276711040138,47.684882871267085],[-121.968877035073049,47.684879280037727],[-121.968868169480203,47.685329091247759],[-121.966200086662766,47.685485038095329],[-121.965679630135625,47.684850500093809],[-121.963675908459422,47.685102353681934],[-121.962627941888016,47.684193101204137],[-121.963045442510222,47.683297093183285],[-121.960112793757048,47.683360528696547],[-121.959588854358302,47.682905887592931],[-121.958249490852481,47.683253647198832],[-121.957318738873951,47.683155214150823],[-121.957194483791525,47.682704193659248],[-121.958940655444408,47.682000225373706],[-121.959486049140992,47.681375325096418],[-121.959107877108124,47.680292155588504],[-121.958313970849019,47.680015015363892],[-121.958461508856089,47.679296528514641],[-121.96008506724128,47.678051559620641],[-121.96061789754107,47.67805638793056],[-121.961667492849259,47.678875696407736],[-121.962859248400008,47.679246388899102],[-121.962850332829845,47.679696199698832],[-121.963782816066271,47.679704625363648],[-121.965901762611182,47.680353591238784],[-121.966827153077134,47.680721841216609],[-121.967345807846499,47.681446336517858],[-121.975862877385879,47.681972569656772],[-121.975871681810702,47.681522757195985],[-121.974944449990531,47.681244542119266],[-121.972809457923063,47.681405404016871],[-121.968955042985669,47.680920939807642],[-121.967633540953543,47.680369186979227],[-121.967510978130079,47.679828214541722],[-121.968187683969205,47.679294432747014],[-121.970326143091256,47.678953731504734],[-121.971001039982198,47.678509895133018],[-121.971011654130507,47.67797012067026],[-121.97289245610763,47.67717716905733],[-121.972641939608351,47.676365121428162],[-121.971977687989835,47.676269193139362],[-121.971982989650343,47.675999305725981],[-121.977312867933307,47.675956960841738],[-121.977708962086695,47.676140447455936],[-121.977288254487917,47.677216437433806],[-121.978129345042504,47.681902800193242],[-121.978783144500397,47.682538468779768],[-121.98063945833249,47.683004867360651],[-121.981452795446486,47.682292265203834],[-121.981203874280226,47.681390273175317],[-121.981477313030425,47.681032788098165],[-121.979212641564786,47.681012661426472],[-121.978290670494673,47.680464585527766],[-121.978382004202061,47.675786529364025],[-121.976257803711945,47.675407681522287],[-121.973725212456742,47.675475033467563],[-121.973597304077202,47.675203954299405],[-121.9721267942043,47.675460724295533],[-121.971601059695615,47.675096099728677],[-121.97189043557664,47.673928974924323],[-121.971357645399422,47.67392419927036],[-121.971634646492006,47.673386812404999],[-121.973362668088186,47.673582245028754],[-121.973673164623008,47.671335564094193],[-121.974218270320463,47.670710590500875],[-121.974884217774715,47.670716542777477],[-121.975118889561145,47.672338249991945],[-121.97564814285407,47.67252293332799],[-121.975947974078991,47.67081602104912],[-121.977009976329143,47.671005452179799],[-121.977681199422065,47.670741500138156],[-121.977667142432779,47.671461201823099],[-121.978198152345286,47.671555910714794],[-121.978350659863224,47.670567506845899],[-121.979286493649226,47.67039587982363],[-121.979414420252581,47.670666953004478],[-121.980609622657028,47.670857535624187],[-121.980464166294226,47.671486091636446],[-121.981527949657732,47.671585518349637],[-121.982311359044857,47.672402275244131],[-121.983638059693007,47.672683970866991],[-121.983760773972307,47.673224927844664],[-121.98322624127556,47.673310170193517],[-121.982807418984819,47.674296219129033],[-121.983869517505099,47.674485587351107],[-121.98412543896616,47.675027723460929],[-121.985322502880933,47.675128294856187],[-121.98503167416105,47.676385418285733],[-121.985561003873158,47.676570056320813],[-121.98554705237477,47.677289759033087],[-121.987802866679203,47.677759573976736],[-121.988710982569756,47.679027277266549],[-121.988704027948614,47.679387128829809],[-121.987110706979152,47.679103138914783],[-121.986591799806703,47.678378730837899],[-121.986058961889739,47.678374023118756],[-121.985652358096345,47.67873034197121],[-121.985631430947137,47.679809895626569],[-121.987098517013891,47.679732878815621],[-121.987750659199932,47.680458459972421],[-121.988551687378234,47.680375546203152],[-121.988676208109823,47.68082653484845],[-121.990139846270708,47.680929405101303],[-121.991584418307951,47.682021848999121],[-121.991437326191019,47.682740381363779],[-121.990900972861368,47.682915621614029],[-121.991011639924295,47.684086310773786],[-121.991800583472411,47.684633114929596],[-121.992733163107502,47.684641305960291],[-121.993127646050525,47.684914702858677],[-121.993759171338283,47.686719805229643],[-121.993477131003843,47.687527134100307],[-121.994406303974827,47.687715237708751],[-121.994795632505429,47.688258517698458],[-121.995589860454146,47.688535407389416],[-121.996107264834151,47.689349738074412],[-121.996901516347819,47.689626618804283],[-121.997024404942835,47.690167561299049],[-121.994633003883322,47.689786719653412],[-121.993319660464934,47.688785445518427],[-121.991982097367639,47.689043636259655],[-121.990938762868694,47.687864750350414],[-121.991219109366966,47.687147390902446],[-121.990826355331194,47.68678402466746]],[[-121.994129457674532,47.68825267937671],[-121.993596517961407,47.68824800593508],[-121.993589594700509,47.6886078574584],[-121.993989302221237,47.688611362815571],[-121.994129457674532,47.68825267937671]],[[-121.984729161847838,47.685110627366662],[-121.984196255684964,47.685105910498756],[-121.984322495976855,47.685466940640403],[-121.984722178359803,47.68547047810366],[-121.984729161847838,47.685110627366662]],[[-121.96754655779327,47.684777337011596],[-121.967146882850002,47.684773739761859],[-121.967141554615395,47.685043626350257],[-121.967541231619563,47.685047223633809],[-121.96754655779327,47.684777337011596]],[[-121.96475951579211,47.684212354223142],[-121.964359845515972,47.684208747297824],[-121.964217716744571,47.684657355283498],[-121.964748834825727,47.684752127033256],[-121.96475951579211,47.684212354223142]],[[-121.981019848157175,47.683998006216804],[-121.982082136318709,47.684187392075941],[-121.981431779044527,47.683371816779974],[-121.980897138798142,47.683457047334656],[-121.981019848157175,47.683998006216804]],[[-121.9733158454669,47.682759609721359],[-121.972916185211204,47.682756032680253],[-121.972910887109975,47.683025919853264],[-121.973310549426401,47.683029496927972],[-121.9733158454669,47.682759609721359]],[[-121.968667333810274,47.68199809273878],[-121.968267679954238,47.681994499549823],[-121.96826235801862,47.682264386364835],[-121.968662013935301,47.682267979587557],[-121.968667333810274,47.68199809273878]],[[-121.98559480549433,47.681699114015572],[-121.985195151810061,47.68169557980135],[-121.985189917236255,47.681965468056646],[-121.985589572981155,47.681969002304065],[-121.98559480549433,47.681699114015572]],[[-121.987868212372035,47.681269300783299],[-121.987337085947487,47.681174635956772],[-121.987330121355612,47.681534487232099],[-121.987861251409527,47.681629152111711],[-121.987868212372035,47.681269300783299]],[[-121.972429242437997,47.680412238796578],[-121.97176670781802,47.680226346563302],[-121.971889315581919,47.680767314751932],[-121.972420408765032,47.680862050860227],[-121.972429242437997,47.680412238796578]],[[-121.98097598557068,47.679408728568582],[-121.980443138094557,47.679403994694489],[-121.980569339301013,47.679765029027671],[-121.98096897766807,47.679768579245795],[-121.98097598557068,47.679408728568582]],[[-121.979514164276452,47.679215779195786],[-121.978981319007389,47.679211038547663],[-121.979237211965625,47.679753184916201],[-121.979636850076602,47.679756739773282],[-121.979514164276452,47.679215779195786]],[[-121.9816595528211,47.678515015451048],[-121.981259923940996,47.678511467708034],[-121.981254669656181,47.678781355784373],[-121.98165430059656,47.678784903560739],[-121.9816595528211,47.678515015451048]],[[-121.973353844548299,47.674032057761956],[-121.972822818717916,47.673937326366662],[-121.972813990429046,47.674387138995847],[-121.973213586765723,47.67439071592247],[-121.973353844548299,47.674032057761956]],[[-121.978422394429884,47.673717387872891],[-121.97788960531787,47.673712642565128],[-121.978145460965237,47.674254791599573],[-121.978811454327882,47.674260721413241],[-121.978422394429884,47.673717387872891]],[[-121.97644378919297,47.672709991145027],[-121.975379993435439,47.672610517210167],[-121.975635817792167,47.673152671711307],[-121.976568188197803,47.673160992617454],[-121.97644378919297,47.672709991145027]],[[-121.976853924929742,47.672173779338863],[-121.976454345062081,47.672170215214216],[-121.976314113662824,47.672528877474996],[-121.976713696250854,47.672532442108078],[-121.976853924929742,47.672173779338863]],[[-121.978192883553476,47.671825798862677],[-121.977793306175201,47.671822239420351],[-121.977788035246959,47.672092127521566],[-121.978187614684785,47.672095686997324],[-121.978192883553476,47.671825798862677]]],[[[-121.978448199727012,47.686044635438662],[-121.977501532409576,47.68675602784635],[-121.976968610684992,47.686751277288948],[-121.97684241832134,47.686390239489],[-121.978448199727012,47.686044635438662]]],[[[-121.983759877657988,47.686991586788274],[-121.983765120529711,47.686721698890075],[-121.984298043079235,47.686726417880038],[-121.984292802955778,47.686996305822582],[-121.983759877657988,47.686991586788274]]],[[[-121.973765788790843,47.68699260903351],[-121.973906077992865,47.686633951199852],[-121.974438998012445,47.686638715971874],[-121.974298712440373,47.68699737448393],[-121.973765788790843,47.68699260903351]]],[[[-121.982289083285124,47.6872484844464],[-121.982294333791231,47.686978596683502],[-121.982825509470402,47.687073285127262],[-121.982820261687039,47.687343172930177],[-121.982289083285124,47.6872484844464]]],[[[-121.977888919707681,47.687389326396627],[-121.977489223514866,47.687385765024487],[-121.977494498806834,47.687115877671232],[-121.977894192938422,47.687119439009884],[-121.977888919707681,47.687389326396627]]],[[[-121.986144094183388,47.687732504483193],[-121.986003885582321,47.688091177807124],[-121.985470948849155,47.688086466638616],[-121.985081718925954,47.687543155712405],[-121.986144094183388,47.687732504483193]]],[[[-121.978951264732771,47.687578741560017],[-121.979468399642784,47.688393145426886],[-121.978274559149085,47.688112586099372],[-121.978285101821726,47.687572811316173],[-121.978951264732771,47.687578741560017]]],[[[-121.990649729073368,47.689031922936202],[-121.989981808180318,47.689116023244644],[-121.987993697387125,47.68855863628422],[-121.987872646477996,47.687927721949954],[-121.986940009659023,47.687919490990936],[-121.98668225538168,47.687467324392465],[-121.989478404844547,47.687581963422851],[-121.990649729073368,47.689031922936202]]],[[[-121.98745553142156,47.688823822442963],[-121.987450307202735,47.689093710550026],[-121.985854954374702,47.688899664235976],[-121.985860186788344,47.688629776252853],[-121.98745553142156,47.688823822442963]]],[[[-121.991039027963822,47.689575215336518],[-121.991044233756412,47.68930532695358],[-121.991443946293515,47.689308841215684],[-121.991438742562423,47.689578729631648],[-121.991039027963822,47.689575215336518]]],[[[-121.99223470554,47.689765679692719],[-121.992108400600898,47.689404658050591],[-121.993037601716509,47.689592772890386],[-121.993030674285038,47.6899526242672],[-121.99223470554,47.689765679692719]]],[[[-121.990101150184017,47.689836898193192],[-121.990106360862896,47.689567009900529],[-121.990639313441278,47.689571699649221],[-121.990634105511148,47.689841587985953],[-121.990101150184017,47.689836898193192]]],[[[-121.982904517260806,47.689863306312809],[-121.982909765072421,47.689593418621925],[-121.983442716734473,47.689598141797497],[-121.98343747167155,47.689868029532768],[-121.982904517260806,47.689863306312809]]],[[[-121.975304644690851,47.690065618548594],[-121.975316981037636,47.689435882095552],[-121.975716692622811,47.689439451149148],[-121.975970838725928,47.690071566328285],[-121.975304644690851,47.690065618548594]]],[[[-121.975541168617696,47.691597357909416],[-121.97634062495338,47.691604493304808],[-121.976747393133635,47.691248209456987],[-121.978488322796395,47.690813832052669],[-121.979552494551527,47.690913279633641],[-121.97967520622386,47.691454239285221],[-121.980208176308764,47.691458977622311],[-121.9810163948042,47.691016268052891],[-121.981296894579813,47.690298934369579],[-121.980357202607422,47.69065049957878],[-121.980099492399276,47.690198318725436],[-121.979031822125805,47.690278801201721],[-121.978640886886438,47.689825431453635],[-121.977178784214416,47.689632450580881],[-121.976793149120297,47.688909187413657],[-121.975338128082626,47.688356333723149],[-121.975627498916879,47.687189202085378],[-121.976563639482819,47.687017600039567],[-121.977080731639205,47.687832014430604],[-121.977874857382517,47.688109026030062],[-121.977725800645587,47.688917500972906],[-121.978665478632422,47.688565957111344],[-121.979705038875466,47.68992487749005],[-121.98130565484648,47.689849121802993],[-121.982078825076414,47.69120565476549],[-121.981537098646825,47.691650737629438],[-121.979799675098448,47.691905236332119],[-121.976442178227131,47.693225004128564],[-121.97591095228961,47.69313028585433],[-121.975917998267249,47.692770436586301],[-121.976857757808276,47.692418908367401],[-121.97778871368871,47.692517184236841],[-121.978470753005737,47.691713456208419],[-121.97727156532244,47.691702773269618],[-121.975660316452931,47.692318246134164],[-121.975541168617696,47.691597357909416]]],[[[-121.99154422992774,47.691019305475265],[-121.991798575245994,47.69165138687228],[-121.991004320736721,47.691374470885918],[-121.991289890643586,47.690387223490454],[-121.990767344364045,47.689842760047412],[-121.992618828493775,47.690578855272861],[-121.992613630592899,47.690848743726342],[-121.99154422992774,47.691019305475265]]],[[[-121.984743666190326,47.691229265787449],[-121.984093181392652,47.690413705619143],[-121.985283615904365,47.690874130130922],[-121.985143392650954,47.691232802103798],[-121.984743666190326,47.691229265787449]]],[[[-121.985674616779363,47.691327477642837],[-121.985681595147312,47.69096762716881],[-121.98621456126746,47.690972337572155],[-121.986339085564424,47.691423327967364],[-121.985674616779363,47.691327477642837]]],[[[-121.975290545493976,47.690785317264051],[-121.975541168617696,47.691597357909416],[-121.97514144056565,47.691593788123349],[-121.974859086107301,47.69240106821568],[-121.973395160545351,47.692298001060081],[-121.973423412037221,47.690858604770185],[-121.975290545493976,47.690785317264051]]],[[[-121.992191372097068,47.692014749790147],[-121.991791638791639,47.692011237982314],[-121.991798575245994,47.69165138687228],[-121.992198305802404,47.691654898636116],[-121.992191372097068,47.692014749790147]]],[[[-121.986174454871616,47.693041477817033],[-121.986051672405466,47.692500524744226],[-121.984982217467163,47.692671024876077],[-121.984987455074503,47.69240113714411],[-121.986467098502388,47.691694392947355],[-121.987380643659762,47.692692217383758],[-121.987238687645714,47.693140854508087],[-121.986174454871616,47.693041477817033]]],[[[-121.997536674926224,47.691251774406552],[-121.996972650573966,47.692866449081095],[-121.996176623124256,47.692679531523858],[-121.99592049290699,47.692137422410937],[-121.99512102358176,47.692130423370621],[-121.995359864990206,47.693572162767133],[-121.994826870878683,47.693567494649848],[-121.994819954793115,47.69392734597379],[-121.996154176231613,47.69384904890665],[-121.996148995977677,47.69411893749831],[-121.994413287578951,47.694283694474116],[-121.994408098263278,47.694553582901214],[-121.993743574264329,47.694457778962445],[-121.993489192264533,47.693825701912338],[-121.994025649580564,47.693650450643865],[-121.994304256276138,47.693023047115091],[-121.994748953538448,47.690687515915236],[-121.995949851323473,47.690608053127015],[-121.997536674926224,47.691251774406552]]],[[[-121.993395766575318,47.691755388397596],[-121.993928741988583,47.691760063029136],[-121.993369795285034,47.693104830577198],[-121.992824679261517,47.693729892719077],[-121.992424932770902,47.693726383022792],[-121.992715687216077,47.69246924401773],[-121.993395766575318,47.691755388397596]]],[[[-121.990699643283662,47.693351307367998],[-121.990559450152702,47.693709986029816],[-121.991357207518178,47.693806979760531],[-121.991350267503918,47.694166830685873],[-121.989356735354903,47.693879354451752],[-121.989216531566484,47.694238031362246],[-121.988010318910284,47.694587310831771],[-121.986679554115895,47.694485587772803],[-121.986691755421546,47.69385584958038],[-121.987631463585501,47.693504232793501],[-121.988562460400161,47.693602421514662],[-121.989116319606524,47.692527566529435],[-121.990587230716599,47.692270582423028],[-121.991372822056107,47.692997315092818],[-121.99136588234596,47.693357166070896],[-121.990699643283662,47.693351307367998]]],[[[-121.977222307625382,47.69422171918832],[-121.977096096319073,47.693860681985761],[-121.978428582017813,47.693872553583901],[-121.978421553040718,47.694232403064369],[-121.977222307625382,47.69422171918832]]],[[[-121.972679461211271,47.694810980198618],[-121.97268476269258,47.694541093602147],[-121.973084512961137,47.694544672111725],[-121.973079213541865,47.694814558741847],[-121.972679461211271,47.694810980198618]]],[[[-121.990265162711125,47.695147044241033],[-121.990270373512246,47.694877156185704],[-121.990670128532955,47.694880673451266],[-121.990664919793943,47.695150561539641],[-121.990265162711125,47.695147044241033]]],[[[-121.996673366581973,47.694573413878054],[-121.997867455743673,47.694853783227792],[-121.997453903457213,47.695569994081971],[-121.996394779660733,47.695200823138435],[-121.996673366581973,47.694573413878054]]],[[[-121.989192189010396,47.695497508572799],[-121.989199144195752,47.69513765797052],[-121.989865405704407,47.695143525549959],[-121.98972520186642,47.695502203004615],[-121.989192189010396,47.695497508572799]]],[[[-121.986791889893809,47.695566315576087],[-121.986798861610239,47.695206465244823],[-121.987198618719802,47.695209994622346],[-121.987191649752873,47.695569844997863],[-121.986791889893809,47.695566315576087]]],[[[-121.982659292441113,47.695619725812854],[-121.983334303196727,47.695175818978321],[-121.984398573517268,47.695275222256889],[-121.984651105435603,47.69599728106207],[-121.983848083812518,47.696170128057084],[-121.983572831818023,47.696617579862988],[-121.983041558068763,47.696522894311151],[-121.982659292441113,47.695619725812854]]],[[[-121.995584896556011,47.695733604016262],[-121.995577985161503,47.696093455287361],[-121.996374062176798,47.696280377249913],[-121.996891553528926,47.697094703955941],[-121.996092008190175,47.697087711136305],[-121.9954395458671,47.696362177124129],[-121.99384740201198,47.695988314778589],[-121.993852594481552,47.695718426465724],[-121.994787101547217,47.695636639442561],[-121.994664224182984,47.695095695136537],[-121.995863496102402,47.695106196871265],[-121.995986385915401,47.695647139982242],[-121.995584896556011,47.695733604016262]]],[[[-121.988766335994541,47.696843425508554],[-121.988773294437607,47.696483575038357],[-121.989173061552208,47.696487097608163],[-121.989166105858885,47.69684694812252],[-121.988766335994541,47.696843425508554]]],[[[-121.992073478443416,47.698132215822284],[-121.990877610672982,47.697941748667276],[-121.990765186078008,47.696861024653067],[-121.992772701724576,47.696428775342014],[-121.99409141568546,47.697160167475403],[-121.994216021928807,47.697611149441876],[-121.992616917075878,47.697597120834139],[-121.992073478443416,47.698132215822284]]],[[[-121.982203504557219,47.698494978337315],[-121.982343768194156,47.69813631069853],[-121.982876806814986,47.698141037136971],[-121.982734796705174,47.698589667873875],[-121.982203504557219,47.698494978337315]]],[[[-121.984738949784699,47.698337485136413],[-121.984745936303298,47.697977635208332],[-121.98528246507874,47.697802425474165],[-121.98489316643635,47.697259114301396],[-121.986374693351848,47.696462410376817],[-121.98703748599327,47.696648219620251],[-121.987156802882296,47.697369096523644],[-121.989027631682603,47.697115661931925],[-121.989141759865305,47.698106424738107],[-121.988610460535028,47.69801176481284],[-121.988484161676809,47.697650739731614],[-121.987014831610949,47.697817732902152],[-121.987802196396174,47.69845452702247],[-121.987506062513447,47.699981538765712],[-121.988037379719955,47.700076203904871],[-121.988032156445968,47.700346091528637],[-121.986706475346622,47.699974480231049],[-121.986595876816324,47.69880379058619],[-121.986062830826071,47.698799081374418],[-121.986744827256032,47.697995304698821],[-121.985945270645544,47.697988241080374],[-121.985535020875943,47.698524482198543],[-121.984738949784699,47.698337485136413]]],[[[-121.993644898035669,47.699585655612296],[-121.993897577825166,47.700307694609933],[-121.993366247229631,47.700213056517569],[-121.993125701198892,47.698861277505763],[-121.994196988118389,47.698600739640256],[-121.993644898035669,47.699585655612296]]],[[[-121.9943077565934,47.69977142323345],[-121.994453130995467,47.699142852096863],[-121.994984452794426,47.699237485108689],[-121.994707549521863,47.699774926703206],[-121.9943077565934,47.69977142323345]]],[[[-121.989775037308135,47.699821582506779],[-121.989387415751438,47.699188323721209],[-121.990714832998279,47.699469941460016],[-121.990839415245716,47.699920926741406],[-121.989775037308135,47.699821582506779]]],[[[-121.991623388407405,47.700737620223421],[-121.992146050722326,47.701282079604127],[-121.992004110998892,47.701730722088179],[-121.991604303449606,47.701727209091786],[-121.991346442525256,47.70127505325712],[-121.99028203602397,47.701175713540813],[-121.989342206635584,47.701527350693624],[-121.989892660607055,47.700632419084556],[-121.991623388407405,47.700737620223421]]],[[[-121.99481141357326,47.701305460525838],[-121.994553526820752,47.700853311679445],[-121.995353129356275,47.700860315632738],[-121.995763297704386,47.700324039026803],[-121.996825972135397,47.70051329063817],[-121.997350411913402,47.700967763930777],[-121.997068346525225,47.701775099490654],[-121.998004681406627,47.701603324314974],[-121.997997785244237,47.70196317548271],[-121.996126823767199,47.702216755182498],[-121.996938528745304,47.701594008998789],[-121.996005645607838,47.701585849972645],[-121.995751202880442,47.700953778264072],[-121.99481141357326,47.701305460525838]]],[[[-121.987692472352904,47.704122165549656],[-121.987699439959627,47.703762315657364],[-121.988099262588719,47.703765842371311],[-121.98809229773282,47.704125692307805],[-121.987692472352904,47.704122165549656]]],[[[-121.992450505388476,47.706233534186239],[-121.992460908398229,47.705693758747302],[-121.992994025728862,47.705698438745131],[-121.992850347500507,47.706237044482762],[-121.992450505388476,47.706233534186239]]],[[[-121.992393283401199,47.709202298157585],[-121.992306820012061,47.706772139142025],[-121.992843414742993,47.706596894790074],[-121.992945501427968,47.708217390752836],[-121.993475180131853,47.708401993813432],[-121.993947756228835,47.70462707126277],[-121.993556585560427,47.704173751738082],[-121.990634948010182,47.703608220764139],[-121.989980744080171,47.702972619046577],[-121.990124442304293,47.702434016749699],[-121.991323880846849,47.702444567145513],[-121.993167154107766,47.703630468264926],[-121.995697635132828,47.703742622594852],[-121.995804990269278,47.705093229386186],[-121.996338102023486,47.705097893804314],[-121.996480014243048,47.704649246015656],[-121.997676056389068,47.704839655817757],[-121.997378445966447,47.706456655894044],[-121.995905438666057,47.70680368643513],[-121.995765243600175,47.707162370623266],[-121.997622584031674,47.707628499894042],[-121.99773344518124,47.708799179052427],[-121.996269011203793,47.70869640039021],[-121.995597389883926,47.708960456594404],[-121.99547447500305,47.708419514110439],[-121.994809773100158,47.708323715280876],[-121.994513783106584,47.709850743593819],[-121.99584841173737,47.709772453257528],[-121.996232733135415,47.710585615409634],[-121.9939494557823,47.711465396088663],[-121.993418011993796,47.71137075759215],[-121.993291649047194,47.71100973815777],[-121.992358598933052,47.711001548272797],[-121.992232244174559,47.710640527708541],[-121.992375941589415,47.710101923288427],[-121.993575556887833,47.71011245141743],[-121.993585949693568,47.709572676158572],[-121.992393283401199,47.709202298157585]],[[-121.994503399780115,47.710390518980105],[-121.993970234352929,47.710385845650023],[-121.993963308297637,47.710745695819689],[-121.994363185107204,47.710749201093371],[-121.994503399780115,47.710390518980105]],[[-121.994832261442909,47.707154201344153],[-121.994300859697574,47.707059567173332],[-121.994153728913474,47.70777809967764],[-121.994818422631226,47.707873902257589],[-121.994832261442909,47.707154201344153]]],[[[-121.990927113078158,47.709189413820404],[-121.990811193400333,47.708288616751318],[-121.991344336921131,47.708293304604197],[-121.991456794299538,47.709374026187525],[-121.990927113078158,47.709189413820404]]],[[[-121.989976713045706,47.710080829414743],[-121.989981928060658,47.709810942089163],[-121.990381797230512,47.709814461184621],[-121.990376584279346,47.710084348543305],[-121.989976713045706,47.710080829414743]]],[[[-121.989287646974716,47.711244472457352],[-121.989294605337747,47.710884622836723],[-121.989694482635926,47.710888144386523],[-121.989687527024756,47.711247994051298],[-121.989287646974716,47.711244472457352]]],[[[-121.996478590548918,47.71166749837306],[-121.996483772284208,47.711397610583489],[-121.996883654389563,47.711401107110206],[-121.996878474718258,47.711670994932625],[-121.996478590548918,47.71166749837306]]],[[[-121.995393212608704,47.712647755530035],[-121.995538612262109,47.71201918457907],[-121.996070066621584,47.71211381331873],[-121.99605624245001,47.712833513880177],[-121.995393212608704,47.712647755530035]]],[[[-121.995765447115218,47.714090656697181],[-121.995772361574538,47.713730806539431],[-121.99617226144251,47.713734305673263],[-121.99616534973552,47.714094155874882],[-121.995765447115218,47.714090656697181]]],[[[-121.994454940244736,47.712909470085478],[-121.994714614356056,47.713271656120078],[-121.994174494206732,47.713626833571347],[-121.99442724611454,47.714348870201476],[-121.993759006795088,47.714432989822875],[-121.993883648963362,47.714883971085996],[-121.994813308176887,47.715072074061872],[-121.994529393235979,47.715969363056153],[-121.993599719170177,47.71578125770035],[-121.993244863000911,47.713438725576623],[-121.992848432973645,47.71325529132249],[-121.99247628473222,47.711812381114427],[-121.994737108723214,47.71210214323073],[-121.994454940244736,47.712909470085478]]],[[[-121.990028302378207,47.71431023583105],[-121.990035256388893,47.713950386321414],[-121.990568457530173,47.713955078196143],[-121.990693071036205,47.714406062753035],[-121.990028302378207,47.71431023583105]]],[[[-121.99518208327278,47.716694901477993],[-121.995036665431769,47.717323471344741],[-121.995292905711935,47.71786558090669],[-121.994628084284926,47.717769780310462],[-121.994782160873413,47.716691398730816],[-121.99518208327278,47.716694901477993]]],[[[-121.992209417216557,47.718738317090391],[-121.992083045638779,47.718377296714628],[-121.99261629228117,47.718381979399943],[-121.992742667563419,47.718742999215017],[-121.992209417216557,47.718738317090391]]],[[[-121.994110392201819,47.723883717848601],[-121.994117320430206,47.72352386849051],[-121.99465408215454,47.723348617383486],[-121.995452299165876,47.723445585489877],[-121.996108551142498,47.723991193719925],[-121.995956206940306,47.724979613396272],[-121.996489521596089,47.724984278567533],[-121.996996928545997,47.726338377088005],[-121.995130279172443,47.726322046052708],[-121.995140661814773,47.725782272068386],[-121.99554065383893,47.725785774065713],[-121.995149313784893,47.725332460374503],[-121.995429811872825,47.724615096312796],[-121.994768366445129,47.724339371303437],[-121.994775290252505,47.723979521901427],[-121.994110392201819,47.723883717848601]]],[[[-121.996041127773253,47.727499725816301],[-121.996048043580132,47.727139876473061],[-121.996579652281696,47.727234503728241],[-121.996572740113578,47.727594353124083],[-121.996041127773253,47.727499725816301]]],[[[-121.989204493540257,47.729329235067475],[-121.989211456882614,47.728969386595551],[-121.989611472579853,47.728972909434638],[-121.989604511992056,47.729332757950743],[-121.989204493540257,47.729329235067475]]],[[[-121.996268040008118,47.729571192043643],[-121.996274954753446,47.729211342805911],[-121.996808312660832,47.729216006805487],[-121.996801401588328,47.729575856101683],[-121.996268040008118,47.729571192043643]]],[[[-121.983092348039662,47.741872064950968],[-121.982021870368911,47.742042528538683],[-121.982185054904576,47.740514362141894],[-121.982850141225398,47.740610236415705],[-121.983102860770131,47.741332294440049],[-121.983092348039662,47.741872064950968]]],[[[-121.994813462753555,47.7427851272436],[-121.995229166506604,47.741978972633],[-121.99562928259509,47.741982475211472],[-121.995346959056917,47.74278979902968],[-121.994813462753555,47.7427851272436]]],[[[-121.981312886219641,47.744195691351159],[-121.981319907574687,47.743835844694978],[-121.981720036175048,47.743839395868378],[-121.981713017576766,47.744199242569074],[-121.981312886219641,47.744195691351159]]],[[[-121.994106727702771,47.744848410555825],[-121.99438388352371,47.744310976369079],[-121.994784017378763,47.744314482022617],[-121.994640244972629,47.744853085778338],[-121.994106727702771,47.744848410555825]]],[[[-121.993396466147047,47.747091612281466],[-121.99341381284431,47.746191992694953],[-121.993947343730412,47.746196671237065],[-121.993928272426643,47.747186252935471],[-121.993396466147047,47.747091612281466]]],[[[-121.993510771337824,47.748082363602457],[-121.993515975025346,47.747812477779206],[-121.994047788853806,47.747907117922459],[-121.994042587898335,47.748177003785266],[-121.993510771337824,47.748082363602457]]],[[[-121.983087291153538,47.748980220498929],[-121.983232946888378,47.748351670910679],[-121.983633110336683,47.748355215665448],[-121.9834874594018,47.748983765796481],[-121.983087291153538,47.748980220498929]]],[[[-121.989081111567543,47.749483062470652],[-121.988680938799462,47.749479536648636],[-121.988694882393901,47.748759842336632],[-121.989360086087373,47.748855679596815],[-121.989081111567543,47.749483062470652]]],[[[-121.970863752852537,47.753190157379741],[-121.971795778319148,47.75328848881886],[-121.972482260472603,47.752304888841223],[-121.973681068933686,47.752405593354794],[-121.975555701608101,47.752062434593967],[-121.976347261542102,47.752519383631629],[-121.978744909352358,47.752720699590263],[-121.978885348373169,47.752362040781058],[-121.980089445487181,47.752192794007428],[-121.981439221370792,47.751394987776536],[-121.982236086137334,47.751582011881865],[-121.982360712106455,47.752033002693381],[-121.982894300871422,47.752037733050869],[-121.982906572448712,47.751408001942465],[-121.983448915474895,47.750962921663294],[-121.983987746957141,47.75069776198881],[-121.985586725130617,47.750801884308324],[-121.985860505149702,47.750444395506108],[-121.986789019252271,47.750722528464223],[-121.986776794806516,47.751352260405362],[-121.987847449078799,47.751181754014453],[-121.988230196027075,47.752084900205929],[-121.990232900687133,47.752012562156523],[-121.98914481315262,47.753082708177324],[-121.987258009718261,47.75405582098751],[-121.986857802117882,47.75405228855562],[-121.986622439272963,47.752430622832833],[-121.985688650916558,47.752422373360496],[-121.983403358233645,47.753301923136696],[-121.981934198842737,47.753378876470109],[-121.981660376362683,47.753736355413807],[-121.980594921827389,47.753636919001153],[-121.980201749649851,47.753273517422386],[-121.978600947207255,47.753259281079032],[-121.977925137765453,47.753703149781458],[-121.977779402237744,47.754331691471606],[-121.976978985239455,47.754324559079173],[-121.976434787718119,47.754859569215341],[-121.976034575300645,47.754855998998657],[-121.976320794190883,47.753868804329436],[-121.975920589384515,47.753865233770725],[-121.975102513341312,47.754757701746854],[-121.972968053065642,47.754738619721351],[-121.972155228455946,47.75536118236198],[-121.970821176332578,47.755349226377035],[-121.970565013366823,47.754807066194481],[-121.969762814969911,47.754889844604932],[-121.969769918585001,47.754529999921431],[-121.969238083331177,47.754435247200774],[-121.969246967209116,47.753985441381126],[-121.970856657111653,47.753550002271311],[-121.970863752852537,47.753190157379741]],[[-121.97726342032729,47.753427323213984],[-121.976731582109991,47.753332605186245],[-121.976452431481178,47.753959955577493],[-121.97738448193742,47.754058241792428],[-121.97726342032729,47.753427323213984]],[[-121.987163015905878,47.752075486617834],[-121.987282448895641,47.752796357442286],[-121.987949445643594,47.752802241469915],[-121.987828258804996,47.752171332990862],[-121.987163015905878,47.752075486617834]]],[[[-121.991696797226453,47.752205387671431],[-121.992770925879043,47.75185491169816],[-121.992471135830797,47.753561844712358],[-121.99298391191644,47.75464607013442],[-121.992571542875964,47.755272290269581],[-121.991904513612425,47.755266432876148],[-121.991649869437907,47.754634356379746],[-121.991116252683597,47.754629666536815],[-121.991355241714174,47.756071400011017],[-121.99068994240838,47.755975573739548],[-121.990709080980452,47.754985994549038],[-121.989378514975442,47.754794330856221],[-121.98938374125305,47.754524445693264],[-121.990982848516225,47.754628493688486],[-121.990477074835937,47.753184412538822],[-121.991549493506142,47.752923910056467],[-121.991696797226453,47.752205387671431]]],[[[-121.986317202738789,47.754407423047077],[-121.986457594594114,47.754048754728444],[-121.986857802117882,47.75405228855562],[-121.986717412995347,47.754410957383655],[-121.986317202738789,47.754407423047077]]],[[[-121.934141059641036,47.597732169493725],[-121.934146541321297,47.597462281629596],[-121.934545546680482,47.597465988726505],[-121.934540067051373,47.597735876625464],[-121.934141059641036,47.597732169493725]]],[[[-121.930762020475711,47.606878632494471],[-121.930521645679462,47.605616678809227],[-121.931188590023012,47.605532915934717],[-121.9312087502976,47.604543329338306],[-121.932553589783907,47.603836016609705],[-121.931637120287235,47.603107647878758],[-121.931781125996878,47.602569111935082],[-121.932847072961394,47.602489054674749],[-121.933005700037697,47.601230816845408],[-121.934069790520795,47.601240710522696],[-121.934208283907196,47.600972058834806],[-121.932783591729816,47.599069240906942],[-121.931991050190717,47.598791925268515],[-121.93200935967954,47.597892299799803],[-121.932674373642314,47.597898489955305],[-121.932796399079876,47.598439502962336],[-121.933720116585164,47.598808012159068],[-121.933976988948913,47.59926029772231],[-121.935041039812816,47.59927018208306],[-121.935046517159819,47.599000294212694],[-121.934120959462618,47.598721758215618],[-121.934128268742782,47.598361907791883],[-121.93466028502246,47.598366850434211],[-121.936236273965022,47.599371252848485],[-121.935414506597326,47.600533362889976],[-121.935538391061144,47.600984410395014],[-121.936471290049482,47.600903084675586],[-121.936463996186319,47.601262935213022],[-121.93553291586359,47.60125429821472],[-121.934988088005767,47.601879097480847],[-121.933918500589328,47.602139099858476],[-121.933641503057714,47.602676402164853],[-121.932974598778912,47.602760179656606],[-121.93308383184683,47.603930929473336],[-121.932258260014592,47.605272939810085],[-121.932657324521983,47.605276653932115],[-121.932934346274536,47.604739354428197],[-121.933466427008284,47.604744303104951],[-121.933185751929585,47.605461528877441],[-121.933716011565608,47.605556438928581],[-121.933708697617575,47.605916288850587],[-121.933284018593554,47.607172052727542],[-121.932340017787354,47.607793126003052],[-121.930874878135285,47.607869458545935],[-121.930862043493491,47.608499195056069],[-121.931926280647957,47.608509109752909],[-121.931920785426385,47.608778996899773],[-121.931383166003144,47.609043927825788],[-121.931239137309646,47.609582462499361],[-121.929895967033843,47.61019979553167],[-121.929518896811416,47.609116523969284],[-121.930581311948345,47.60921641355776],[-121.930721678699967,47.608857804411336],[-121.929925330968118,47.608760398570766],[-121.929533583680339,47.608396825487993],[-121.929688639471948,47.607318518958259],[-121.930762020475711,47.606878632494471]]],[[[-121.939671111913484,47.607141294157145],[-121.940205035611896,47.607056249124597],[-121.94059866440935,47.607329823680878],[-121.940447466818597,47.608228221413952],[-121.939503530614473,47.60884935404188],[-121.937775951767819,47.608743389238917],[-121.937262055521302,47.607838834802962],[-121.938329922896628,47.607668764856882],[-121.939523536389373,47.607859765347797],[-121.939671111913484,47.607141294157145]]],[[[-121.934457500944632,47.608352692675588],[-121.934462983034635,47.608082805285733],[-121.934862069201046,47.608086511902201],[-121.934856589163346,47.608356399326865],[-121.934457500944632,47.608352692675588]]],[[[-121.933247430547524,47.608971301340134],[-121.9329685588975,47.60959856345859],[-121.932569461474415,47.609594850166339],[-121.932578614832124,47.609145038216759],[-121.933247430547524,47.608971301340134]]],[[[-121.935492526398022,47.60980197367833],[-121.93469432788163,47.609794563243426],[-121.934841975338699,47.609076099061276],[-121.935773194263575,47.609084742732442],[-121.936296198172329,47.609539491078571],[-121.936146744587958,47.61034791969935],[-121.935614606557237,47.610342983018619],[-121.935492526398022,47.60980197367833]]],[[[-121.939864441817022,47.610742257695598],[-121.939465334799706,47.610738568327449],[-121.938947750778311,47.610013946529889],[-121.937885302270047,47.60991413420242],[-121.938832916648209,47.609113090151496],[-121.939365042758595,47.609118011808128],[-121.939888078410789,47.609572744016504],[-121.939864441817022,47.610742257695598]]],[[[-121.935213676919133,47.610429241339617],[-121.935864249623904,47.611155113849314],[-121.934009051924633,47.610777970235318],[-121.934014536787046,47.610508082999473],[-121.935213676919133,47.610429241339617]]],[[[-121.937198261377915,47.610987523189948],[-121.937205552686734,47.610627673179764],[-121.937735871978305,47.610722565022883],[-121.937730406220226,47.610992452574635],[-121.937198261377915,47.610987523189948]]],[[[-121.932399808800056,47.61139285944671],[-121.932540169234073,47.611034248157829],[-121.933334727100672,47.611221598495241],[-121.933192541805909,47.611670173155701],[-121.932399808800056,47.61139285944671]]],[[[-121.937580970190979,47.611800883000967],[-121.937586436872508,47.61153099550048],[-121.938913173310212,47.611723235017209],[-121.938907713417905,47.611993122624582],[-121.937580970190979,47.611800883000967]]],[[[-121.933137645055808,47.614369043647265],[-121.932738511314454,47.614365330664135],[-121.932744003402874,47.614095443709417],[-121.933143135091242,47.614099156657687],[-121.933137645055808,47.614369043647265]]],[[[-121.937243801754178,47.615306954239621],[-121.937118047619293,47.614945871748915],[-121.938448510352387,47.614958192280923],[-121.938441226466196,47.615318042163096],[-121.937243801754178,47.615306954239621]]],[[[-121.935255401282859,47.614928597085552],[-121.935787585772914,47.614933535789191],[-121.935782109184331,47.615203422971341],[-121.934573722386773,47.615732081428099],[-121.935255401282859,47.614928597085552]]],[[[-121.940019610904784,47.616232431686853],[-121.940025065885592,47.615962544182793],[-121.940424212724935,47.615966231907045],[-121.940418759797311,47.616236119445766],[-121.940019610904784,47.616232431686853]]],[[[-121.935751073673032,47.616732783420069],[-121.935233483499147,47.616008145549017],[-121.936687901060935,47.616471533564585],[-121.936678780599124,47.616921345537726],[-121.935751073673032,47.616732783420069]]],[[[-121.940005063900159,47.616952131632978],[-121.940010519093221,47.61668224416421],[-121.941605313177831,47.616786949636634],[-121.94186052402587,47.61732917987888],[-121.940005063900159,47.616952131632978]]],[[[-121.939713496024154,47.618209146865418],[-121.937983786723294,47.618193145417145],[-121.938402983738882,47.617207253658513],[-121.93773954605652,47.617111132420519],[-121.937745012937995,47.616841245157218],[-121.939073704017957,47.616943521246455],[-121.938927910772009,47.617572027733964],[-121.939713496024154,47.618209146865418]]],[[[-121.936775352322712,47.618721826435085],[-121.933868246400479,47.617705071424503],[-121.9334892130085,47.616711775565932],[-121.934557273183415,47.616541742502278],[-121.93468118573773,47.616992789926414],[-121.935612545168908,47.617001435980526],[-121.936789944549375,47.618002127464841],[-121.936775352322712,47.618721826435085]]],[[[-121.9419645349939,47.618769807611599],[-121.941282907299183,47.619573331702718],[-121.940351500481412,47.619564731335167],[-121.940079928969723,47.619832160037731],[-121.938218928954612,47.619724969746834],[-121.936616755576637,47.619980065979902],[-121.935674386702104,47.620511201529858],[-121.934742964919707,47.620502555499584],[-121.935289819611128,47.619787798619441],[-121.937431516673868,47.619177802888444],[-121.940623069210773,47.619297301955946],[-121.9419645349939,47.618769807611599]]],[[[-121.937668469338135,47.620619665639211],[-121.937673937256648,47.620349778547961],[-121.93807311718389,47.620353474707926],[-121.938067651319045,47.620623361833914],[-121.937668469338135,47.620619665639211]]],[[[-121.935528542138599,47.621139702917908],[-121.935523063027276,47.62140958978398],[-121.933796909197227,47.621213599868177],[-121.933802397154807,47.620943713144257],[-121.935528542138599,47.621139702917908]]],[[[-121.9331352603037,47.621027489504918],[-121.932590194633704,47.621652273435707],[-121.932059774853499,47.621557357192827],[-121.932067104121089,47.621197508449825],[-121.9331352603037,47.621027489504918]]],[[[-121.934432967039115,47.622659177878447],[-121.934438452000649,47.622389291167039],[-121.935636037341794,47.622400409611785],[-121.935759972187782,47.62285145559477],[-121.934432967039115,47.622659177878447]]],[[[-121.93274461473564,47.627142441284725],[-121.933023585939381,47.626515182350609],[-121.933554057551206,47.62661009445835],[-121.933276922757898,47.627147392588057],[-121.93274461473564,47.627142441284725]]],[[[-121.933391695576262,47.628048251297102],[-121.933532095773259,47.627689640116024],[-121.93419748793859,47.627695824345288],[-121.934055262934123,47.628144398513783],[-121.933391695576262,47.628048251297102]]],[[[-121.936840813432099,47.628620144863007],[-121.934284842820119,47.629946114082351],[-121.934427071014966,47.629497539790989],[-121.93644522124336,47.628436519530823],[-121.936323093528301,47.627895512367175],[-121.936855409815593,47.627900447125185],[-121.936840813432099,47.628620144863007]]],[[[-121.943059347418256,47.630477192286996],[-121.942377581134934,47.631280720221909],[-121.940397631229033,47.630452636734155],[-121.939879844210864,47.629728020001799],[-121.94147140102055,47.630012654761892],[-121.941613568052759,47.6295640710931],[-121.942676421844666,47.629663851667438],[-121.943059347418256,47.630477192286996]]],[[[-121.940078703540735,47.633059083237605],[-121.940220891166845,47.632610501685782],[-121.941287438192091,47.632530371011796],[-121.940875439704939,47.633156421167087],[-121.940078703540735,47.633059083237605]]],[[[-121.927793758107654,47.634924454678952],[-121.928997142573309,47.634665759042193],[-121.928477634143547,47.634031054160751],[-121.92980490348252,47.634223402468386],[-121.930317085219912,47.63521794913509],[-121.931243263280777,47.635496518934282],[-121.93069251493948,47.636391176706056],[-121.931347009845382,47.636937149797923],[-121.932544926364059,47.636948303067051],[-121.932827618063428,47.636141122152821],[-121.933226917617276,47.636144836099028],[-121.933349031094124,47.636685845692035],[-121.934419329084861,47.636425855659979],[-121.934676386343568,47.636878138204814],[-121.93520879357331,47.636883081302287],[-121.935633679400226,47.635627318228607],[-121.934703817733151,47.635528707769147],[-121.934720275606097,47.634719049348902],[-121.93538758472674,47.634635265296851],[-121.935513371850973,47.634996348734362],[-121.936971965595561,47.63527981156232],[-121.936982914137488,47.634740038874398],[-121.937785139758091,47.634567512002327],[-121.93739679563474,47.63402404118451],[-121.937455158269117,47.631145251874138],[-121.93866205286929,47.630706529215665],[-121.940787798763282,47.630906135473076],[-121.940775072855601,47.631535871469012],[-121.939416882912468,47.632873008163607],[-121.93953905334844,47.633414011905394],[-121.939003038246227,47.633589013567075],[-121.938995753416421,47.633948862339643],[-121.939661226214668,47.63395501548613],[-121.939644845105477,47.634764675311857],[-121.938806189566307,47.63673645831728],[-121.938137035878327,47.636910224181385],[-121.937723140987941,47.637626224088436],[-121.937190725774371,47.637621292601402],[-121.937201672960484,47.637081520096579],[-121.936802365754602,47.637077819929644],[-121.936255347161762,47.63779258065717],[-121.934793030398595,47.637689032348163],[-121.935170405450449,47.638772283681405],[-121.9333032510078,47.63893489478756],[-121.929587285898066,47.638360407158331],[-121.929614849743317,47.637010979310197],[-121.930413461349403,47.637018428278601],[-121.930420805887167,47.63665858070317],[-121.929100826099457,47.636106391649655],[-121.927507313845041,47.635911546451815],[-121.927793758107654,47.634924454678952]],[[-121.938972076740583,47.635118370688005],[-121.938439686786694,47.635113445191394],[-121.93843057540677,47.635563255951269],[-121.938962969928085,47.635568181525024],[-121.938972076740583,47.635118370688005]],[[-121.939119742863554,47.63439990422961],[-121.938720455838975,47.634396210894444],[-121.938846265442791,47.634757290864741],[-121.93924555523428,47.634760983783025],[-121.939119742863554,47.63439990422961]]],[[[-121.933390578022113,47.641185180699694],[-121.93260106542931,47.640727942502693],[-121.932606563294755,47.640458056806224],[-121.933396071909414,47.64091529495547],[-121.93433151539331,47.640744030811355],[-121.934453650208624,47.641285038971489],[-121.933390578022113,47.641185180699694]]],[[[-121.932384024545925,47.657911877153559],[-121.932260040996354,47.657460829826981],[-121.933053466264923,47.657738147704976],[-121.933046134395894,47.658097994260693],[-121.932384024545925,47.657911877153559]]],[[[-121.931084625889909,47.662848603447607],[-121.93203331472273,47.662047631123635],[-121.93309680696926,47.662147504875982],[-121.932956307416774,47.662506112658107],[-121.931748628656237,47.66294476682355],[-121.931084625889909,47.662848603447607]]],[[[-121.931423536836874,47.6658210542276],[-121.93143088183983,47.665461208348773],[-121.9322335974731,47.665288725008892],[-121.932222588256977,47.665828493975802],[-121.931423536836874,47.6658210542276]]],[[[-121.932984967740524,47.667635158133244],[-121.932308059154465,47.668168731738525],[-121.931908515534104,47.668165012720621],[-121.931791856315343,47.667354119717736],[-121.932995969792756,47.667095389203105],[-121.932984967740524,47.667635158133244]]],[[[-121.934156111480192,47.668995722293026],[-121.934167101981416,47.668455953285836],[-121.934697999365667,47.668550862723826],[-121.934688845167997,47.669000670303653],[-121.934156111480192,47.668995722293026]]],[[[-121.936737548283702,47.673068706966134],[-121.93581067892049,47.672790177968018],[-121.934610109871173,47.672869013972267],[-121.93244965891023,47.674288586426172],[-121.931119528717232,47.674186223414317],[-121.931535647613231,47.673380293432771],[-121.933146818103879,47.672765437751032],[-121.936617149003681,47.672437741929144],[-121.936737548283702,47.673068706966134]]],[[[-121.944171011531679,47.674397054647862],[-121.945369790100443,47.674408080506979],[-121.947216461277762,47.675324824794309],[-121.948130780221845,47.676232994884543],[-121.947070591251489,47.675953334817969],[-121.94573676273572,47.676031064260286],[-121.945749448778614,47.67540133216422],[-121.944815233710344,47.675482722234918],[-121.943891908599397,47.675024334589494],[-121.944171011531679,47.674397054647862]]],[[[-121.941863000198296,47.676535272745546],[-121.940551005212228,47.675533402603996],[-121.940164157326862,47.674899980845019],[-121.938965369506434,47.674888900513835],[-121.937912560756331,47.674249310187811],[-121.938191730822254,47.673622045229287],[-121.939521861908347,47.673724326250579],[-121.940313750060554,47.674091556914483],[-121.941348387427723,47.675630741516095],[-121.944514359132214,47.677189543777921],[-121.945974175394042,47.677472899461563],[-121.947286323256719,47.678474708411876],[-121.948477965340999,47.678845549470324],[-121.948202505843497,47.679292916139552],[-121.947401435059703,47.679375547844216],[-121.946589495345236,47.679997944071644],[-121.944998208077067,47.679623409274477],[-121.944498028297744,47.677999198741446],[-121.943173228526206,47.677627089719273],[-121.94278996859272,47.676813753421477],[-121.941863000198296,47.676535272745546]]],[[[-121.936611422602567,47.679276047520226],[-121.936618735393026,47.678916201882181],[-121.937817614552614,47.678927307432723],[-121.937677100256266,47.67928591986292],[-121.936611422602567,47.679276047520226]]],[[[-121.938209939296542,47.679290852323305],[-121.938215415661872,47.679020967957825],[-121.939678893273125,47.67912448083915],[-121.939673424435298,47.679394365327582],[-121.938209939296542,47.679290852323305]]],[[[-121.934211817624799,47.679343759903475],[-121.93567529546938,47.67944732385866],[-121.935529274737206,47.680075817602571],[-121.932877886035897,47.679421338983992],[-121.931965615256175,47.678423088169595],[-121.934211817624799,47.679343759903475]]],[[[-121.942571324829075,47.681040720481199],[-121.94311871963022,47.680325937761644],[-121.943651570197005,47.680330845032792],[-121.943502009502154,47.681139272705487],[-121.942571324829075,47.681040720481199]]],[[[-121.951106082832652,47.68066917247107],[-121.950556988469785,47.681473955837312],[-121.950024125080617,47.681469080546002],[-121.950036761944105,47.680839348183028],[-121.951106082832652,47.68066917247107]]],[[[-121.937370488114979,47.6812626038041],[-121.936824833251293,47.681887396930144],[-121.935892319174144,47.68187875189188],[-121.935897807988809,47.68160886785153],[-121.937370488114979,47.6812626038041]]],[[[-121.951728895811868,47.682834343190407],[-121.951329237716806,47.682830690957452],[-121.9513364502033,47.682470843837187],[-121.951872928376503,47.682295789511329],[-121.951500316252478,47.680942710799222],[-121.952034976339121,47.680857617367209],[-121.952560630231886,47.681222330636878],[-121.952675838189961,47.682123165085699],[-121.952006146394083,47.682297006435505],[-121.951728895811868,47.682834343190407]]],[[[-121.950272507927536,47.682371136113829],[-121.950148315464759,47.681920108406516],[-121.950679379267498,47.682014944927651],[-121.950672162377458,47.682374792000985],[-121.950272507927536,47.682371136113829]]],[[[-121.941472849866599,47.682650200469801],[-121.941478310046818,47.682380315978271],[-121.941877963436923,47.682384002495908],[-121.941872505317306,47.682653887022063],[-121.941472849866599,47.682650200469801]]],[[[-121.940648038076063,47.683902283651825],[-121.941179103977632,47.683997164138695],[-121.941190027803387,47.683457395320936],[-121.941589689382909,47.683461082905062],[-121.941704712532513,47.684361926611366],[-121.942629999823737,47.684730370743488],[-121.942622726887663,47.685090216714919],[-121.941558749392343,47.684990427947668],[-121.941170000545753,47.684446971446405],[-121.93983230163505,47.68470455327472],[-121.937857691405924,47.683516572704015],[-121.937864996711113,47.683156727187786],[-121.938810306882516,47.682535626468344],[-121.940410746180248,47.682460439928228],[-121.940648038076063,47.683902283651825]]],[[[-121.949869242311493,47.682547402316935],[-121.950268898056066,47.682551059618802],[-121.950913344910518,47.683636693164374],[-121.952357163421638,47.68472962478895],[-121.95434653747138,47.68519766382893],[-121.954733631921499,47.685831038517868],[-121.954458187892939,47.686278419795251],[-121.953658818468881,47.686271132555213],[-121.950497439107465,47.684442693654354],[-121.949581131487662,47.683624504019591],[-121.949869242311493,47.682547402316935]]],[[[-121.9608763846703,47.685167011215171],[-121.960748520230737,47.684895918498057],[-121.959148030913624,47.684971388375388],[-121.958894112469878,47.684339237097959],[-121.961027476367633,47.684268597491133],[-121.961409287561736,47.685171836389898],[-121.9608763846703,47.685167011215171]]],[[[-121.946606792942376,47.685756712163673],[-121.9494135865544,47.685332556487943],[-121.951266122468667,47.685979352257299],[-121.95165859349882,47.686342851827675],[-121.951240873358088,47.68723881627335],[-121.947780500478615,47.687027177203603],[-121.945376923040669,47.68727504357522],[-121.9443183418892,47.686905395482732],[-121.943805403760564,47.685910914265747],[-121.945674206956852,47.685748146100835],[-121.94580018215801,47.686109216563572],[-121.946199864587612,47.686112888243372],[-121.946606792942376,47.685756712163673]]],[[[-121.955651854833604,47.686559225749768],[-121.957643121160473,47.686937246367748],[-121.957632365753838,47.687477017702975],[-121.956557542189003,47.687917138700321],[-121.955624914722407,47.68790865322277],[-121.955651854833604,47.686559225749768]]],[[[-121.968013796819818,47.688110732486017],[-121.966955035467763,47.687741291991209],[-121.966940822553966,47.688460989113409],[-121.965208776748014,47.688445380931469],[-121.965358025213263,47.687636923626052],[-121.964428961966064,47.687448585557867],[-121.964313541213158,47.686547762132911],[-121.967363612411603,47.687295079271472],[-121.968155902982829,47.687662119891478],[-121.968013796819818,47.688110732486017]]],[[[-121.97028230936175,47.687951157980542],[-121.970287621936464,47.687681271262889],[-121.970820552019873,47.687686052918806],[-121.970815242193524,47.687955939681409],[-121.97028230936175,47.687951157980542]]],[[[-121.97240167085836,47.688600005977626],[-121.971213172635586,47.688049486595496],[-121.971218480426529,47.687779599803591],[-121.972017877339326,47.687786764885608],[-121.972934610654235,47.688604777883938],[-121.97240167085836,47.688600005977626]]],[[[-121.96388356241377,47.688073508646788],[-121.964407590480306,47.688528130400798],[-121.964130432711016,47.689065497255207],[-121.960133363506927,47.68902934069218],[-121.960945285622756,47.688406849424204],[-121.961744689531272,47.688414086146565],[-121.96215153110974,47.688057854412762],[-121.962030793398938,47.687426915116077],[-121.962430487964753,47.687430530336464],[-121.962688031531428,47.68788274984184],[-121.96388356241377,47.688073508646788]]],[[[-121.969070800256119,47.688570125492163],[-121.968131058999859,47.688921590287514],[-121.968543183148128,47.68829544910254],[-121.969076119195876,47.688300238906493],[-121.969070800256119,47.688570125492163]]],[[[-121.953489596916,47.688069152902109],[-121.954544671763585,47.688618640527594],[-121.956807860798563,47.688729218363228],[-121.956930332082351,47.689270200725652],[-121.954139573095958,47.688884883065022],[-121.953489596916,47.688069152902109]]],[[[-121.958928872877394,47.689288352263652],[-121.95893603471994,47.688928504678572],[-121.959602210840146,47.688934547381486],[-121.959328581271876,47.689291978394898],[-121.958928872877394,47.689288352263652]]],[[[-121.95079968145977,47.689304280654106],[-121.950673664330196,47.688943215558957],[-121.951870976088856,47.689044137680092],[-121.951865568250028,47.689314022757991],[-121.95079968145977,47.689304280654106]]],[[[-121.972382230402005,47.689589591041823],[-121.973455192335052,47.689239283495169],[-121.973172825220786,47.690046559666186],[-121.972236619610072,47.690218133468775],[-121.972382230402005,47.689589591041823]]],[[[-121.950273959703637,47.68893955929957],[-121.95025951670668,47.68965925245665],[-121.951847541550066,47.690213639588862],[-121.951969964661927,47.690754626744798],[-121.949580687242616,47.690282886746225],[-121.948795721522131,47.689555872328327],[-121.947728021095628,47.689636063238481],[-121.947472409218079,47.689093849642745],[-121.946410152396098,47.688904143688752],[-121.946417400251633,47.688544297518781],[-121.950273959703637,47.68893955929957]]],[[[-121.965841155334687,47.690160666889092],[-121.965715032136814,47.689799617576433],[-121.967180647435228,47.689812820015739],[-121.966903511021385,47.690350193612311],[-121.965841155334687,47.690160666889092]]],[[[-121.956366874831062,47.690794705187194],[-121.955718636508308,47.689889025677431],[-121.957708237062818,47.69035700772217],[-121.957295967203052,47.690983108661484],[-121.956366874831062,47.690794705187194]]],[[[-121.959550317534777,47.691543442390135],[-121.959969720210196,47.690557485640142],[-121.960637704911321,47.690473560573665],[-121.960897034655744,47.69083582193808],[-121.960225469003547,47.691099672284061],[-121.960216527085933,47.691549481774814],[-121.959550317534777,47.691543442390135]]],[[[-121.96169647567018,47.690843059272673],[-121.962229436520403,47.690847881068571],[-121.961946887505647,47.691655128018837],[-121.961547160722233,47.691651510873797],[-121.96169647567018,47.690843059272673]]],[[[-121.966342109399207,47.691784786792049],[-121.967278361683796,47.691613261489167],[-121.967273032851793,47.691883147765516],[-121.966336775704633,47.692054672980632],[-121.966342109399207,47.691784786792049]]],[[[-121.97431022923719,47.693205965433357],[-121.970982603320707,47.692996213834796],[-121.971149473097242,47.691288127068404],[-121.971549198313838,47.691291710743315],[-121.971538584761973,47.691831484037976],[-121.972190657779421,47.692557151641566],[-121.974315522006492,47.692936078623219],[-121.97431022923719,47.693205965433357]]],[[[-121.97057755311063,47.693262514581789],[-121.970582865149765,47.692992628090117],[-121.970982603320707,47.692996213834796],[-121.970977293343466,47.693266100360191],[-121.97057755311063,47.693262514581789]]],[[[-121.921637196978963,47.584748192464829],[-121.927493355952848,47.584533163461224],[-121.927486004736693,47.584893013977798],[-121.92695228750172,47.584978001729752],[-121.924824771298319,47.584958077577234],[-121.924817401683583,47.585317927752435],[-121.925482254806042,47.585324158366312],[-121.925868282370558,47.585957632853699],[-121.926400171514118,47.585962612830485],[-121.92654418080204,47.585424081925275],[-121.92840577492457,47.585441489940045],[-121.927994002780579,47.586067500588676],[-121.926928383102577,47.586147515524324],[-121.926518427348739,47.586683558042424],[-121.923602221465799,47.586206327921538],[-121.923216219599425,47.585572846034587],[-121.924017734439673,47.585400408446645],[-121.92402326579051,47.585130520892143],[-121.921893898034369,47.58520050482332],[-121.921637196978963,47.584748192464829]]],[[[-121.920541999658852,47.586267547070314],[-121.919888241191885,47.585721513423586],[-121.918695204746172,47.585530312402426],[-121.918438529810004,47.585077993115029],[-121.923600376900325,47.586296290411781],[-121.923592998548685,47.586656140358038],[-121.923059257347774,47.586741109777329],[-121.923175623435625,47.587552020448548],[-121.923966104608354,47.587919358316221],[-121.925696649444006,47.587845600864924],[-121.926753108973799,47.588215410461451],[-121.926993320463268,47.589477374491842],[-121.923561638953501,47.588185502366812],[-121.922499663336666,47.588085550845065],[-121.921458023619905,47.586996003042707],[-121.922390693464024,47.586914789871017],[-121.922798847010156,47.586468724938108],[-121.920541999658852,47.586267547070314]]],[[[-121.930722296165015,47.589242260002294],[-121.929122856629263,47.589407297236576],[-121.928878922864953,47.588325262482748],[-121.929277858091993,47.58832898736555],[-121.929397993087946,47.588959967049355],[-121.929929913262768,47.588964930894164],[-121.930339852601975,47.588428876259592],[-121.930738788806636,47.588432596067634],[-121.930722296165015,47.589242260002294]]],[[[-121.928319459845397,47.589669732611881],[-121.928439586096601,47.590300713087878],[-121.927778344637289,47.590114574024973],[-121.927660064552143,47.589393630342016],[-121.928319459845397,47.589669732611881]]],[[[-121.922030528673488,47.591500373187849],[-121.920565831569675,47.591576577713887],[-121.920571381863141,47.591306690757683],[-121.922172751547862,47.591051811127826],[-121.922030528673488,47.591500373187849]]],[[[-121.92251815028132,47.593664468014403],[-121.922675147914717,47.592496206661494],[-121.922013899943565,47.592310034378031],[-121.922021290580034,47.591950184974884],[-121.923236631914591,47.591061803689151],[-121.925227724964316,47.591260438072858],[-121.924948855518693,47.59188768259073],[-121.9230722681516,47.592589915741577],[-121.92306488455452,47.592949765228688],[-121.92372245476912,47.593315856292776],[-121.923704006181921,47.594215480044156],[-121.924102985498308,47.594219223271772],[-121.924538833831164,47.592423716993117],[-121.926010912993306,47.591987612007998],[-121.925905539953192,47.590636929504001],[-121.925257197442775,47.58982103853532],[-121.924464835378103,47.589543671855473],[-121.924472208499253,47.589183821988236],[-121.926588857834219,47.589743529172964],[-121.927368365835008,47.59065061904068],[-121.928694536235113,47.590842973027677],[-121.928953163000585,47.591205307254434],[-121.929352120123781,47.591209032048141],[-121.929098996880839,47.590576810953976],[-121.93015736919223,47.590856627042264],[-121.930151868269689,47.591126514867938],[-121.929619926153805,47.591121551883141],[-121.930131697533923,47.592116103448753],[-121.929455747871458,47.592649674516508],[-121.929976701082069,47.593194413820406],[-121.929042094471868,47.593365650353391],[-121.929047601531437,47.593095762731387],[-121.928515639651579,47.593090794471514],[-121.927701155173409,47.593892999932969],[-121.926901361235608,47.593975499624939],[-121.924998926058763,47.595937237538159],[-121.924466936085693,47.595932250279454],[-121.924476154507232,47.595482438444776],[-121.923678176652885,47.595474953048743],[-121.923428793107234,47.594662795569612],[-121.92143757854268,47.594464129110143],[-121.921045995593218,47.594100527445292],[-121.921321225848089,47.593653217730797],[-121.92251815028132,47.593664468014403]],[[-121.927324241809558,47.59280971938508],[-121.926925272785311,47.592805987444301],[-121.92678308541818,47.593254555542849],[-121.927182057833292,47.593258288004527],[-121.927324241809558,47.59280971938508]],[[-121.926145741119868,47.591898894710823],[-121.925865037992068,47.592616103908739],[-121.925855832396749,47.593065916174105],[-121.92625480325691,47.59306965184976],[-121.926668492106359,47.592353686308584],[-121.926544703148039,47.591902629309452],[-121.926145741119868,47.591898894710823]],[[-121.923622673258052,47.591695285227892],[-121.923223713188136,47.591691540478713],[-121.923218176456515,47.591961427652173],[-121.923617138576901,47.591965172436531],[-121.923622673258052,47.591695285227892]]],[[[-121.929960193936864,47.594004076878392],[-121.929965696398853,47.593734189205648],[-121.930497665051035,47.593739150791308],[-121.930492165323329,47.59400903851067],[-121.929960193936864,47.594004076878392]]],[[[-121.931805615256636,47.59483109522796],[-121.931811108388985,47.594561207431873],[-121.932210091391141,47.594564922482263],[-121.932204600309603,47.59483481031328],[-121.931805615256636,47.59483109522796]]],[[[-121.930601328074118,47.595179791881414],[-121.931000315621105,47.595183511175868],[-121.930994818200048,47.595453398871221],[-121.930324334662146,47.595717086841873],[-121.930601328074118,47.595179791881414]]],[[[-121.923127731740777,47.59636958294297],[-121.923796414242275,47.596195899761675],[-121.923790879582825,47.59646578677296],[-121.923122193609174,47.596639469886767],[-121.923127731740777,47.59636958294297]]],[[[-121.933231988046131,47.596643962912538],[-121.933222844291379,47.597093775942724],[-121.932286347769079,47.597355000926164],[-121.932432160147002,47.596726500875143],[-121.933231988046131,47.596643962912538]]],[[[-121.922302028775761,47.597711522296258],[-121.922314961282851,47.59708178636145],[-121.922846962531935,47.597086783690742],[-121.922701034484959,47.597715270606663],[-121.922302028775761,47.597711522296258]]],[[[-121.925749031135169,47.598283735763083],[-121.92559945028917,47.599092151184749],[-121.926124108189001,47.59945698287752],[-121.92598373635677,47.5998155869285],[-121.923480590883827,47.598622386055489],[-121.923763205074522,47.59781522163059],[-121.92442821626787,47.597821459583173],[-121.924550156369634,47.598362480702107],[-121.925749031135169,47.598283735763083]]],[[[-121.926798340357678,47.599013395405663],[-121.926672695453078,47.598652301318175],[-121.927736731455468,47.598662253336329],[-121.927463367395148,47.599019615880415],[-121.926798340357678,47.599013395405663]]],[[[-121.928421962227603,47.597678881450712],[-121.927357945923632,47.597668935942771],[-121.927767980886657,47.597132892041344],[-121.929642835353889,47.596520545893299],[-121.929495155075386,47.597239004655641],[-121.928963151124179,47.59723403814678],[-121.928952134461156,47.597773812971383],[-121.929617146259503,47.597780020838684],[-121.929759322383731,47.597331449482766],[-121.930158326178059,47.597335171832079],[-121.929604301056557,47.598409758203225],[-121.930238143115105,47.599945324553147],[-121.929804257490218,47.601650888769569],[-121.929272208758547,47.60164592334884],[-121.927701802563774,47.600371538986238],[-121.927842164242207,47.600012932786697],[-121.929312595020463,47.599666749868305],[-121.928274261729442,47.598397338341741],[-121.928421962227603,47.597678881450712]]],[[[-121.922664095714083,47.599514515971954],[-121.922669636758712,47.599244629204719],[-121.923201659994675,47.599249625059372],[-121.923196121685109,47.599519511873567],[-121.922664095714083,47.599514515971954]]],[[[-121.926063347233907,47.602425739843561],[-121.92646238928053,47.602429475348437],[-121.926872471372803,47.601893435450449],[-121.927404522196611,47.601898412020653],[-121.927125619967669,47.602525660444186],[-121.926460548571157,47.602519437667411],[-121.92645502638932,47.602789324615522],[-121.924858847744204,47.602774374081484],[-121.925411174815949,47.601789774862333],[-121.924485620648369,47.601511161260007],[-121.923306976889393,47.600600307634714],[-121.923314360803317,47.600240458601185],[-121.925954273497354,47.601254984288957],[-121.926063347233907,47.602425739843561]]],[[[-121.928180545803741,47.602985420694267],[-121.92832274904481,47.602536851727201],[-121.928854806644793,47.602541821621323],[-121.928712607927324,47.602990391283079],[-121.928180545803741,47.602985420694267]]],[[[-121.92711642198563,47.602975472114494],[-121.928045692267759,47.603074140018435],[-121.928040178131738,47.603344027080354],[-121.926831989926129,47.603872606579706],[-121.925900866222023,47.603863891044348],[-121.925609039056837,47.605120871177903],[-121.923741211890928,47.605373298939604],[-121.923087185177707,47.604827283193558],[-121.922422085489046,47.604821036776812],[-121.922302001458078,47.604190051882739],[-121.923227590743977,47.604468683257465],[-121.924038620130716,47.603846437303901],[-121.925370638398448,47.603768945079992],[-121.925777058413928,47.603412833949264],[-121.926839350511273,47.603512757336468],[-121.92711642198563,47.602975472114494]]],[[[-121.926627190126808,47.607379890701367],[-121.927425349806384,47.607387356983132],[-121.927179534123155,47.606395283866668],[-121.927981355675755,47.606222821583266],[-121.928495075819825,47.607127416478342],[-121.929156533287468,47.607313552557592],[-121.9288666003674,47.608480578392836],[-121.927813397471965,47.607930861705199],[-121.927148257408319,47.607924642385981],[-121.926605100587778,47.608459437554231],[-121.925404151225749,47.608628151684044],[-121.925817977952164,47.607912192179654],[-121.923957433569782,47.607804773818465],[-121.9235491207031,47.608250840011287],[-121.922752796340831,47.608153384538667],[-121.922497826784323,47.607611112828366],[-121.92277865954604,47.606893914713844],[-121.926104292007324,47.606925098922261],[-121.926627190126808,47.607379890701367]]],[[[-121.926854595355721,47.609271587096089],[-121.926865638033263,47.608731813728838],[-121.927528948985326,47.608827997016853],[-121.927253689575096,47.609275320251179],[-121.926854595355721,47.609271587096089]]],[[[-121.923373624691479,47.61031872029222],[-121.923379164181156,47.61004883397279],[-121.923911297102549,47.61005382738665],[-121.923905760349555,47.610323713753012],[-121.923373624691479,47.61031872029222]]],[[[-121.929759262050666,47.610378478932788],[-121.929615212820565,47.610917011284918],[-121.928550927620265,47.610907074770914],[-121.928408702411573,47.611355643212704],[-121.928009592214664,47.611351913953605],[-121.927654622975325,47.609189089770474],[-121.928979425122492,47.609471405783609],[-121.929230797749867,47.610193588065428],[-121.929759262050666,47.610378478932788]]],[[[-121.928255445257449,47.612343984748712],[-121.928133436834983,47.611802968318699],[-121.928929827126154,47.611900386883704],[-121.928787602311473,47.612348955722929],[-121.928255445257449,47.612343984748712]]],[[[-121.925326740728153,47.612406562401503],[-121.925332270573776,47.612136676007793],[-121.925731386391661,47.612140414627696],[-121.925725858598796,47.612410301056542],[-121.925326740728153,47.612406562401503]]],[[[-121.931681485128863,47.613995573436021],[-121.931559437750451,47.613454560499356],[-121.932355859836932,47.61355195549347],[-121.932479746789696,47.614003005325841],[-121.931681485128863,47.613995573436021]]],[[[-121.928241412664363,47.619542200628466],[-121.928246928891227,47.619272314314514],[-121.926258446127008,47.618893800786104],[-121.925602383541957,47.618437761182612],[-121.925642932027117,47.616458595899637],[-121.92751482585544,47.616026216392164],[-121.930567606758871,47.616414636088805],[-121.931502620593761,47.616243390962723],[-121.932554197008258,47.61688303685785],[-121.93253405341305,47.617872621749306],[-121.933053454481424,47.618507309162801],[-121.932251460488416,47.618679805208252],[-121.931708242031164,47.619214623090969],[-121.930641953104768,47.619294666875305],[-121.930096876291515,47.619919439053255],[-121.93275987995726,47.619854267256208],[-121.932754386843641,47.620124153940061],[-121.931150342128262,47.620469135698968],[-121.93153119026671,47.621372476341023],[-121.928733208045784,47.621526338471632],[-121.929154443385599,47.62045052053665],[-121.928487305858084,47.620534269862027],[-121.927809128816776,47.621157787701492],[-121.927520924327936,47.622234844479998],[-121.927121731450853,47.622231111492425],[-121.927265839301867,47.621692583763284],[-121.925927839092353,47.622039980209699],[-121.926504298898109,47.61988587406438],[-121.927568765594145,47.619895830973263],[-121.927574285350943,47.619625944735397],[-121.928241412664363,47.619542200628466]]],[[[-121.928725855815586,47.621886186802442],[-121.928308277387828,47.622782078635318],[-121.927909080241903,47.622778348355304],[-121.928056860109209,47.6220598955246],[-121.928725855815586,47.621886186802442]]],[[[-121.92447336534093,47.621576455736687],[-121.92500008206683,47.621851330898949],[-121.92471735098276,47.622658494167425],[-121.925382677388001,47.622664729027775],[-121.925491774709712,47.623835481060901],[-121.9244309198953,47.623645580412699],[-121.92444937502033,47.622745961084036],[-121.923917113216618,47.622740969167872],[-121.923528999187013,47.622197452106768],[-121.923954039029894,47.620941730381645],[-121.924619343486967,47.620947969500172],[-121.92447336534093,47.621576455736687]]],[[[-121.929361781200242,47.623331791739218],[-121.929502195699413,47.622973185316027],[-121.930960422211967,47.623256722312938],[-121.930809009141441,47.624155103233079],[-121.929361781200242,47.623331791739218]]],[[[-121.927896203283908,47.623408082611],[-121.926415884204729,47.624204050571805],[-121.926016676480259,47.624200313623149],[-121.926293869289182,47.623663033222002],[-121.927901722033894,47.623138196510226],[-121.927896203283908,47.623408082611]]],[[[-121.91976428627639,47.624051624982073],[-121.919769847006449,47.623781739632292],[-121.920169050724922,47.62378549829365],[-121.920163492048857,47.624055383678751],[-121.91976428627639,47.624051624982073]]],[[[-121.930265718403817,47.624689913224195],[-121.929733435853322,47.624684948141365],[-121.929607712186339,47.624323858227541],[-121.930139991049373,47.624328823865469],[-121.930265718403817,47.624689913224195]]],[[[-121.921438655793949,47.626766756935446],[-121.921447910148061,47.626316947977642],[-121.921847133389846,47.626320700949591],[-121.921837882459585,47.626770509966157],[-121.921438655793949,47.626766756935446]]],[[[-121.930061043123402,47.628197192066573],[-121.929397482819127,47.628101021796326],[-121.92968200960361,47.627203885392184],[-121.929151539317246,47.62710895539513],[-121.929301152781008,47.626300539435249],[-121.930890711236714,47.626675281954903],[-121.930879703062715,47.627215054335743],[-121.930073896236621,47.627567457893633],[-121.930061043123402,47.628197192066573]]],[[[-121.924760011546368,47.627067875398772],[-121.924508623736756,47.626345685265122],[-121.925172152423244,47.626441883602048],[-121.925527123768589,47.628604709158424],[-121.925127882651779,47.628600968857853],[-121.924349706680232,47.627603903710188],[-121.924760011546368,47.627067875398772]]],[[[-121.93112751415778,47.62811715522016],[-121.931133017183015,47.627847269057185],[-121.931532253343974,47.627850988415723],[-121.931526752373259,47.62812087461365],[-121.93112751415778,47.62811715522016]]],[[[-121.929774680388121,47.629184291262334],[-121.929780190583301,47.628914405268958],[-121.930179434694622,47.628918129397846],[-121.930173926554076,47.629188015426237],[-121.929774680388121,47.629184291262334]]],[[[-121.926963385263591,47.629967840382974],[-121.926970751671433,47.62960799276896],[-121.927503083725142,47.629612971055671],[-121.927495720970086,47.629972818732071],[-121.926963385263591,47.629967840382974]]],[[[-121.932418000773481,47.630108713440862],[-121.932412503928177,47.630378599609948],[-121.930157401650078,47.629997673431959],[-121.930162910031783,47.629727787443287],[-121.932418000773481,47.630108713440862]]],[[[-121.92933868391485,47.630979805093396],[-121.929344196700953,47.630709919223307],[-121.930011462729752,47.630626166058178],[-121.930137203562737,47.630987255277084],[-121.92933868391485,47.630979805093396]]],[[[-121.927458905045839,47.631772056760859],[-121.927057797978591,47.631858284870958],[-121.927043065054434,47.632577979812289],[-121.926244521982539,47.632570507905342],[-121.926523600703874,47.631943266199166],[-121.925213004199279,47.630941223951034],[-121.925094676931437,47.630220282243343],[-121.925627014875587,47.630225269283265],[-121.926410781294308,47.630952440209661],[-121.927076213327553,47.630958666061808],[-121.927458905045839,47.631772056760859]]],[[[-121.929052291510047,47.631966901788708],[-121.928775081494862,47.632504187966084],[-121.92771219886221,47.632404278390737],[-121.927991259160592,47.631777032952002],[-121.928658540831805,47.63169328779518],[-121.929052291510047,47.631966901788708]]],[[[-121.928893464074122,47.633225126028215],[-121.928484991203305,47.633671206624555],[-121.927823205187707,47.633485064940025],[-121.927963658566682,47.63312646132114],[-121.928893464074122,47.633225126028215]]],[[[-121.931148695215555,47.633606077851049],[-121.931834330250268,47.632622694549688],[-121.932233602872387,47.632626411747104],[-121.931934422016923,47.634243249634785],[-121.931268947229441,47.634237051640731],[-121.931148695215555,47.633606077851049]]],[[[-121.926695822566643,47.636533809944737],[-121.928161769349842,47.636457537457204],[-121.928154409353425,47.636817384779746],[-121.926819711657885,47.636984864149888],[-121.926695822566643,47.636533809944737]]],[[[-121.922225799113434,47.640271018251688],[-121.922231350323898,47.640001133449886],[-121.922763787115684,47.640006134545722],[-121.922758238646338,47.640276019394534],[-121.922225799113434,47.640271018251688]]],[[[-121.923142777558709,47.640999461589729],[-121.922610330607981,47.640994462174525],[-121.922615879978594,47.640724577372787],[-121.923148324188119,47.640729576741009],[-121.923142777558709,47.640999461589729]]],[[[-121.92968259833097,47.646729336874962],[-121.928482619219878,47.646808113676968],[-121.928495499678903,47.646178381881356],[-121.929161125522441,47.646184597130464],[-121.930238986564291,47.645564801276045],[-121.930355578916036,47.646375698335412],[-121.92968259833097,47.646729336874962]]],[[[-121.925341347971326,47.650647820190862],[-121.925483711781069,47.650199259624507],[-121.926016252783867,47.650204246426682],[-121.92587204868029,47.650742769230831],[-121.925341347971326,47.650647820190862]]],[[[-121.92911217920927,47.655092042153179],[-121.928440918068375,47.655355710387376],[-121.928320656019039,47.654724735814206],[-121.929121376843142,47.65464223429511],[-121.92911217920927,47.655092042153179]]],[[[-121.930961558591761,47.655829120470642],[-121.931114905942906,47.65484078330757],[-121.931514347809568,47.654844504309295],[-121.931494157788535,47.655834082286233],[-121.930961558591761,47.655829120470642]]],[[[-121.926231227218096,47.659204134101216],[-121.926242295633884,47.65866436556454],[-121.926774922842768,47.65866934950914],[-121.926630701727163,47.659207872361712],[-121.926231227218096,47.659204134101216]]],[[[-121.923142690809897,47.660434886358459],[-121.922859712711954,47.661242037835279],[-121.922328911617114,47.661147074241221],[-121.922340021008694,47.66060730657945],[-121.923142690809897,47.660434886358459]]],[[[-121.926059322263811,47.661092077084497],[-121.926066702912451,47.66073223153851],[-121.926466189056825,47.660735970461658],[-121.926458811152372,47.661095816054512],[-121.926059322263811,47.661092077084497]]],[[[-121.929847502480342,47.664726620892736],[-121.92985485803338,47.664366775129942],[-121.930934925900175,47.66365701605158],[-121.932133453423162,47.663668178311944],[-121.932127948651328,47.663938062869811],[-121.930520715359137,47.66437298426824],[-121.930513364380701,47.664732830108832],[-121.929847502480342,47.664726620892736]]],[[[-121.930367325824946,47.665361318711838],[-121.930511526613714,47.664822791565292],[-121.930911044547472,47.664826515252081],[-121.930900021875061,47.665366284029986],[-121.930367325824946,47.665361318711838]]],[[[-121.925702549362256,47.665497689309831],[-121.925708087554796,47.665227805392334],[-121.92664030193977,47.665236530913027],[-121.927028759783553,47.665780036159752],[-121.925702549362256,47.665497689309831]]],[[[-121.922724588591592,47.667809207845544],[-121.922473042958941,47.667087017002721],[-121.923011307593711,47.666822135503971],[-121.923020561418895,47.666372329468992],[-121.923555116297479,47.666287367748289],[-121.923148186087445,47.666643463214569],[-121.923124128296109,47.667812958822466],[-121.922724588591592,47.667809207845544]]],[[[-121.930585893303515,47.667702798903413],[-121.929910798639028,47.668146396765202],[-121.928312626572747,47.668131478961783],[-121.928040737985796,47.668398874484325],[-121.927112154543821,47.668210237306248],[-121.926993725637203,47.667489301321048],[-121.927267458225415,47.667131946919689],[-121.927800171751528,47.667136926768173],[-121.928856395376442,47.667596685881911],[-121.929788652900811,47.667605386147471],[-121.930199222850675,47.667069344073759],[-121.93059875788677,47.667073068979569],[-121.930585893303515,47.667702798903413]]],[[[-121.92632413916499,47.667662993987875],[-121.926316758495233,47.668022839127474],[-121.924054538860844,47.667911666910108],[-121.924441140647005,47.668545141826911],[-121.923642049797692,47.668537647567746],[-121.923384937502604,47.668085342290958],[-121.923919509359777,47.668000379029358],[-121.924067482098891,47.667281938355252],[-121.92512736967268,47.667561809085782],[-121.925136605557228,47.667112002796664],[-121.925671164743605,47.66702703125889],[-121.925658240910579,47.667656760173116],[-121.92632413916499,47.667662993987875]]],[[[-121.924413413002341,47.669894559937411],[-121.924561384772588,47.6691761188493],[-121.92522360783056,47.669362281638982],[-121.924944306475865,47.669989514464817],[-121.924413413002341,47.669894559937411]]],[[[-121.931508971994162,47.668161292311666],[-121.931085547318133,47.669327068856965],[-121.928529269985944,47.67056292263505],[-121.928116812730224,47.671188919349767],[-121.927317680561274,47.671181450378775],[-121.928545843548008,47.669753270811874],[-121.931508971994162,47.668161292311666]]],[[[-121.919585325119286,47.671468807556067],[-121.920003454789708,47.67057295920246],[-121.920403015229937,47.670576719818165],[-121.920249414699484,47.671565038038629],[-121.919585325119286,47.671468807556067]]],[[[-121.926363216207861,47.672252264252229],[-121.926509323392494,47.671623782015843],[-121.926908892707232,47.671627520037909],[-121.926762790300884,47.672256002820014],[-121.926363216207861,47.672252264252229]]],[[[-121.924463413489633,47.673944061018936],[-121.923401550344821,47.673754144586539],[-121.922744833679872,47.673298087762745],[-121.923168477242385,47.672132344501243],[-121.924093416695257,47.672500936199626],[-121.924463413489633,47.673944061018936]]],[[[-121.929508290867943,47.674801049950148],[-121.930840271052091,47.674813470421604],[-121.9313602046212,47.675448163510161],[-121.928964452564884,47.675335844927289],[-121.928052326863451,47.674337563426022],[-121.927386343321615,47.674331338987479],[-121.926331843471644,47.673781604723324],[-121.926339225525467,47.673421759944858],[-121.927260522501854,47.673970248783547],[-121.929393496116546,47.673900194327359],[-121.929508290867943,47.674801049950148]]],[[[-121.925484649632082,47.676113112892153],[-121.926145117409334,47.676389231984949],[-121.926137733254123,47.676749076553534],[-121.925064719642961,47.677098941857977],[-121.923884386741975,47.676188092642633],[-121.923891786244653,47.675828248304626],[-121.924557788071226,47.675834493173092],[-121.923913983888326,47.674748715149263],[-121.925101676319699,47.67529971952257],[-121.925484649632082,47.676113112892153]]],[[[-121.917513066639373,47.675048413673849],[-121.918576792612185,47.675148423665092],[-121.918732294986313,47.674070147661737],[-121.9213813770793,47.674814911323054],[-121.921496035506678,47.675715773757709],[-121.923079625513111,47.67645047677216],[-121.923588377467709,47.677624970573021],[-121.924515265284384,47.677903598245123],[-121.924239606995272,47.678350905889843],[-121.921695703203071,47.678956873717176],[-121.920102775043901,47.678671956146147],[-121.919457172232725,47.677676115030607],[-121.91826018859139,47.677574856974857],[-121.917882898409388,47.676491557800077],[-121.918164179843231,47.675774382886026],[-121.917505623483891,47.675408257305214],[-121.917513066639373,47.675048413673849]],[[-121.920376614207868,47.678314619701041],[-121.92144041239834,47.678414603646871],[-121.922778036840228,47.678157235437304],[-121.922783592568564,47.677887352377134],[-121.92119439989861,47.677422528104785],[-121.921316477811331,47.677963546442832],[-121.92038218235065,47.678044736861537],[-121.920376614207868,47.678314619701041]],[[-121.919209342674648,47.676773996366173],[-121.920533945785252,47.677146380662286],[-121.919749581060699,47.676419170576928],[-121.918952229616607,47.676321681779022],[-121.919209342674648,47.676773996366173]]],[[[-121.928409550478918,47.676410404485914],[-121.928265294147479,47.676948927500199],[-121.927732480675843,47.676943949043022],[-121.927747227014024,47.676224259531132],[-121.928409550478918,47.676410404485914]]],[[[-121.885759511231143,47.558221037563236],[-121.88577858609905,47.557321419545659],[-121.88617728020651,47.557325292427251],[-121.886158212160581,47.558224910566118],[-121.885759511231143,47.558221037563236]]],[[[-121.885605625013014,47.559209325858689],[-121.885748065865471,47.558760808302928],[-121.886279672581054,47.558765972095891],[-121.886399228894277,47.559396995263199],[-121.885605625013014,47.559209325858689]]],[[[-121.886511162456699,47.560387865405424],[-121.886655505085699,47.55984938498348],[-121.887847837408032,47.56004091445152],[-121.887701602043677,47.560669358267418],[-121.886511162456699,47.560387865405424]]],[[[-121.885694649746455,47.561279737718884],[-121.885419292076364,47.561726963334117],[-121.884756655939512,47.561630541212075],[-121.8847662032112,47.561180732643791],[-121.885694649746455,47.561279737718884]]],[[[-121.891079331567852,47.564391258516849],[-121.891610996206779,47.564396398056836],[-121.891865443583868,47.56493873817773],[-121.891195159855769,47.565202200344231],[-121.890532468806938,47.565105811212327],[-121.891079331567852,47.564391258516849]]],[[[-121.893192724403193,47.565041535323139],[-121.893994019630966,47.564869305215815],[-121.893988337954838,47.565139191030667],[-121.893187038576954,47.565311421056833],[-121.893192724403193,47.565041535323139]]],[[[-121.889045641218331,47.566261160750798],[-121.888342963968228,47.568053955549203],[-121.887549222673186,47.56786629875527],[-121.886776457623881,47.56668905798486],[-121.887575893339772,47.566606834851726],[-121.888120908049885,47.565982258638002],[-121.889045641218331,47.566261160750798]]],[[[-121.890074795041102,47.567890768689438],[-121.889544997012777,47.567795659986544],[-121.889554505348812,47.567345851172824],[-121.890084298872907,47.567440959802497],[-121.890074795041102,47.567890768689438]]],[[[-121.888333445023648,47.568503764122404],[-121.88859168438384,47.568866187595816],[-121.886865535957398,47.568759466752724],[-121.886476290002051,47.568305787296474],[-121.888333445023648,47.568503764122404]]],[[[-121.892173137138542,47.56926075923041],[-121.892178828959118,47.56899087377586],[-121.892577612482654,47.568994725118976],[-121.892571922709976,47.569264610609714],[-121.892173137138542,47.56926075923041]]],[[[-121.893363808341775,47.569542194759443],[-121.89336949410162,47.569272309209651],[-121.89509945886428,47.569199008582252],[-121.895089997388311,47.56964881809283],[-121.893363808341775,47.569542194759443]]],[[[-121.898035211190859,47.568687373212391],[-121.898960045771773,47.56896619605746],[-121.89910805689901,47.568247775843403],[-121.899506835712756,47.568251603050804],[-121.899353175087711,47.569239909931163],[-121.900410956058238,47.569519996815131],[-121.90053070458076,47.570151005642401],[-121.901326409891766,47.570248611086598],[-121.901449933947802,47.570699694835106],[-121.900661752910537,47.570242241980139],[-121.899997096158103,47.570235869022895],[-121.899478564744712,47.569601033696671],[-121.896293925372944,47.56930048996945],[-121.896168558352926,47.568939362885686],[-121.897497837571493,47.568952149057885],[-121.898035211190859,47.568687373212391]]],[[[-121.886835033288449,47.570198853157521],[-121.886846472067262,47.569659083300003],[-121.887511118572888,47.569665532401345],[-121.887233825259926,47.570202723153137],[-121.886835033288449,47.570198853157521]]],[[[-121.890289332562688,47.570322308807221],[-121.890295034272484,47.570052423574822],[-121.890693825600138,47.57005628153194],[-121.890688125938311,47.570326166800584],[-121.890289332562688,47.570322308807221]]],[[[-121.889484138190468,47.570674435520829],[-121.889489844107146,47.57040455037869],[-121.889888637999135,47.570408411156677],[-121.889882934130483,47.570678296335096],[-121.889484138190468,47.570674435520829]]],[[[-121.889470824061348,47.571304167467524],[-121.889478432190586,47.570944320649694],[-121.889877230178655,47.570948181500228],[-121.889869624780189,47.571308028366445],[-121.889470824061348,47.571304167467524]]],[[[-121.899978256162271,47.571135489325705],[-121.899577570661151,47.571221625593346],[-121.900096118934727,47.571856460433139],[-121.89981328860037,47.57266356834068],[-121.899015663987967,47.572655914137499],[-121.898744130401255,47.572923247383088],[-121.897156430151682,47.572548070849287],[-121.895692231657236,47.572623961932109],[-121.89612129487422,47.571188410982224],[-121.89705183005276,47.571197363620961],[-121.897460072758193,47.570751388409782],[-121.898916673490888,47.571035322273154],[-121.899191967007482,47.570588064434112],[-121.899856628036389,47.570594442092201],[-121.899978256162271,47.571135489325705]],[[-121.897976703235713,47.5714761945897],[-121.89664358037335,47.571643337288819],[-121.896767067192101,47.572094425675161],[-121.897971040707702,47.571746080454233],[-121.897976703235713,47.5714761945897]],[[-121.898903472269126,47.571665056183974],[-121.898238797906899,47.571658672894827],[-121.898233136689313,47.571928558774481],[-121.898897814465187,47.571934942123619],[-121.898903472269126,47.571665056183974]]],[[[-121.904855539777344,47.57316172688698],[-121.904861167213937,47.57289184046666],[-121.905259982050893,47.572895647951334],[-121.905254356662624,47.573165534407437],[-121.904855539777344,47.57316172688698]]],[[[-121.88876428399297,47.573276886187685],[-121.88876999412777,47.573007001234416],[-121.889168807679852,47.573010864673762],[-121.889163099593347,47.573280749663354],[-121.88876428399297,47.573276886187685]]],[[[-121.893814059657942,47.573415682905967],[-121.893673540569125,47.57377424779596],[-121.89180478859646,47.574116126351015],[-121.892214996159879,47.573580208837555],[-121.893814059657942,47.573415682905967]]],[[[-121.900050902912497,47.574015548370966],[-121.900058439282489,47.57365570044032],[-121.900457259277871,47.573659524669779],[-121.900449725639092,47.574019372648344],[-121.900050902912497,47.574015548370966]]],[[[-121.8949991555194,47.573966987518013],[-121.892710717090893,47.575294617131327],[-121.892180839622029,47.575199520083707],[-121.893130404914444,47.574308887676636],[-121.894199618277042,47.574049261482962],[-121.894607907618166,47.57360329701816],[-121.896338013746231,47.573529978900027],[-121.896197511515652,47.573888547011933],[-121.8949991555194,47.573966987518013]]],[[[-121.889126946445927,47.574990020955553],[-121.888728117872276,47.574986157249988],[-121.888733828534441,47.574716272380819],[-121.889132655059583,47.57472013605009],[-121.889126946445927,47.574990020955553]]],[[[-121.901859406875374,47.576552319554729],[-121.900398869746184,47.576448345886533],[-121.899743558471386,47.575992161103599],[-121.89935980416972,47.57526863878617],[-121.899637001626189,47.574731418401775],[-121.900301715183261,47.574737793897661],[-121.900687361881069,47.575371351225542],[-121.901741510454684,47.575831350562986],[-121.901859406875374,47.576552319554729]]],[[[-121.893892053655577,47.576025856741751],[-121.894176887999976,47.575128803001554],[-121.894706768534604,47.575223890851397],[-121.894421942674114,47.576120945961861],[-121.893892053655577,47.576025856741751]]],[[[-121.888948326209743,47.577147811876486],[-121.889098402128994,47.576339445283622],[-121.889892276677244,47.576527092165122],[-121.88947821715702,47.577242923939366],[-121.888948326209743,47.577147811876486]]],[[[-121.898378244597808,47.577688675359482],[-121.898659238660741,47.576971533975353],[-121.89905808364702,47.576975363270044],[-121.898910045142415,47.577693782138091],[-121.898378244597808,47.577688675359482]]],[[[-121.898769548778517,47.578052353195901],[-121.898488550174363,47.578769494682604],[-121.898089691639143,47.578765663299123],[-121.898101018175012,47.578225892198965],[-121.898769548778517,47.578052353195901]]],[[[-121.90205442073858,47.573584845676884],[-121.90165936374602,47.573401102932301],[-121.901818637497797,47.57214290723779],[-121.902612495862954,47.572330466057778],[-121.902728517775699,47.573141396696016],[-121.90338194175942,47.573687526655277],[-121.903350007908955,47.575216881892196],[-121.904142041007262,47.575494392508716],[-121.904789880287083,47.576310400810549],[-121.905982654676592,47.576501744705503],[-121.907317745124118,47.576244532169795],[-121.907576153367117,47.576606913759576],[-121.908107944594832,47.576611977808],[-121.90864534463978,47.576347152793723],[-121.909564767247787,47.576895777898109],[-121.909559163192952,47.577165664552354],[-121.909160315361092,47.577161871760083],[-121.907973126060654,47.576700674203423],[-121.907965643115219,47.577060522894435],[-121.908755859376811,47.577427964150893],[-121.908750251060837,47.577697850707324],[-121.907548081463929,47.577956346072931],[-121.908070533147651,47.578411221136015],[-121.908049955301422,47.579400804715164],[-121.907518135844498,47.579395740175045],[-121.907130505325554,47.57885216747944],[-121.90741138673468,47.578135003891639],[-121.906478852037722,47.578216096432364],[-121.906458244339944,47.579205679520236],[-121.907218526368226,47.581012524751564],[-121.908269104544217,47.581652389184725],[-121.908256010574604,47.582282123894387],[-121.908911474206221,47.582738260757658],[-121.908900257007772,47.583278033383131],[-121.909550133141792,47.584004052959926],[-121.908196146753554,47.585160910218967],[-121.90726910560916,47.584972121990837],[-121.907280340240789,47.584432349818833],[-121.906748469960434,47.584427281308159],[-121.90662112302202,47.584156127748834],[-121.906637984356948,47.583346469530134],[-121.906107999536616,47.583251436112114],[-121.906250334546826,47.582802894068955],[-121.906915151742808,47.582809232046884],[-121.90692264339242,47.582449383844221],[-121.906134239437989,47.581991967736371],[-121.906035016575345,47.580371382724003],[-121.905254153670342,47.579554112477133],[-121.904722333157039,47.579549034962362],[-121.90475610819955,47.57792971812524],[-121.904235567378336,47.577384866141813],[-121.903175728746433,47.577194775505191],[-121.903183244545104,47.576834927398153],[-121.903582089098833,47.576838740953995],[-121.903600871127196,47.575939120463737],[-121.90293802092242,47.575842801928836],[-121.902419399553949,47.575207979783215],[-121.902700324737324,47.574490827643508],[-121.902037494508946,47.574394504039539],[-121.90205442073858,47.573584845676884]],[[-121.90516621487015,47.577393753821042],[-121.905171841543634,47.577123867572794],[-121.904243075965468,47.577025017919183],[-121.904235567378336,47.577384866141813],[-121.90516621487015,47.577393753821042]]],[[[-121.911525433299587,47.578534041676456],[-121.912321287121742,47.578631571866346],[-121.912830749210542,47.579716161463878],[-121.911645334245321,47.579165039143916],[-121.911525433299587,47.578534041676456]]],[[[-121.896879887476814,47.579383893459365],[-121.896887446990377,47.579024046250566],[-121.897687056235142,47.57894175419316],[-121.897544659303321,47.579390285401736],[-121.896879887476814,47.579383893459365]]],[[[-121.910175367458265,47.579511000420574],[-121.910180968806287,47.579241113821894],[-121.910710920972335,47.579336128220618],[-121.910705322329179,47.57960601486235],[-121.910175367458265,47.579511000420574]]],[[[-121.907769075514494,47.580117969726302],[-121.907909516386866,47.579759387325417],[-121.908441339595697,47.579764450079978],[-121.908431988898798,47.580214260768798],[-121.907769075514494,47.580117969726302]]],[[[-121.912946943441497,47.580527082115424],[-121.912952530744846,47.580257195316399],[-121.91348249837155,47.58035219701263],[-121.913476913773266,47.5806220838546],[-121.912946943441497,47.580527082115424]]],[[[-121.91343037228711,47.582871140355358],[-121.91385159646974,47.581795371492618],[-121.914250480114561,47.58179914824845],[-121.914095191933967,47.582877436726029],[-121.91343037228711,47.582871140355358]]],[[[-121.904381338508486,47.583144975112575],[-121.904388847610136,47.582785127235489],[-121.905049911912656,47.582971399981652],[-121.905044283461109,47.583241285942485],[-121.904381338508486,47.583144975112575]]],[[[-121.920359306810141,47.582216734681644],[-121.92070826347998,47.584649474976409],[-121.918994489501785,47.583913496518583],[-121.919278941171498,47.583016378611838],[-121.918346336310293,47.583097567041619],[-121.918235614082889,47.582016764328387],[-121.920359306810141,47.582216734681644]]],[[[-121.902096492518453,47.584292864781922],[-121.901433540026886,47.584196536866862],[-121.901577799711035,47.583658039165613],[-121.902240745699189,47.58375436620338],[-121.902096492518453,47.584292864781922]]],[[[-121.915661032430549,47.584331929046634],[-121.914883679357231,47.583334798691993],[-121.91541554000888,47.583339829395044],[-121.918047036707179,47.584714381340206],[-121.918041474718535,47.584984268383437],[-121.915661032430549,47.584331929046634]]],[[[-121.907246635362839,47.586051666175706],[-121.907254125590597,47.585691818137661],[-121.907786008770159,47.585696884404747],[-121.907645550466867,47.586055466154797],[-121.907246635362839,47.586051666175706]]],[[[-121.905628471411703,47.587115995789596],[-121.905643474460646,47.586396300212627],[-121.905257689005538,47.585762759626803],[-121.905918793789425,47.585949027593514],[-121.906034893251444,47.586759953635593],[-121.906430065528468,47.586943681810112],[-121.90642444338917,47.587213567707515],[-121.905628471411703,47.587115995789596]]],[[[-121.918530728978922,47.587058418494372],[-121.918536288856288,47.586788531505611],[-121.919467107439502,47.586797304457434],[-121.919592675659601,47.587158406560761],[-121.918530728978922,47.587058418494372]]],[[[-121.908014525150506,47.587498657043987],[-121.908022010494392,47.587138809005076],[-121.908553908468832,47.587143871827074],[-121.908546426769249,47.587503719929416],[-121.908014525150506,47.587498657043987]]],[[[-121.916124183145968,47.587665560345556],[-121.916002353001531,47.587124530155982],[-121.916665370563521,47.587220774311305],[-121.916656087886793,47.587670585639877],[-121.916124183145968,47.587665560345556]]],[[[-121.913732475165631,47.587552953827746],[-121.914251353581207,47.588187725515724],[-121.913848698590925,47.588363872720322],[-121.912389670766032,47.588170087025091],[-121.912011248845644,47.587176720061748],[-121.913732475165631,47.587552953827746]]],[[[-121.910640430851132,47.589143264120189],[-121.910522388415927,47.588422304533552],[-121.912513329571283,47.588621158555775],[-121.912365439286063,47.589339594552413],[-121.910234021232554,47.58949932255031],[-121.910640430851132,47.589143264120189]]],[[[-121.91448940354762,47.589539675521209],[-121.914478241031361,47.590079448503275],[-121.916864496802347,47.590461927021636],[-121.917278291992403,47.589745995879511],[-121.917178714425233,47.588125419838612],[-121.918377364832111,47.588046750056094],[-121.918126242805826,47.58732454325083],[-121.921297320201063,47.588344188532794],[-121.9208669459601,47.58986979609697],[-121.922198613196841,47.58979233777044],[-121.922473810454548,47.58934502470364],[-121.923530276766542,47.589714863950149],[-121.923251395635049,47.590342104412748],[-121.922322360059781,47.59024339929136],[-121.922049004186761,47.590600749503338],[-121.920449497993047,47.590765665203691],[-121.919235969329478,47.591564054406106],[-121.916570676673061,47.591808848135351],[-121.916166143656724,47.592074965393593],[-121.915104104739257,47.591974944948944],[-121.914984135559877,47.591343951927321],[-121.913931421116018,47.590794110019729],[-121.913942589533917,47.590254337202992],[-121.913015437279157,47.590065594712016],[-121.912758790004943,47.589613263278778],[-121.913565985748491,47.589171013222078],[-121.91448940354762,47.589539675521209]]],[[[-121.919729031089176,47.593458273407251],[-121.919741992539741,47.592828537536633],[-121.920403238727545,47.593014722889983],[-121.920257293629803,47.593643206995786],[-121.919729031089176,47.593458273407251]]],[[[-121.914797209526554,47.593951595567816],[-121.91493764118789,47.593593005327065],[-121.915600738200212,47.593689256161177],[-121.915458451760472,47.59413780936692],[-121.914797209526554,47.593951595567816]]],[[[-121.91345425241532,47.594568739353491],[-121.913459839856117,47.594298853172859],[-121.913858818458209,47.59430263203582],[-121.913853233068167,47.594572518251951],[-121.91345425241532,47.594568739353491]]],[[[-121.91922114992478,47.592283752577387],[-121.919318943863701,47.593994288486876],[-121.92141724115335,47.595453714286293],[-121.921936289582504,47.596088451688672],[-121.921784808554122,47.596986824298696],[-121.920460360611628,47.596704427363846],[-121.920081726722287,47.59571108680133],[-121.917972328401063,47.594791410005485],[-121.916138277384903,47.593424397898801],[-121.915759748140601,47.592431043341442],[-121.91922114992478,47.592283752577387]]],[[[-121.915438001875529,47.595127392647306],[-121.914640031796765,47.595119844420871],[-121.91451447964387,47.594758737508926],[-121.915709567956739,47.594860021134288],[-121.917026517353875,47.595502321060366],[-121.917020948017722,47.595772207502655],[-121.915827694691245,47.595580975261377],[-121.915438001875529,47.595127392647306]]],[[[-121.920013225837224,47.599039688563465],[-121.919481205287767,47.599034677937915],[-121.919490467442571,47.598584867085243],[-121.920153636180615,47.598681092076731],[-121.920013225837224,47.599039688563465]]],[[[-121.915886353119575,47.599180715805737],[-121.915869625125879,47.599990374265992],[-121.91626678928786,47.600084107141257],[-121.916255640933954,47.600623879443859],[-121.915594314452719,47.60043766978],[-121.914962756830448,47.598812063945346],[-121.915886353119575,47.599180715805737]]],[[[-121.919641637048954,47.604165025124956],[-121.920059209301215,47.603269161972136],[-121.920458256974882,47.603272918412713],[-121.92030487643818,47.604261249707207],[-121.919641637048954,47.604165025124956]]],[[[-121.920084822513857,47.608488214825421],[-121.919277380900795,47.608930507382972],[-121.918776782946637,47.607396138534192],[-121.920247479329035,47.607050074375962],[-121.920084822513857,47.608488214825421]]],[[[-121.92000332441738,47.612446542974645],[-121.92000888165974,47.612176657055024],[-121.920407997083743,47.61218041419788],[-121.920402441894083,47.612450300152801],[-121.92000332441738,47.612446542974645]]],[[[-121.913036261389379,47.627587237748109],[-121.913313605200855,47.627049990223007],[-121.91384404494255,47.627144993233905],[-121.913701647777472,47.627593540841424],[-121.913036261389379,47.627587237748109]]],[[[-121.910185808809246,47.636648085336738],[-121.909653408346855,47.636643026136227],[-121.909267215003254,47.636009501191374],[-121.909552130776561,47.635112419019052],[-121.910215741222018,47.635208704390536],[-121.910603810431425,47.63575226495005],[-121.910185808809246,47.636648085336738]]],[[[-121.894485750036395,47.636227918015976],[-121.895010556081687,47.636592890945835],[-121.896603960232085,47.636788186753343],[-121.896586912323855,47.63759783467102],[-121.897512948125524,47.637876675594995],[-121.897357129847578,47.638954926906074],[-121.896161076500036,47.63885344502539],[-121.895217960789935,47.639384240444805],[-121.894025699711122,47.639102814680804],[-121.894042788085599,47.638293167675393],[-121.89351797203841,47.637928190341789],[-121.893799369736698,47.637211071431238],[-121.89313956610944,47.636934769604679],[-121.893149066627899,47.636484965691274],[-121.893554061693564,47.63621893535371],[-121.894485750036395,47.636227918015976]]],[[[-121.909870951543283,47.638984549072354],[-121.909497843712344,47.63772129617449],[-121.909897152240049,47.637725091412307],[-121.91028149472298,47.638448575482457],[-121.910810173843103,47.638633554484372],[-121.910797084272403,47.639263283441437],[-121.909870951543283,47.638984549072354]]],[[[-121.903864251603466,47.63973712168989],[-121.903871779141156,47.639377277441874],[-121.904535432451979,47.639473595951721],[-121.90452602867154,47.639923401350252],[-121.903864251603466,47.63973712168989]]],[[[-121.908646766166271,47.640232615562468],[-121.908922350752377,47.639785341918149],[-121.909719127333915,47.639882896489922],[-121.909443548988705,47.640330172090813],[-121.908646766166271,47.640232615562468]]],[[[-121.919123447654329,47.642221366558992],[-121.919132726888549,47.641771559161732],[-121.919532067553007,47.641775321105172],[-121.919522791745493,47.64222512856135],[-121.919123447654329,47.642221366558992]]],[[[-121.890846206261728,47.64465081746895],[-121.890851919952595,47.64438093569926],[-121.891251276732078,47.644384796238263],[-121.891245565097464,47.644654678044233],[-121.890846206261728,47.64465081746895]]],[[[-121.897437825165568,47.647773644897221],[-121.897314165704273,47.64732256162408],[-121.898247944713916,47.647241554543967],[-121.898236592303547,47.647781319146006],[-121.897437825165568,47.647773644897221]]],[[[-121.917095427453688,47.656598857583909],[-121.916969718315983,47.656237755884767],[-121.917502319222748,47.656242782682668],[-121.917628032054679,47.656603883826804],[-121.917095427453688,47.656598857583909]]],[[[-121.917852729096111,47.665063999740362],[-121.917860167171767,47.664704155415897],[-121.918259682541873,47.664707923147539],[-121.918252247210987,47.665067767519218],[-121.917852729096111,47.665063999740362]]],[[[-121.917783920031383,47.668392558624795],[-121.917924539691228,47.668033970728949],[-121.91832408047955,47.668037738433668],[-121.918316644724698,47.668397582603141],[-121.917783920031383,47.668392558624795]]],[[[-121.916702705305312,47.675580635689897],[-121.916562056131539,47.675939221397485],[-121.915764718305141,47.67584171054191],[-121.915513232274279,47.675119505888489],[-121.916702705305312,47.675580635689897]]],[[[-121.865750995446248,47.549116828238475],[-121.866167088548664,47.548311118170936],[-121.866565711641542,47.548315058662382],[-121.866415377401111,47.549123397448462],[-121.865750995446248,47.549116828238475]]],[[[-121.877823578518331,47.550135402450287],[-121.877935333638874,47.55112628105077],[-121.877005159840948,47.551117176214596],[-121.877292060616725,47.550130200173818],[-121.877823578518331,47.550135402450287]]],[[[-121.865581230945651,47.550824778678809],[-121.865587055614881,47.550554894807348],[-121.865985695641427,47.550558837454375],[-121.865979873017963,47.550828721362876],[-121.865581230945651,47.550824778678809]]],[[[-121.862788792469757,47.550887102302944],[-121.862794631487617,47.550617218695557],[-121.863193271601133,47.550621171051958],[-121.86318743462904,47.550891054696471],[-121.862788792469757,47.550887102302944]]],[[[-121.875799602224447,47.551555266899854],[-121.875805374581745,47.551285382112773],[-121.876204021550805,47.551289289289436],[-121.876198251239373,47.55155917411323],[-121.875799602224447,47.551555266899854]]],[[[-121.857596675944322,47.551285400300998],[-121.857604496932026,47.550925556163001],[-121.858798469198746,47.551027424325611],[-121.85958599536788,47.551485160955082],[-121.859707167383931,47.55202624883912],[-121.857596675944322,47.551285400300998]]],[[[-121.876585363555037,47.552102849622379],[-121.876591131988746,47.551832964788467],[-121.876989783217752,47.551836869267824],[-121.876984016829979,47.5521067541384],[-121.876585363555037,47.552102849622379]]],[[[-121.868200103993132,47.552650264187022],[-121.868340737275204,47.552291730180585],[-121.868739390852255,47.552295663364589],[-121.868862595087435,47.552746780936545],[-121.868200103993132,47.552650264187022]]],[[[-121.884414103381104,47.552719155208948],[-121.885082351763543,47.552545692954297],[-121.885074718436172,47.552905540394889],[-121.884406465432775,47.553079002556814],[-121.884414103381104,47.552719155208948]]],[[[-121.87682421829183,47.553364915283581],[-121.877509790916719,47.552381842910947],[-121.878041331624701,47.55238704436325],[-121.878164616081833,47.552838152590752],[-121.87682421829183,47.553364915283581]]],[[[-121.873644557959423,47.552883827787468],[-121.873631062354704,47.55351355829319],[-121.873232398869348,47.553509642036119],[-121.873114941845216,47.552788644427601],[-121.873644557959423,47.552883827787468]]],[[[-121.866615179318686,47.552184709076137],[-121.866998317852989,47.552908338694692],[-121.867924644734856,47.553097447599185],[-121.868311682001604,47.553641150278878],[-121.869640561687945,47.553654256120296],[-121.869632822351164,47.554014101587875],[-121.868692917766452,47.554454735657892],[-121.868161357857872,47.554449490710482],[-121.868307807805095,47.553821072933538],[-121.867637551265844,47.554084398108337],[-121.866842156999923,47.553986561196069],[-121.866470654267133,47.552723163452818],[-121.865401744407663,47.552982534537072],[-121.865421164179025,47.552082921976329],[-121.866615179318686,47.552184709076137]]],[[[-121.859394545958594,47.554182671391452],[-121.859535243406398,47.553824148813852],[-121.86006679540229,47.553829433686715],[-121.859926101554052,47.554187956946286],[-121.859394545958594,47.554182671391452]]],[[[-121.861032103404298,47.552219376288377],[-121.861020406530571,47.552759143008032],[-121.862200795126171,47.553490703996566],[-121.864325048594253,47.553601740391947],[-121.86524749295036,47.553970793349244],[-121.865224184005257,47.555050327982464],[-121.86443072376747,47.554862513075101],[-121.86391666264683,47.554047597729955],[-121.86325221902942,47.554041013533791],[-121.863498542771239,47.554943259332681],[-121.864680958272103,47.5555848340477],[-121.865613149023886,47.555504078266694],[-121.865888640835379,47.555056900859583],[-121.867209798894308,47.555429880145262],[-121.867067209771022,47.555878373693552],[-121.865863402723264,47.556226396739639],[-121.864141610219562,47.555939415076097],[-121.861526615456526,47.553933915500814],[-121.861403471735827,47.553482790640793],[-121.860221143687625,47.552841182628129],[-121.860098013587944,47.552390056396362],[-121.861032103404298,47.552219376288377]]],[[[-121.87163967715334,47.553404001718384],[-121.874154905457019,47.553878623850281],[-121.874303208967831,47.55316023623341],[-121.874834756962613,47.553165452610259],[-121.875079350630898,47.554157636797058],[-121.877332709039592,47.554449659241826],[-121.877326943885436,47.554719544020585],[-121.874669124555268,47.554693494615549],[-121.874788532840469,47.555324529104539],[-121.874256963019832,47.555319312335598],[-121.873875634753915,47.554505744814165],[-121.871882280376894,47.554486153617631],[-121.870805628698648,47.55510542053463],[-121.867604599270052,47.555613740009598],[-121.868018779645354,47.554897985606729],[-121.869752168671042,47.554645140881817],[-121.870162444178234,47.554109301059384],[-121.871223625859884,47.554209731297775],[-121.87163967715334,47.553404001718384]]],[[[-121.885042275139668,47.554434891753964],[-121.885440947252164,47.554438767018482],[-121.885689561990347,47.555251006369609],[-121.886485012759366,47.555348712975629],[-121.886479294418578,47.555618598554467],[-121.883156953617018,47.555586291822394],[-121.881173127917421,47.555117053102649],[-121.881182703680281,47.554667244570432],[-121.882916025283407,47.554414200276966],[-121.885028915356287,47.555064624542531],[-121.885042275139668,47.554434891753964]]],[[[-121.872128754566816,47.555388382048555],[-121.872136477188107,47.555028536358236],[-121.872535152043469,47.555032456518532],[-121.872527432150534,47.555392302257957],[-121.872128754566816,47.555388382048555]]],[[[-121.875437595182973,47.556050738740858],[-121.875443370307067,47.555780854199824],[-121.875842051321683,47.555784762912062],[-121.875836278243952,47.556054647489816],[-121.875437595182973,47.556050738740858]]],[[[-121.879686383256924,47.556272283909891],[-121.879564996152936,47.555731215768674],[-121.880225631183464,47.555917628961588],[-121.880217963704069,47.55627747559388],[-121.879686383256924,47.556272283909891]]],[[[-121.88114822984511,47.556286555113608],[-121.88207849644219,47.556295627089582],[-121.882351939909441,47.555938370805016],[-121.882883517462972,47.555943550107784],[-121.883008763494914,47.55630469152181],[-121.88233854718915,47.556568102850733],[-121.881142483912754,47.556556440157628],[-121.88114822984511,47.556286555113608]]],[[[-121.884062374810057,47.556764850481052],[-121.884179990146833,47.557485837680957],[-121.88378129509239,47.557481957846832],[-121.883395980758706,47.55684834445767],[-121.885402788878991,47.556238003608073],[-121.885391340643892,47.556777774469801],[-121.884062374810057,47.556764850481052]]],[[[-121.867321363167306,47.556420766621713],[-121.867311668188108,47.556870572874367],[-121.867974210622393,47.556967095113443],[-121.867968396904359,47.557236978904506],[-121.867040057660603,47.557137831116897],[-121.866922678498156,47.556416828252466],[-121.867321363167306,47.556420766621713]]],[[[-121.862505997006622,47.557812792248669],[-121.861841506114501,47.557806199488425],[-121.861720299835454,47.557265114102911],[-121.860928769220749,47.556987313803617],[-121.861343051250159,47.556271584528616],[-121.861874628331407,47.556276861227133],[-121.862259677788145,47.556910544792366],[-121.863186057210683,47.557099692289349],[-121.862505997006622,47.557812792248669]]],[[[-121.880343192120222,47.556638619754906],[-121.880872860598259,47.556733770093579],[-121.880460756108363,47.55735961036477],[-121.880713139019392,47.557991936304084],[-121.879921494777463,47.557714266222618],[-121.880343192120222,47.556638619754906]]],[[[-121.876063586757866,47.557856482894515],[-121.876073207168503,47.557406675364433],[-121.876737696271022,47.557413185633294],[-121.876462283602251,47.557860389578885],[-121.876063586757866,47.557856482894515]]],[[[-121.870876669482186,47.557985492586113],[-121.87208048478287,47.557637417077459],[-121.872070830122425,47.55808722397245],[-121.870865071356619,47.558525260599012],[-121.870876669482186,47.557985492586113]]],[[[-121.876574026848687,47.55885126811468],[-121.876589412939296,47.558131576048339],[-121.878203413940966,47.557247571523604],[-121.8779222518246,47.557964663791793],[-121.877253911324615,47.558138083401033],[-121.877101788018365,47.559036397469626],[-121.876574026848687,47.55885126811468]]],[[[-121.883756452998782,47.558651460413266],[-121.883762185928902,47.55838157522777],[-121.884160887805365,47.558385455183412],[-121.884155156921921,47.558655340405352],[-121.883756452998782,47.558651460413266]]],[[[-121.879894648971913,47.558973728804986],[-121.879363041311819,47.558968535401455],[-121.879513207580359,47.558160179609075],[-121.880312523754341,47.558078006018278],[-121.880304856290309,47.558437852525074],[-121.880969359392495,47.558444338383801],[-121.880963612107792,47.558714223309323],[-121.880170038581113,47.558526516510383],[-121.879894648971913,47.558973728804986]]],[[[-121.882165465562807,47.558456003229651],[-121.883097682987213,47.55837510555574],[-121.882419787392166,47.558998363829616],[-121.882926534023852,47.560173044992105],[-121.88094062213105,47.559793762878506],[-121.881085019982066,47.55925528986689],[-121.882028736964699,47.55863463110164],[-121.88192071927719,47.55746383363293],[-121.882452312181371,47.557469015058963],[-121.882165465562807,47.558456003229651]]],[[[-121.875770844147681,47.559113338441961],[-121.875776618179259,47.558843454014863],[-121.876175322471894,47.558847361757614],[-121.876169550486992,47.559117246221447],[-121.875770844147681,47.559113338441961]]],[[[-121.878698531946497,47.558962040182756],[-121.878151559690494,47.559676533587528],[-121.877752848837247,47.559672632663336],[-121.877904963065177,47.558774317753112],[-121.878698531946497,47.558962040182756]]],[[[-121.872176698348852,47.559347990152347],[-121.872184421711822,47.558988144705694],[-121.873515366911391,47.55891124537262],[-121.873632841612618,47.559632241970476],[-121.872176698348852,47.559347990152347]]],[[[-121.875223830719705,47.559827817523754],[-121.875890274775585,47.559744371495817],[-121.875884501145663,47.560014255890835],[-121.875218053650357,47.560097701853131],[-121.875223830719705,47.559827817523754]]],[[[-121.872176698348852,47.559347990152347],[-121.872814194075062,47.560613982358937],[-121.872020622106476,47.560426219230834],[-121.871897373880557,47.559975105274802],[-121.870697370474346,47.560143255671441],[-121.870576067876286,47.55960217906626],[-121.871639292960637,47.559612644966833],[-121.871777990805896,47.5593440684789],[-121.872176698348852,47.559347990152347]]],[[[-121.878814158444598,47.559772993605975],[-121.879212870204057,47.559776890847047],[-121.879338099602634,47.560138035900195],[-121.878791123460843,47.56085253218199],[-121.877731713575827,47.560662209357446],[-121.878814158444598,47.559772993605975]]],[[[-121.883456242906831,47.560268183670125],[-121.883600616424403,47.559729707335116],[-121.884654301162882,47.560189861187993],[-121.8843674800451,47.561176854621159],[-121.883968756962545,47.56117297521272],[-121.883456242906831,47.560268183670125]]],[[[-121.879941258684681,47.563023297579754],[-121.879016631848287,47.562744322761532],[-121.879176410489762,47.561486160392775],[-121.880888889781517,47.562222726131786],[-121.883685739988408,47.561980043275234],[-121.885138203068308,47.562444073348743],[-121.886735041257282,47.562369604958896],[-121.886727416623444,47.562729451982378],[-121.887663512754742,47.562468594274904],[-121.888893956926566,47.560860877014107],[-121.889232036265668,47.557444900398799],[-121.887798712976675,47.556081303776288],[-121.889118154966525,47.556543993969456],[-121.889632632627638,47.557358799358084],[-121.88972751670326,47.559159324317278],[-121.889285071589555,47.561224586712818],[-121.887783093349981,47.563099615801491],[-121.885897516790763,47.564251057171226],[-121.88628291414625,47.564884662036633],[-121.885749337530982,47.564969459448299],[-121.88575887742013,47.564519650991258],[-121.885227212589356,47.564514484315168],[-121.884015679670441,47.565222543377637],[-121.883484008042743,47.565217368563957],[-121.883768957785406,47.564320339979318],[-121.882437888301567,47.564397357246484],[-121.882314541722678,47.563946253987801],[-121.881245478119638,47.564205771026664],[-121.880987312072094,47.563843331322815],[-121.879794919988271,47.563651730148358],[-121.879941258684681,47.563023297579754]],[[-121.881403293202538,47.563037567054302],[-121.881790542136002,47.563581225051834],[-121.88218928319634,47.563585112180043],[-121.882069768890048,47.562954085413459],[-121.883922895189244,47.563332055420744],[-121.884313993229199,47.56369578178807],[-121.885781772208276,47.563440110543816],[-121.885660306974586,47.562899048875174],[-121.884857106224999,47.563161182523444],[-121.883662803308496,47.563059583228871],[-121.883277450704909,47.562425969726704],[-121.881946428646501,47.562502981700469],[-121.881403293202538,47.563037567054302]]],[[[-121.8737348931936,47.561072929470299],[-121.873742606352863,47.560713083939582],[-121.874274230636857,47.560718303536603],[-121.87413361412176,47.561076844448081],[-121.8737348931936,47.561072929470299]]],[[[-121.874667168868939,47.560992100853689],[-121.875333628551871,47.56090865820611],[-121.875456908393261,47.561359768657212],[-121.874657535216201,47.561441907884237],[-121.874667168868939,47.560992100853689]]],[[[-121.877837721812512,47.561922970909876],[-121.877845407105937,47.561563124926394],[-121.876915048610627,47.56155401785982],[-121.877200089228779,47.560657005790333],[-121.877598807475067,47.560660908696633],[-121.877847328405949,47.56147316342684],[-121.878378961127495,47.561478364060989],[-121.878369359082953,47.561928171625475],[-121.877837721812512,47.561922970909876]]],[[[-121.868395372672509,47.562100131828807],[-121.868274089670493,47.561559053129308],[-121.868817342023164,47.561024530800417],[-121.869348968556551,47.561029773251605],[-121.869337353503695,47.561569540692389],[-121.868395372672509,47.562100131828807]]],[[[-121.870512253409814,47.562570901330695],[-121.870518055147826,47.562301017554958],[-121.870916784953067,47.562304943791332],[-121.870910985262142,47.56257482760396],[-121.870512253409814,47.562570901330695]]],[[[-121.87594427424429,47.563434093199419],[-121.876493240058878,47.562629649912125],[-121.877552684797053,47.562819984402068],[-121.877546919084068,47.563089868805434],[-121.87594427424429,47.563434093199419]]],[[[-121.865971939502955,47.56351587890429],[-121.866503590719248,47.563521134750452],[-121.866779118261988,47.563073956105477],[-121.867177853417886,47.563077895387558],[-121.866755833358752,47.564153489589231],[-121.866095144492476,47.563966998601124],[-121.865971939502955,47.56351587890429]]],[[[-121.878722010449437,47.564091146634063],[-121.878731610201825,47.563641339185729],[-121.879263265020441,47.563646535898989],[-121.879515662320884,47.56427886391986],[-121.878722010449437,47.564091146634063]]],[[[-121.876056017681876,47.564424971308078],[-121.876063715849895,47.564065125701973],[-121.876728289149412,47.564071636709819],[-121.876851587928243,47.56452274557568],[-121.876056017681876,47.564424971308078]]],[[[-121.872072418254092,47.56420590136841],[-121.871931776998366,47.564564439164336],[-121.871533029907852,47.56456051631649],[-121.871523368221915,47.565010322581188],[-121.871124617803702,47.565006398285902],[-121.87140784431945,47.56419936337057],[-121.872072418254092,47.56420590136841]]],[[[-121.872711898655197,47.5653819322836],[-121.872717689665478,47.565112048436411],[-121.873116441104031,47.565115967199979],[-121.873110652141122,47.565385851083995],[-121.872711898655197,47.5653819322836]]],[[[-121.881736927279192,47.566100148945829],[-121.88131326322889,47.5672657599182],[-121.883156972289299,47.568093550880633],[-121.883151234301735,47.568363435551333],[-121.882087827938591,47.568353074932212],[-121.881166928189828,47.567894193816933],[-121.880783488070591,47.567170610910608],[-121.880251797315822,47.567165420955149],[-121.880812236785758,47.5658211882321],[-121.883351090159053,47.565216074475529],[-121.883345353746279,47.565485959300126],[-121.881736927279192,47.566100148945829]]],[[[-121.870941432804983,47.567344081434378],[-121.870949166789401,47.566984236644785],[-121.871347932194155,47.566988161672484],[-121.871340200939869,47.567348006511246],[-121.870941432804983,47.567344081434378]]],[[[-121.876252574926781,47.567666185891014],[-121.876395119644073,47.567217681449101],[-121.877188809948606,47.567405415056768],[-121.87717534996743,47.568035144726295],[-121.876252574926781,47.567666185891014]]],[[[-121.878371672921091,47.568046850907912],[-121.878377435397454,47.567776966662706],[-121.878776207835728,47.567780865914308],[-121.878770447407078,47.568050750196157],[-121.878371672921091,47.568046850907912]]],[[[-121.884345656538045,47.568465041055781],[-121.884351388410209,47.568195156280105],[-121.884750164835438,47.568199034788151],[-121.884744435011015,47.568468919600264],[-121.884345656538045,47.568465041055781]]],[[[-121.877267896789789,47.56992563468917],[-121.877275588138545,47.569565789280333],[-121.87767437400457,47.569569692472783],[-121.87766668538633,47.569929537930498],[-121.877267896789789,47.56992563468917]]],[[[-121.876494423436256,47.643341429043552],[-121.876504068969325,47.642891628182049],[-121.87690341244722,47.642895538571715],[-121.876893770340885,47.643345339494445],[-121.876494423436256,47.643341429043552]]],[[[-121.871757889891825,47.646894104259609],[-121.871763702357953,47.64662422435412],[-121.872163073635321,47.646628151474332],[-121.872157263225645,47.646898031416725],[-121.871757889891825,47.646894104259609]]],[[[-121.87398619991464,47.648535620179153],[-121.873862741179707,47.648084513324953],[-121.874526446224195,47.64818100575782],[-121.874518714804424,47.648540845872532],[-121.87398619991464,47.648535620179153]]],[[[-121.87992891054769,47.650843271115853],[-121.879535279302871,47.650569490330803],[-121.879811167150805,47.650122289890845],[-121.880343699231673,47.650127488678045],[-121.880432606560333,47.65219787183603],[-121.880033191687716,47.652193973159768],[-121.87992891054769,47.650843271115853]]],[[[-121.879080045658313,47.653174431958071],[-121.878796431551294,47.65398147052278],[-121.878397003301544,47.653977566041036],[-121.878545556558805,47.653259187132321],[-121.879080045658313,47.653174431958071]]],[[[-121.879149652167243,47.656144415207677],[-121.879155428427126,47.65587453505502],[-121.879554871247024,47.655878437012809],[-121.879549097044602,47.656148317202181],[-121.879149652167243,47.656144415207677]]],[[[-121.870735397388714,47.66344016092107],[-121.870743158840583,47.663080322213503],[-121.871142655473179,47.663084253903627],[-121.871134896765639,47.663444092660455],[-121.870735397388714,47.66344016092107]]],[[[-121.873877214083251,47.665990448941734],[-121.873884954635002,47.665630610005941],[-121.874415709142326,47.665725797326893],[-121.874407972212566,47.666085636322272],[-121.873877214083251,47.665990448941734]]],[[[-121.872381306854876,47.667415414984241],[-121.872392933627268,47.66687565698399],[-121.872925634737967,47.666880891581762],[-121.872780836791136,47.667419341238201],[-121.872381306854876,47.667415414984241]]],[[[-121.864044333658825,47.671022295434788],[-121.864050190802431,47.670752417388641],[-121.864582929828288,47.67075769104072],[-121.864577075430148,47.67102756913642],[-121.864044333658825,47.671022295434788]]],[[[-121.862026994622198,47.671902089798536],[-121.862032862346794,47.671632211982811],[-121.862432423037774,47.671636174533347],[-121.862426557372345,47.671906052386298],[-121.862026994622198,47.671902089798536]]],[[[-121.86041307482904,47.672605899248531],[-121.860424827123467,47.672066143972941],[-121.860957578849266,47.672071434566782],[-121.860812642727566,47.672609867500363],[-121.86041307482904,47.672605899248531]]],[[[-121.861435535005299,47.674595581112861],[-121.86144140633273,47.674325703479845],[-121.861840987502589,47.674329668257855],[-121.861835118234637,47.674599545928118],[-121.861435535005299,47.674595581112861]]],[[[-121.860871427659347,47.67602963941448],[-121.861510018280953,47.677295678595002],[-121.860979171366282,47.677200430978999],[-121.859944921097778,47.675750500550379],[-121.860871427659347,47.67602963941448]]],[[[-121.857572553481191,47.680675723960611],[-121.857578445980423,47.680405846977692],[-121.857978073037515,47.680409825588335],[-121.857972182598417,47.68067970260865],[-121.857572553481191,47.680675723960611]]],[[[-121.800469421891322,47.521098368301736],[-121.800475574427693,47.520828489281044],[-121.801409285999043,47.520658290695629],[-121.801394941199973,47.52128800862365],[-121.800469421891322,47.521098368301736]]],[[[-121.804829432722045,47.522133687413238],[-121.804835563120676,47.521863808011659],[-121.805366781847539,47.521869343589579],[-121.805360654172134,47.522139223043169],[-121.804829432722045,47.522133687413238]]],[[[-121.80242870020875,47.522558545216732],[-121.802447128346969,47.521748907741618],[-121.803111149751857,47.521755840646094],[-121.802827119149114,47.52256270553795],[-121.80242870020875,47.522558545216732]]],[[[-121.804155182929748,47.522576563280786],[-121.804298211430762,47.522128149323166],[-121.804829432722045,47.522133687413238],[-121.80494997836611,47.522674830340428],[-121.804155182929748,47.522576563280786]]],[[[-121.814908483469353,47.522868164542594],[-121.814111637552315,47.522859926419002],[-121.813986941420254,47.522498712504962],[-121.814783781831522,47.522506951447951],[-121.814908483469353,47.522868164542594]]],[[[-121.811994841943786,47.52247809092988],[-121.812250300945095,47.522930642632708],[-121.810260220621984,47.5228200307862],[-121.810268357526169,47.522460190913449],[-121.811994841943786,47.52247809092988]]],[[[-121.794049551524381,47.523010615406001],[-121.794057799335874,47.522650777677001],[-121.794456217752085,47.522654967085103],[-121.794447972663889,47.523014804866584],[-121.794049551524381,47.523010615406001]]],[[[-121.807593881806937,47.523242240587983],[-121.808257923301568,47.523249143855637],[-121.80851335361713,47.523701703576101],[-121.807177100991964,47.524047735447937],[-121.807593881806937,47.523242240587983]]],[[[-121.805182904787358,47.524116954855614],[-121.805464865737576,47.523400043900246],[-121.80612890870907,47.523406959512435],[-121.806649940927301,47.523862288406598],[-121.806641778878941,47.524222127717643],[-121.805182904787358,47.524116954855614]]],[[[-121.810891726390594,47.524266278168056],[-121.810910025412269,47.523456638440578],[-121.811968434781676,47.5236475711582],[-121.811954214849919,47.524277291177249],[-121.8124753064657,47.524732594046583],[-121.811414841017481,47.524631625812106],[-121.810891726390594,47.524266278168056]]],[[[-121.800262773778954,47.524335526032708],[-121.80106168810731,47.524253900933893],[-121.801069888324605,47.52389406235762],[-121.801468317179229,47.523898227487287],[-121.801456020878831,47.524437985421038],[-121.800785814339704,47.524700921520591],[-121.800256619396208,47.52460540486657],[-121.800262773778954,47.524335526032708]]],[[[-121.789637951491656,47.524223869845059],[-121.788201907911713,47.523128929464356],[-121.786616522839111,47.522752239757551],[-121.786622746778249,47.522482362191148],[-121.787427871963246,47.522130954378675],[-121.78849030818111,47.522142184386396],[-121.789803870100243,47.522785923138748],[-121.791393412898998,47.522982650303561],[-121.791381013647751,47.523522406327068],[-121.793219694880023,47.524441582591486],[-121.794911202859296,47.525989050028393],[-121.794902959921046,47.526348887659893],[-121.794371698004142,47.526343303218141],[-121.794114315491626,47.525980672548009],[-121.79225697828538,47.525871144240817],[-121.791613570879335,47.524964554932289],[-121.789756275497766,47.524854986462685],[-121.789637951491656,47.524223869845059]]],[[[-121.814079193662451,47.524299287671447],[-121.813791259542711,47.52528610080855],[-121.813260004695081,47.525280603956027],[-121.813421224338327,47.524022537854378],[-121.814079193662451,47.524299287671447]]],[[[-121.826392553463933,47.526135611450428],[-121.826400580981939,47.525775769693908],[-121.826801033911451,47.525689886487129],[-121.826682263078837,47.525058804361258],[-121.827360368184799,47.524435873876577],[-121.827891617198659,47.524441305339749],[-121.828008397243863,47.525162346896671],[-121.826923819455715,47.52614104754273],[-121.826392553463933,47.526135611450428]]],[[[-121.805148172037832,47.525646270877843],[-121.80567330212979,47.525921684644004],[-121.805685555805837,47.525381926019662],[-121.80649468262763,47.524850464185675],[-121.807291556487286,47.524858755493632],[-121.808329603000971,47.52594932030015],[-121.809124457622261,47.52604755888013],[-121.808983495541511,47.52640601895645],[-121.807126107790111,47.526296731110655],[-121.80753882967295,47.525671156574781],[-121.807144466056045,47.52548709277896],[-121.806478355684433,47.525570142618726],[-121.806067663731611,47.526105753469373],[-121.804336974786395,47.526267682628806],[-121.804347197755533,47.525817884025308],[-121.805148172037832,47.525646270877843]]],[[[-121.788534042412067,47.526011834377258],[-121.789467883056133,47.525841734344979],[-121.789592417799142,47.526202973290573],[-121.788527827508005,47.526281711967599],[-121.788534042412067,47.526011834377258]]],[[[-121.800473014739197,47.526767214086732],[-121.801803232489377,47.526691140386149],[-121.801797085501136,47.526961019260703],[-121.800466860911314,47.527037092826369],[-121.800473014739197,47.526767214086732]]],[[[-121.822645509367291,47.527356934198949],[-121.822651549498275,47.527087053304179],[-121.82318282438473,47.527092506808089],[-121.823176786977797,47.527362387754089],[-121.822645509367291,47.527356934198949]]],[[[-121.823977725910439,47.527190642792746],[-121.826368469974142,47.527215136577688],[-121.826889716200355,47.527670375032741],[-121.824500961241469,47.527555931585255],[-121.823971692560292,47.527460523811108],[-121.823977725910439,47.527190642792746]]],[[[-121.812263284648523,47.528239657541846],[-121.811206815075465,47.527958766967458],[-121.80977225231446,47.526774132734324],[-121.810838858056727,47.526605236705478],[-121.811883107938968,47.527425890181739],[-121.812263284648523,47.528239657541846]]],[[[-121.818111465616226,47.528120120926971],[-121.819182112124352,47.527771227018093],[-121.819172015287492,47.528221027886673],[-121.818105401977448,47.528390001331914],[-121.818111465616226,47.528120120926971]]],[[[-121.809578362918984,47.529471549876639],[-121.808515770477328,47.529460513950333],[-121.808399249577405,47.52873945532604],[-121.807463376133413,47.528999669317486],[-121.80747357335008,47.52854987041696],[-121.809472007452328,47.528300692959341],[-121.809465899456868,47.528570572511931],[-121.810262830522802,47.528578843660874],[-121.809578362918984,47.529471549876639]]],[[[-121.825112821385062,47.529901706647905],[-121.825118849396503,47.529631825634524],[-121.825517325173053,47.529635907585082],[-121.825511299204919,47.529905788636817],[-121.825112821385062,47.529901706647905]]],[[[-121.830174218415664,47.529323586044299],[-121.832786797590927,47.531329788343974],[-121.832639991571057,47.531958160082574],[-121.831848996810606,47.53168016242843],[-121.83120683268335,47.530683829233105],[-121.830027387293171,47.529951954434743],[-121.828868003444271,47.528320462954696],[-121.830186222178355,47.528783822972393],[-121.830174218415664,47.529323586044299]]],[[[-121.827226002948279,47.530463223655232],[-121.827211962266205,47.5310929463825],[-121.826549824199518,47.530996191655433],[-121.825909777112599,47.529909869241493],[-121.827226002948279,47.530463223655232]]],[[[-121.82270383496919,47.530686827914572],[-121.822709875504671,47.530416947171567],[-121.823907331354832,47.530339253843252],[-121.823633629758646,47.530696370050286],[-121.82270383496919,47.530686827914572]]],[[[-121.818841732417141,47.53109701651028],[-121.818847792852665,47.530827136161669],[-121.819246276785336,47.53083123997822],[-121.819240218393247,47.531101120365371],[-121.818841732417141,47.53109701651028]]],[[[-121.823609485809087,47.531775893247328],[-121.823615521928417,47.531506012468078],[-121.824146841625563,47.531511461886872],[-121.824140808230965,47.531781342717316],[-121.823609485809087,47.531775893247328]]],[[[-121.820260475024412,47.533001220266854],[-121.819861974507944,47.532997119833567],[-121.819890233238368,47.53173767804897],[-121.821111918405791,47.530580492238634],[-121.822176552725878,47.530501451422126],[-121.821230633519633,47.531211579066785],[-121.820260475024412,47.533001220266854]]],[[[-121.823842960144731,47.533217982357087],[-121.823174763270345,47.533391088694565],[-121.823454519540249,47.532764093191403],[-121.823853018805877,47.532768181126869],[-121.823842960144731,47.533217982357087]]],[[[-121.819306406424928,47.534071171528453],[-121.819451358519601,47.533532778614649],[-121.819849863035216,47.533536880509423],[-121.81970491499861,47.53407527396174],[-121.819306406424928,47.534071171528453]]],[[[-121.826934266244791,47.531629991327456],[-121.828397404823718,47.531554968641039],[-121.828916708093288,47.532100158477739],[-121.829840525653026,47.532379531808921],[-121.830339845591752,47.533824319724062],[-121.828180394707303,47.53533194739493],[-121.827626975712093,47.536316079894412],[-121.825755132998239,47.536836812653583],[-121.824694396110615,47.536735965126525],[-121.824700427710582,47.536466084476757],[-121.825767185267068,47.536297051145027],[-121.82875182354411,47.533538168381931],[-121.828643030899471,47.532457286747182],[-121.828244533305309,47.532453215475243],[-121.828236516525777,47.532813057048216],[-121.82677133599536,47.53297803770397],[-121.826934266244791,47.531629991327456]]],[[[-121.822033504587495,47.536888624107931],[-121.821777895460627,47.53643609397303],[-121.823635675822558,47.536545147637966],[-121.823891301527141,47.536997673765399],[-121.822033504587495,47.536888624107931]]],[[[-121.835516476354613,47.534056965983375],[-121.835831349474489,47.537839356686995],[-121.836459752499053,47.539465388130402],[-121.837647454076986,47.539837355836994],[-121.839110808492947,47.539762198367505],[-121.839233730503409,47.540213346328642],[-121.838432640273254,47.540385196206223],[-121.836580660622985,47.540006499301683],[-121.835010354813363,47.538910788266925],[-121.835355749407995,47.535315065225937],[-121.834699522444183,47.53494847532869],[-121.834578644375256,47.534407361968704],[-121.835117965665262,47.534052918491739],[-121.835516476354613,47.534056965983375]]],[[[-121.821324927823923,47.538860921075333],[-121.821335010006862,47.538411120696637],[-121.822134108636604,47.538329350536664],[-121.822126048400477,47.538689190951096],[-121.821324927823923,47.538860921075333]]],[[[-121.830346633348285,47.539493179738379],[-121.830352636524324,47.539223298673299],[-121.830751185714846,47.539227363054977],[-121.830745184583179,47.539497244158227],[-121.830346633348285,47.539493179738379]]],[[[-121.848561017930223,47.539047649443376],[-121.849748798033588,47.539419492476966],[-121.849604138106514,47.539957925616619],[-121.849072728276951,47.53995259342382],[-121.849324652613589,47.540584986443356],[-121.84998892297115,47.540591649907164],[-121.850268400608613,47.539964587395737],[-121.851061584578133,47.540152498459221],[-121.850381584655366,47.540865529052184],[-121.850363882204277,47.541675177711646],[-121.849693693675377,47.541938399102769],[-121.849550994207348,47.542386870959042],[-121.848488125629473,47.542376203209685],[-121.848095462790099,47.542102317640044],[-121.847595579160398,47.540657604320096],[-121.847198989076773,47.540563637509877],[-121.847349591419714,47.539755325017403],[-121.847748147041273,47.539759330368305],[-121.847728433315538,47.540658939325006],[-121.848261820538852,47.54057431690029],[-121.848561017930223,47.539047649443376]]],[[[-121.845166665274505,47.542342803019793],[-121.843715116589635,47.541878272778163],[-121.843068646613233,47.541061926293168],[-121.84346721153635,47.541065946603474],[-121.844379401973228,47.54188496886804],[-121.844910830453003,47.541890322970268],[-121.845166665274505,47.542342803019793]]],[[[-121.836665744600296,47.542166899789848],[-121.835985524471027,47.542879842880566],[-121.835586946855415,47.54287579645473],[-121.835594916158001,47.542515954573517],[-121.836665744600296,47.542166899789848]]],[[[-121.846451826138178,47.544335312373107],[-121.846053236014711,47.544331302227569],[-121.84567637283358,47.543337722194536],[-121.844615463413973,47.543237057629334],[-121.844625347914061,47.542787253865527],[-121.847560087951166,47.542276899993901],[-121.848472363409201,47.543095890244118],[-121.848462511710437,47.543545694592524],[-121.84686817454832,47.54352967385136],[-121.846451826138178,47.544335312373107]]],[[[-121.842325142010992,47.544653650044587],[-121.840994519275128,47.544730190245858],[-121.84100641843618,47.54419042655605],[-121.842331084789265,47.544383768075811],[-121.842325142010992,47.544653650044587]]],[[[-121.845351379758426,47.546033869679043],[-121.845095525962606,47.545581390163051],[-121.846422217186671,47.545684724055619],[-121.846547188812934,47.546045903601623],[-121.845351379758426,47.546033869679043]]],[[[-121.842471870773153,47.544025266595291],[-121.8427514567354,47.543398223688847],[-121.843280920983375,47.543493546165728],[-121.843401907942152,47.544034650443159],[-121.844197105336463,47.544132648462345],[-121.844183261188959,47.544762373477802],[-121.843374200223892,47.545294100069874],[-121.843491233886098,47.546015125467029],[-121.843092631444236,47.546011104925888],[-121.842949864119163,47.546459567683328],[-121.842941944055042,47.546819410253143],[-121.843858181456156,47.547458515348751],[-121.843971269294954,47.548359461379803],[-121.84304511535926,47.548170160267929],[-121.842928083572488,47.547449134693338],[-121.842263728229867,47.547442429608154],[-121.842293445730547,47.546093020319603],[-121.843390033436506,47.544574414604433],[-121.843399928881894,47.544124611140418],[-121.842471870773153,47.544025266595291]]],[[[-121.855746128383828,47.55081704826366],[-121.855752003543117,47.550547165314441],[-121.856820909633171,47.550287884053169],[-121.856672376398436,47.551006247482157],[-121.855746128383828,47.55081704826366]]],[[[-121.855206770332913,47.551171587464466],[-121.85521264833406,47.550901704582827],[-121.855611289553025,47.550905683309423],[-121.855605413597658,47.551175566228444],[-121.855206770332913,47.551171587464466]]],[[[-121.854004956828689,47.551429525616825],[-121.852939940526738,47.551508858507155],[-121.852951719857401,47.550969093190218],[-121.853618084315244,47.550885775823552],[-121.855333774006738,47.551442796753832],[-121.855325937333603,47.551802640574188],[-121.854258954210138,47.551971946597774],[-121.854004956828689,47.551429525616825]]],[[[-121.848255570744072,47.552991577361929],[-121.848011489542941,47.551999340085615],[-121.848543020945115,47.552004678210714],[-121.849050913013116,47.553089542789586],[-121.848255570744072,47.552991577361929]]],[[[-121.844134151046916,47.553040092083293],[-121.845464980484792,47.552963517297826],[-121.845459052012544,47.553233399159268],[-121.844128215725945,47.553309973814521],[-121.844134151046916,47.553040092083293]]],[[[-121.858730101677693,47.554176060984275],[-121.85819854642385,47.554170769887627],[-121.857809655540777,47.553716994967751],[-121.858216135938335,47.553361120783272],[-121.858094976474334,47.552820031550297],[-121.858493632641782,47.552824000379076],[-121.858483863342471,47.553273805537614],[-121.859007597605682,47.553638939403605],[-121.858730101677693,47.554176060984275]]],[[[-121.842656565818103,47.553745034101802],[-121.842664489755151,47.553385192004804],[-121.84319603417002,47.553390555026716],[-121.843055226842836,47.553749056649522],[-121.842656565818103,47.553745034101802]]],[[[-121.841853296882647,47.55400686633169],[-121.842654584809793,47.553834994622349],[-121.842646660680245,47.554194836689732],[-121.841845367219875,47.554366708286395],[-121.841853296882647,47.55400686633169]]],[[[-121.843836717184502,47.554476782013886],[-121.843977521239765,47.5541182794477],[-121.844509073314128,47.554123636446519],[-121.84436827285792,47.554482139695551],[-121.843836717184502,47.554476782013886]]],[[[-121.857774462781876,47.555336292726381],[-121.857786194043499,47.554796526860073],[-121.858448691899667,47.5548931038023],[-121.858306029744185,47.555341585885792],[-121.857774462781876,47.555336292726381]]],[[[-121.854588985574537,47.555124560293997],[-121.854315358915997,47.555481748879217],[-121.853654823983533,47.555295187225596],[-121.853930415897565,47.554848039374974],[-121.854588985574537,47.555124560293997]]],[[[-121.852189089273978,47.555460487436072],[-121.85206405756341,47.555099314108979],[-121.852859439242351,47.555197253414043],[-121.852982513198867,47.555648386734227],[-121.852189089273978,47.555460487436072]]],[[[-121.853597913652862,47.557904051095377],[-121.853603801300352,47.557634168683776],[-121.854002493357953,47.557638153425593],[-121.853996607756983,47.557908035874604],[-121.853597913652862,47.557904051095377]]],[[[-121.849811339424051,47.670070675845245],[-121.849952427934369,47.669712175314956],[-121.850351972286319,47.669716179812077],[-121.850210886492391,47.670074680856224],[-121.849811339424051,47.670070675845245]]],[[[-121.850590679003261,47.670978273802916],[-121.850596605497429,47.670708397020412],[-121.850996157543179,47.670712399337077],[-121.850990233108064,47.670982276157183],[-121.850590679003261,47.670978273802916]]],[[[-121.834401163364845,47.686111302510426],[-121.83412469410942,47.686558386075788],[-121.833591799912924,47.686552969661861],[-121.833611857604083,47.685653388190453],[-121.834144742641968,47.685658804434674],[-121.834401163364845,47.686111302510426]]],[[[-121.843032788620704,47.687458369078385],[-121.843038757521029,47.687188493792306],[-121.843438434346481,47.6871925234705],[-121.843432467507029,47.687462398794452],[-121.843032788620704,47.687458369078385]]],[[[-121.830546249969998,47.691650741386567],[-121.830651328802062,47.692911510746484],[-121.830251610094109,47.692907436163281],[-121.830261670014579,47.692457646481941],[-121.829732742187332,47.692272295775062],[-121.829884093351779,47.691464033281612],[-121.831494982951355,47.690940580019458],[-121.831212431930567,47.691657529740631],[-121.830546249969998,47.691650741386567]]],[[[-121.837221315948952,47.697117289190579],[-121.837364566880552,47.696668849049857],[-121.837764315346575,47.696672899094949],[-121.837752319060897,47.69721264775022],[-121.837221315948952,47.697117289190579]]],[[[-121.820803165044907,47.698209422686311],[-121.820809250903707,47.697939550046165],[-121.821209006718917,47.697943657845592],[-121.821202922922083,47.698213530524356],[-121.820803165044907,47.698209422686311]]],[[[-121.832652645066347,47.69878048608323],[-121.832797947904325,47.698242094214955],[-121.833197707747033,47.698246160268894],[-121.833052409003898,47.698784552677708],[-121.832652645066347,47.69878048608323]]],[[[-121.81892747012698,47.69864002176859],[-121.818933565756794,47.698370149331033],[-121.819333324593558,47.698374263692564],[-121.819327231025781,47.698644136168802],[-121.81892747012698,47.69864002176859]]]]}}
]
}
